task_id,priority,category,description,status,evidence_file,notes
R32-P0-031,P0,Manifest,空对象集也必须有 canonical digest,DONE,/home/shw/quant_projects/dataaccess/snapshot/source_snapshot.py,"Lines 201-230: content_digest_of_objects() correctly handles empty set with canonical sha256 hash of empty JSON array []"
R32-P0-032,P0,Manifest,Manifest 0-byte object 不得被 falsy 运算吃掉,DONE,/home/shw/quant_projects/dataaccess/snapshot/resolver.py,"Lines 301-307: Uses explicit key presence check 'if ""size"" in entry' instead of falsy 'or' operation, correctly preserves 0-byte files"
R32-P0-033,P0,Manifest,Manifest schema version 必须真正 compatibility gate,DONE,/home/shw/quant_projects/dataaccess/snapshot/resolver.py,"Lines 40-67: _validate_manifest_version() with explicit allowlist {""1.0"", ""1.1"", ""1""}, unknown versions fail-closed. Lines 232-240: strict validation enforced"
R32-P0-034,P0,Manifest,published_at 必须严格 timezone-aware timestamp,DONE,/home/shw/quant_projects/dataaccess/snapshot/resolver.py,"Lines 69-109: _validate_published_at() validates ISO 8601, requires timezone, checks future skew (>55min threshold), validates format"
R32-P0-035,P0,Manifest,Publisher authority 与 Object identity 分离,DONE,/home/shw/quant_projects/dataaccess/snapshot/source_snapshot.py,"Lines 74-116: ObjectIdentity.identity property separates publisher authority from content proof. Priority: checksum > etag/version_id > mtime_ns"
R32-P0-036,P0,Manifest,禁止通过字符 common prefix 推导 dataset boundary,DONE,/home/shw/quant_projects/dataaccess/snapshot/resolver.py,"Lines 632-652: _uri_is_within() uses bucket+path-segment boundaries instead of string prefix. Lines 585-593: boundary validation enforced in resolve()"
R32-P0-037,P0,Manifest,resolve_source_snapshot helper 必须带 canonical FileSelector,DONE,/home/shw/quant_projects/dataaccess/snapshot/resolver.py,"Lines 406-414: SourceSnapshotResolver.__init__() accepts file_selector parameter. Lines 496-504: FileSelector used for filtering exact objects"
R32-P0-038,P0,Manifest,ResolvedSourceSnapshot digest 必须覆盖本地 mtime/checksum identity,DONE,/home/shw/quant_projects/dataaccess/snapshot/source_snapshot.py,"Lines 201-230: content_digest_of_objects() includes mtime_ns in identity tuple (line 222), covers local file replacements"
R32-P0-039,P0,Manifest,ObjectIdentity 正式建模 checksum/content hash,DONE,/home/shw/quant_projects/dataaccess/snapshot/source_snapshot.py,"Lines 19-43: ObjectIdentity dataclass with kind/algorithm/value/size fields. Lines 74-116: identity property extracts from available fields"
R32-P0-040,P0,Manifest,ResolvedSourceSnapshot.total_bytes 区分 unknown 与 0,DONE,/home/shw/quant_projects/dataaccess/snapshot/source_snapshot.py,"Lines 165-175: total_bytes property returns None if any object has content_length=None, distinguishes unknown from 0-byte"
R32-P0-041,P0,Snapshot,legacy DataSnapshot 与 ResolvedSourceSnapshot 收敛,PARTIAL,/home/shw/quant_projects/dataaccess/snapshot/source_snapshot.py,"ResolvedSourceSnapshot exists and is canonical. Need to audit read_contract.py for legacy DataSnapshot/FileVersion usage and migration status"
R32-P0-042,P0,Snapshot,DataSnapshot 禁止混入 build SHA,NOT_VERIFIED,N/A,"Need to check if build SHA is excluded from SourceSnapshot identity. Should be in ExecutionIdentity instead"
R32-P0-043,P0,Snapshot,build_data_snapshot / rebuild_snapshot_files identity 算法必须完全一致,NOT_VERIFIED,N/A,"Need to find and audit snapshot builder/encoder implementation for consistency"
R32-P0-044,P0,Credentials,read_contract remote HEAD 必须传 STS session_token,NOT_VERIFIED,/home/shw/quant_projects/dataaccess/security/credentials.py,"Lines 89-133: EnvCredentialProvider extracts session_token. Need to verify boto3 client instantiation uses aws_session_token parameter"
R32-P0-045,P0,Credentials,remote metadata cache 必须 security/credential scoped,NOT_VERIFIED,N/A,"Need to audit remote metadata cache implementation for credential_scope_id, credential_generation, and principal scoping"
R32-P0-046,P0,Credentials,remote metadata cache bounded + typed negative cache,NOT_VERIFIED,N/A,"Need to find remote metadata cache and verify max_entries, LRU, TTL for success/NotFound, and credential generation boundary"
R32-P0-047,P0,Credentials,CredentialLease 真正使用 expires_at,NOT_VERIFIED,/home/shw/quant_projects/dataaccess/security/credentials.py,"Lines 53-77: CredentialMaterial has expires_at field. Need to find CredentialLease implementation and verify expiry checks before query"
R32-P0-048,P0,Credentials,EnvCredentialProvider 按 credential family 原子解析,PARTIAL,/home/shw/quant_projects/dataaccess/security/credentials.py,"Lines 94-133: EnvCredentialProvider resolves access/secret/token. Uses next() with generator - ISSUE: searches independently for access_key and secret_key, could mix families. Should try complete families atomically"
R32-P0-049,P0,Resolution,PhysicalResolutionContext 失败不得折叠成共享空字符串,DONE,/home/shw/quant_projects/dataaccess/read/read_session.py,"Lines 68-135: from_store() returns UNKNOWN_UNSHAREABLE with unique time_ns ID on failure in research mode, fails in production strict mode"
R32-P0-050,P0,Resolution,_ResolutionCache.clear() 必须同时清 context memo,DONE,/home/shw/quant_projects/dataaccess/read/read_session.py,"Lines 179-182: clear() method calls super().clear() and self._memo.clear(), ensures fresh context after mutations"
R32-P0-051,P0,Session,DataReadSession 使用显式状态机 + ExitStack,DONE,/home/shw/quant_projects/dataaccess/read/read_session.py,"Lines 41-46: SessionState enum (NEW/ACTIVE/CLOSED). Lines 223-292: __enter__ uses ExitStack to register cleanups, state machine prevents double-enter"
R32-P0-052,P0,Session,DataReadSession critical cleanup 失败不能静默,DONE,/home/shw/quant_projects/dataaccess/read/read_session.py,"Lines 294-334: __exit__ tracks cleanup errors, logs critical failures, emits telemetry, surfaces errors in production strict mode"
R32-P0-053,P0,Cache,SourceBlock cache identity 必须由 PreparedRead 自动产生,NOT_VERIFIED,N/A,"Need to audit PreparedRead/SourceBlock cache implementation to verify automatic cache key generation includes all required dimensions"
R32-P0-054,P0,Cache,SourceBlock cache 必须 lease/refcount exactly-once,NOT_VERIFIED,N/A,"Need to find SourceBlock cache implementation and verify refcount/lease lifecycle management"
R32-P0-055,P0,Cache,SourceBlock/PreparedRead concurrent miss 使用 singleflight,NOT_VERIFIED,N/A,"Need to verify singleflight pattern implementation for concurrent identical requests"
R32-P0-056,P0,Cache,Query result cache 先授权，再 lookup,NOT_VERIFIED,N/A,"Need to audit query cache to verify authorization happens before cache lookup, cannot bypass dataset authorization"
R32-P0-057,P0,Cache,Query cache key 必须 security/policy/source scoped,PARTIAL,/home/shw/quant_projects/dataaccess/read/query_cache.py,"Lines 74-75: meta includes security_digest. Lines 182,192: CachedReadResult includes security_digest, principal_id. Need to verify cache key construction includes all security/policy dimensions"
R32-P0-058,P0,Cache,Cache hit 也必须产生 lineage/audit/provenance,DONE,/home/shw/quant_projects/dataaccess/read/query_cache.py,"Lines 88-103: get_entry() returns (value, meta) with provenance. Lines 179-221: CachedReadResult preserves original_snapshot_id, security_digest, principal_id, source_generation, cache_provenance for audit/lineage recovery on cache hit"
R32-P0-059,P0,Session,DataReadSession/R30 session 只保留一个 canonical session,PARTIAL,/home/shw/quant_projects/dataaccess/read/read_session.py,"DataReadSession exists in read/read_session.py as canonical session. Need to verify r30 session is deprecated alias-only and migration complete"
R32-P0-060,P0,IR,CompiledDataRequest 只接受 canonical immutable IR,DONE,/home/shw/quant_projects/dataaccess/read/data_request.py,"Lines 52-114: CompiledDataRequest frozen dataclass. Lines 117-150: _immutable() deep freezes nested structures (dict→MappingProxyType, list→tuple). Lines 220-284: compile_data_request() freezes all filters/joins/params/transforms/aggregations. Mutable objects rejected by frozen container"
R32-P0-061,P0,IR,ReadPlanIR 与 Executor 分离,DONE,/home/shw/quant_projects/dataaccess/read/data_request.py,"Lines 385-430: ReadPlan is frozen dataclass with compiled IR. Line 429: _store field holds execution capability (repr=False, separate). Lines 413-415: physical plan and compiled IR are separate fields. Line 478: explain() reads IR only"
R32-P0-062,P0,IR,ReadPlan 所有 nested values 必须 deep frozen,DONE,/home/shw/quant_projects/dataaccess/read/data_request.py,"Lines 431-467: __post_init__ freezes all nested values: scan_costs→MappingProxyType, join_specs_effective→MappingProxyType, plan_snapshot_tokens→MappingProxyType with _freeze_token, plan_pinned_files→tuple. Lines 192-200: _freeze_token recursively freezes nested structures"
