canonical,lane
calendar_day_diff,DIAGNOSTIC_RESEARCH
cs_autoencoder_reconstruction_error,DIAGNOSTIC_RESEARCH
cs_hartigan_dip,DIAGNOSTIC_RESEARCH
cs_huber_resid,DIAGNOSTIC_RESEARCH
cs_knn_distance,DIAGNOSTIC_RESEARCH
cs_knn_graph_dirichlet_energy,DIAGNOSTIC_RESEARCH
cs_knn_local_gradient_norm,DIAGNOSTIC_RESEARCH
cs_knn_local_linear_residual,DIAGNOSTIC_RESEARCH
cs_knn_local_moran,DIAGNOSTIC_RESEARCH
cs_knn_neighbor_retention,DIAGNOSTIC_RESEARCH
cs_knn_peer_mean_ex_self,DIAGNOSTIC_RESEARCH
cs_knn_tangent_residual,DIAGNOSTIC_RESEARCH
cs_multi_resid,DIAGNOSTIC_RESEARCH
cs_multi_ridge_resid,DIAGNOSTIC_RESEARCH
cs_neutralize,DIAGNOSTIC_RESEARCH
cs_physical_panel_coverage,DIAGNOSTIC_RESEARCH
cs_quantile,DIAGNOSTIC_RESEARCH
cs_quantile_resid,DIAGNOSTIC_RESEARCH
cs_regression,DIAGNOSTIC_RESEARCH
cs_ridge_resid,DIAGNOSTIC_RESEARCH
cs_universe_coverage,DIAGNOSTIC_RESEARCH
cs_wls_resid,DIAGNOSTIC_RESEARCH
directional_change_extent,DIAGNOSTIC_RESEARCH
directional_change_state,DIAGNOSTIC_RESEARCH
dollar_volume,DIAGNOSTIC_RESEARCH
dollar_volume_zscore,DIAGNOSTIC_RESEARCH
fin_period_restated,DIAGNOSTIC_RESEARCH
fin_restated_flag,DIAGNOSTIC_RESEARCH
fiscal_ar_resid_std,DIAGNOSTIC_RESEARCH
fiscal_asymmetric_elasticity,DIAGNOSTIC_RESEARCH
fiscal_regression_resid_std,DIAGNOSTIC_RESEARCH
group_ex_self_quantile,DIAGNOSTIC_RESEARCH
group_quantile_spread,DIAGNOSTIC_RESEARCH
group_wasserstein_barycenter_distance,DIAGNOSTIC_RESEARCH
industry_rolling_pca_loading,FAST_NATIVE_ALPHA
intra_bar_range_deviation,DIAGNOSTIC_RESEARCH
intra_bar_range_persistence,DIAGNOSTIC_RESEARCH
intra_extreme_bar_return,DIAGNOSTIC_RESEARCH
intra_market_model_r2,DIAGNOSTIC_RESEARCH
intra_market_model_r2_ex_self,DIAGNOSTIC_RESEARCH
intraday_profile_pca_residual,FAST_NATIVE_ALPHA
intraday_quantile_curve_pca_residual,FAST_NATIVE_ALPHA
intraday_quantile_curve_pca_score,FAST_NATIVE_ALPHA
panel_mixture_of_experts_score,MODEL_FEATURE_SCORE
panel_regime_conditioned_forecast,MODEL_FEATURE_SCORE
panel_rolling_elastic_net_forecast,MODEL_FEATURE_SCORE
panel_rolling_pca_explained_ratio,FAST_NATIVE_ALPHA
panel_rolling_pca_loading,FAST_NATIVE_ALPHA
panel_rolling_pca_resid,FAST_NATIVE_ALPHA
panel_rolling_pca_resid_momentum,FAST_NATIVE_ALPHA
panel_rolling_pca_resid_vol,FAST_NATIVE_ALPHA
panel_rolling_pcr_forecast,MODEL_FEATURE_SCORE
panel_rolling_pls_forecast,MODEL_FEATURE_SCORE
pattern_bear_flag,DIAGNOSTIC_RESEARCH
pattern_bear_pennant,DIAGNOSTIC_RESEARCH
signed_dollar_volume,DIAGNOSTIC_RESEARCH
state_deadband,DIAGNOSTIC_RESEARCH
state_episode_efficiency,DIAGNOSTIC_RESEARCH
state_episode_excursion_balance,DIAGNOSTIC_RESEARCH
state_episode_mae,DIAGNOSTIC_RESEARCH
state_episode_mfe,DIAGNOSTIC_RESEARCH
state_episode_retrace_ratio,DIAGNOSTIC_RESEARCH
state_ewm_if,DIAGNOSTIC_RESEARCH
state_hold,DIAGNOSTIC_RESEARCH
state_latch,DIAGNOSTIC_RESEARCH
state_since_count,DIAGNOSTIC_RESEARCH
state_since_last,DIAGNOSTIC_RESEARCH
state_since_mean,DIAGNOSTIC_RESEARCH
state_since_sum,DIAGNOSTIC_RESEARCH
state_since_trend_tstat,DIAGNOSTIC_RESEARCH
state_slew_limit,DIAGNOSTIC_RESEARCH
tradable_state,DIAGNOSTIC_RESEARCH
ts_active_information_storage,DIAGNOSTIC_RESEARCH
ts_ar_coeff_stability,FAST_NATIVE_ALPHA
ts_ar_coefficient,FAST_NATIVE_ALPHA
ts_ar_fitted_value,DIAGNOSTIC_RESEARCH
ts_ar_forecast,DIAGNOSTIC_RESEARCH
ts_ar_in_sample_resid,DIAGNOSTIC_RESEARCH
ts_ar_innovation,DIAGNOSTIC_RESEARCH
ts_ar_innovation_z,DIAGNOSTIC_RESEARCH
ts_ar_prior_coeff,FAST_NATIVE_ALPHA
ts_ar_prior_forecast,FAST_NATIVE_ALPHA
ts_ar_prior_innovation,FAST_NATIVE_ALPHA
ts_ar_prior_innovation_z,FAST_NATIVE_ALPHA
ts_bicoherence_top_decile_excess,DIAGNOSTIC_RESEARCH
ts_bicoherence_top_decile_mean,DIAGNOSTIC_RESEARCH
ts_change_point_probability,DIAGNOSTIC_RESEARCH
ts_conditional_transfer_entropy,DIAGNOSTIC_RESEARCH
ts_cross_spectral_coherence,DIAGNOSTIC_RESEARCH
ts_cross_spectral_phase,DIAGNOSTIC_RESEARCH
ts_cumulative_deviation_score,DIAGNOSTIC_RESEARCH
ts_cusum_pressure,DIAGNOSTIC_RESEARCH
ts_cusum_vol_break_score,DIAGNOSTIC_RESEARCH
ts_detrended_level_spectral_entropy,DIAGNOSTIC_RESEARCH
ts_dfa_hurst,DIAGNOSTIC_RESEARCH
ts_dmd_dominant_frequency,EXPENSIVE_CERTIFIED_ALPHA
ts_dmd_dominant_growth_rate,EXPENSIVE_CERTIFIED_ALPHA
ts_dmd_level_dominant_frequency,EXPENSIVE_CERTIFIED_ALPHA
ts_dmd_level_dominant_growth_rate,EXPENSIVE_CERTIFIED_ALPHA
ts_dmd_level_mode_concentration,EXPENSIVE_CERTIFIED_ALPHA
ts_dmd_mode_concentration,EXPENSIVE_CERTIFIED_ALPHA
ts_dmd_return_dominant_frequency,EXPENSIVE_CERTIFIED_ALPHA
ts_dmd_return_dominant_growth_rate,EXPENSIVE_CERTIFIED_ALPHA
ts_dmd_return_mode_concentration,EXPENSIVE_CERTIFIED_ALPHA
ts_dominant_cycle_period,DIAGNOSTIC_RESEARCH
ts_effective_transfer_entropy,DIAGNOSTIC_RESEARCH
ts_expectile,DIAGNOSTIC_RESEARCH
ts_expectile_beta,DIAGNOSTIC_RESEARCH
ts_expectile_beta_spread,DIAGNOSTIC_RESEARCH
ts_expectile_regression_coeff,EXPENSIVE_CERTIFIED_ALPHA
ts_expectile_regression_coeff_prior,FAST_NATIVE_ALPHA
ts_expectile_regression_forecast_error,FAST_NATIVE_ALPHA
ts_expectile_regression_resid,DIAGNOSTIC_RESEARCH
ts_feature_pca_reconstruction_error,DIAGNOSTIC_RESEARCH
ts_first_passage_bias,DIAGNOSTIC_RESEARCH
ts_first_passage_conditional_time,DIAGNOSTIC_RESEARCH
ts_first_passage_hit_probability,DIAGNOSTIC_RESEARCH
ts_garch_next_vol_forecast,EXPENSIVE_CERTIFIED_ALPHA
ts_garch_persistence,EXPENSIVE_CERTIFIED_ALPHA
ts_garch_standardized_shock,EXPENSIVE_CERTIFIED_ALPHA
ts_garch_vol_surprise,EXPENSIVE_CERTIFIED_ALPHA
ts_gjr_garch_vol_forecast,EXPENSIVE_CERTIFIED_ALPHA
ts_gjr_leverage,EXPENSIVE_CERTIFIED_ALPHA
ts_hankel_effective_rank,EXPENSIVE_CERTIFIED_ALPHA
ts_hankel_singular_gap,EXPENSIVE_CERTIFIED_ALPHA
ts_har_from_return_forecast_error_z,FAST_NATIVE_ALPHA
ts_har_from_return_next_vol,FAST_NATIVE_ALPHA
ts_har_rv_forecast,FAST_NATIVE_ALPHA
ts_har_rv_forecast_error_z,FAST_NATIVE_ALPHA
ts_har_rv_innovation_z,FAST_NATIVE_ALPHA
ts_har_rv_next_var_forecast,FAST_NATIVE_ALPHA
ts_har_rv_next_vol_forecast,FAST_NATIVE_ALPHA
ts_hsic,DIAGNOSTIC_RESEARCH
ts_huber_regression_coeff,EXPENSIVE_CERTIFIED_ALPHA
ts_huber_regression_coeff_prior,FAST_NATIVE_ALPHA
ts_huber_regression_forecast_error,FAST_NATIVE_ALPHA
ts_huber_regression_forecast_error_z,FAST_NATIVE_ALPHA
ts_huber_regression_in_sample_resid,DIAGNOSTIC_RESEARCH
ts_huber_regression_predictive_resid,FAST_NATIVE_ALPHA
ts_huber_regression_resid_z,DIAGNOSTIC_RESEARCH
ts_hvg_assortativity,DIAGNOSTIC_RESEARCH
ts_hvg_clustering_coefficient,DIAGNOSTIC_RESEARCH
ts_hvg_degree_entropy,DIAGNOSTIC_RESEARCH
ts_hvg_forward_backward_asymmetry,DIAGNOSTIC_RESEARCH
ts_hvg_motif_entropy,DIAGNOSTIC_RESEARCH
ts_hysteresis_age,DIAGNOSTIC_RESEARCH
ts_hysteresis_state,DIAGNOSTIC_RESEARCH
ts_kalman_beta,FAST_NATIVE_ALPHA
ts_kalman_beta_change,FAST_NATIVE_ALPHA
ts_kalman_beta_uncertainty,FAST_NATIVE_ALPHA
ts_kalman_innovation_z,FAST_NATIVE_ALPHA
ts_kalman_level,FAST_NATIVE_ALPHA
ts_kalman_trend,FAST_NATIVE_ALPHA
ts_kernel_granger_score,DIAGNOSTIC_RESEARCH
ts_km_diffusion_gradient,DIAGNOSTIC_RESEARCH
ts_km_equilibrium_distance,DIAGNOSTIC_RESEARCH
ts_km_quasipotential_depth,DIAGNOSTIC_RESEARCH
ts_kramers_moyal_local_stability,DIAGNOSTIC_RESEARCH
ts_level_shift_score,DIAGNOSTIC_RESEARCH
ts_lo_mackinlay_vr,DIAGNOSTIC_RESEARCH
ts_lo_mackinlay_z,DIAGNOSTIC_RESEARCH
ts_local_lyapunov_exponent,DIAGNOSTIC_RESEARCH
ts_lz_complexity,DIAGNOSTIC_RESEARCH
ts_markov_committor,DIAGNOSTIC_RESEARCH
ts_markov_entropy_production,DIAGNOSTIC_RESEARCH
ts_markov_mean_first_passage_time,DIAGNOSTIC_RESEARCH
ts_markov_persistence,DIAGNOSTIC_RESEARCH
ts_markov_spectral_gap,DIAGNOSTIC_RESEARCH
ts_markov_state_entropy,DIAGNOSTIC_RESEARCH
ts_markov_stationary_surprisal,DIAGNOSTIC_RESEARCH
ts_markov_transition_surprisal,DIAGNOSTIC_RESEARCH
ts_matrix_profile_discord_score,EXPENSIVE_CERTIFIED_ALPHA
ts_matrix_profile_motif_age,EXPENSIVE_CERTIFIED_ALPHA
ts_matrix_profile_motif_frequency,EXPENSIVE_CERTIFIED_ALPHA
ts_matrix_profile_neighbor_dispersion,EXPENSIVE_CERTIFIED_ALPHA
ts_matrix_profile_novelty,EXPENSIVE_CERTIFIED_ALPHA
ts_mean_reversion_half_life,FAST_NATIVE_ALPHA
ts_mean_reversion_ou_approx_half_life,FAST_NATIVE_ALPHA
ts_motif_recurrence_count,EXPENSIVE_CERTIFIED_ALPHA
ts_multi_regression_adjusted_r2_prior,FAST_NATIVE_ALPHA
ts_multi_regression_coeff,DIAGNOSTIC_RESEARCH
ts_multi_regression_coeff_prior,FAST_NATIVE_ALPHA
ts_multi_regression_coeff_stability,DIAGNOSTIC_RESEARCH
ts_multi_regression_forecast_error,FAST_NATIVE_ALPHA
ts_multi_regression_forecast_error_z,FAST_NATIVE_ALPHA
ts_multi_regression_r2,DIAGNOSTIC_RESEARCH
ts_multi_regression_r2_prior,FAST_NATIVE_ALPHA
ts_multi_regression_resid,DIAGNOSTIC_RESEARCH
ts_multi_regression_resid_z,DIAGNOSTIC_RESEARCH
ts_multiscale_entropy_slope,DIAGNOSTIC_RESEARCH
ts_multiscale_permutation_entropy_slope,DIAGNOSTIC_RESEARCH
ts_ordinal_irreversibility,DIAGNOSTIC_RESEARCH
ts_partial_corr,DIAGNOSTIC_RESEARCH
ts_path_leadlag_area,DIAGNOSTIC_RESEARCH
ts_path_signature_area,DIAGNOSTIC_RESEARCH
ts_path_signature_depth2_norm,DIAGNOSTIC_RESEARCH
ts_poly2_forecast_error,FAST_NATIVE_ALPHA
ts_poly2_forecast_error_z,FAST_NATIVE_ALPHA
ts_pseudocount_sample_entropy,DIAGNOSTIC_RESEARCH
ts_quantile,DIAGNOSTIC_RESEARCH
ts_quantile_beta_spread,DIAGNOSTIC_RESEARCH
ts_quantile_crossing_spectral_concentration,DIAGNOSTIC_RESEARCH
ts_quantile_if,DIAGNOSTIC_RESEARCH
ts_quantile_kurtosis,DIAGNOSTIC_RESEARCH
ts_quantile_range,DIAGNOSTIC_RESEARCH
ts_quantile_regression_beta,DIAGNOSTIC_RESEARCH
ts_quantile_regression_coeff,EXPENSIVE_CERTIFIED_ALPHA
ts_quantile_regression_coeff_prior,FAST_NATIVE_ALPHA
ts_quantile_regression_resid,DIAGNOSTIC_RESEARCH
ts_quantile_regression_slope,EXPENSIVE_CERTIFIED_ALPHA
ts_quantile_skew,DIAGNOSTIC_RESEARCH
ts_quantile_transport_curvature,DIAGNOSTIC_RESEARCH
ts_quantile_transport_slope,DIAGNOSTIC_RESEARCH
ts_recurrence_determinism,DIAGNOSTIC_RESEARCH
ts_recurrence_diagonal_entropy,DIAGNOSTIC_RESEARCH
ts_recurrence_divergence,DIAGNOSTIC_RESEARCH
ts_recurrence_laminarity,DIAGNOSTIC_RESEARCH
ts_recurrence_longest_vertical_length,DIAGNOSTIC_RESEARCH
ts_recurrence_mean_diagonal_length,DIAGNOSTIC_RESEARCH
ts_recurrence_rate,DIAGNOSTIC_RESEARCH
ts_recurrence_trapping_time,DIAGNOSTIC_RESEARCH
ts_regime_duration,DIAGNOSTIC_RESEARCH
ts_regression_forecast_error,FAST_NATIVE_ALPHA
ts_regression_forecast_error_z,FAST_NATIVE_ALPHA
ts_regression_in_sample_resid,DIAGNOSTIC_RESEARCH
ts_regression_intercept,DIAGNOSTIC_RESEARCH
ts_regression_r2,DIAGNOSTIC_RESEARCH
ts_regression_resid,DIAGNOSTIC_RESEARCH
ts_regression_resid_if,DIAGNOSTIC_RESEARCH
ts_regression_resid_mean,DIAGNOSTIC_RESEARCH
ts_regression_slope,FAST_NATIVE_ALPHA
ts_regression_tstat,DIAGNOSTIC_RESEARCH
ts_residualized_hsic,DIAGNOSTIC_RESEARCH
ts_return_spectral_entropy,DIAGNOSTIC_RESEARCH
ts_ridge_regression_coeff,DIAGNOSTIC_RESEARCH
ts_ridge_regression_coeff_prior,FAST_NATIVE_ALPHA
ts_ridge_regression_forecast_error,FAST_NATIVE_ALPHA
ts_ridge_regression_forecast_error_z,FAST_NATIVE_ALPHA
ts_ridge_regression_in_sample_resid,DIAGNOSTIC_RESEARCH
ts_ridge_regression_predictive_resid,FAST_NATIVE_ALPHA
ts_ridge_regression_resid_z,DIAGNOSTIC_RESEARCH
ts_rqa_determinism_fixed_rr,DIAGNOSTIC_RESEARCH
ts_rqa_laminarity_fixed_rr,DIAGNOSTIC_RESEARCH
ts_run_concentration,DIAGNOSTIC_RESEARCH
ts_run_efficiency,DIAGNOSTIC_RESEARCH
ts_run_strength,DIAGNOSTIC_RESEARCH
ts_sign_cluster_index,DIAGNOSTIC_RESEARCH
ts_sign_persistence,DIAGNOSTIC_RESEARCH
ts_signature_mahalanobis_anomaly,EXPENSIVE_CERTIFIED_ALPHA
ts_spectral_centroid,DIAGNOSTIC_RESEARCH
ts_spectral_entropy,DIAGNOSTIC_RESEARCH
ts_spectral_flatness,DIAGNOSTIC_RESEARCH
ts_spectral_low_frequency_ratio,DIAGNOSTIC_RESEARCH
ts_spectral_peak_concentration,DIAGNOSTIC_RESEARCH
ts_spectral_quality_factor,DIAGNOSTIC_RESEARCH
ts_ssa_reconstruction_residual,EXPENSIVE_CERTIFIED_ALPHA
ts_state_age_percentile,DIAGNOSTIC_RESEARCH
ts_state_density,DIAGNOSTIC_RESEARCH
ts_state_entry_strength,DIAGNOSTIC_RESEARCH
ts_state_exit_hazard,DIAGNOSTIC_RESEARCH
ts_state_integral,DIAGNOSTIC_RESEARCH
ts_state_residual_life,DIAGNOSTIC_RESEARCH
ts_time_slope,DIAGNOSTIC_RESEARCH
ts_transfer_entropy,DIAGNOSTIC_RESEARCH
ts_transfer_entropy_peak_excess,DIAGNOSTIC_RESEARCH
ts_transfer_entropy_peak_lag,DIAGNOSTIC_RESEARCH
ts_transfer_entropy_peak_strength,DIAGNOSTIC_RESEARCH
ts_transition_intensity,DIAGNOSTIC_RESEARCH
ts_trend_tstat,DIAGNOSTIC_RESEARCH
ts_turning_point_ratio,DIAGNOSTIC_RESEARCH
ts_turnover_cost_quantile_distance,DIAGNOSTIC_RESEARCH
ts_turnover_near_cost_mass,DIAGNOSTIC_RESEARCH
ts_two_state_regime_probability,DIAGNOSTIC_RESEARCH
ts_variance_ratio_proxy,DIAGNOSTIC_RESEARCH
ts_variance_ratio_slope,DIAGNOSTIC_RESEARCH
ts_vector_state_local_density,DIAGNOSTIC_RESEARCH
ts_vector_state_mahalanobis,DIAGNOSTIC_RESEARCH
ts_vol_shift_score,DIAGNOSTIC_RESEARCH
ts_wavelet_energy_slope,DIAGNOSTIC_RESEARCH
ts_wavelet_entropy,DIAGNOSTIC_RESEARCH
ts_wavelet_high_frequency_ratio,DIAGNOSTIC_RESEARCH
ts_wavelet_low_frequency_ratio,DIAGNOSTIC_RESEARCH
