canonical,markets,sources,context_admitted
ADX,ashare|us,daily_bar,True
ATR_WILDER,ashare|us,daily_bar,True
CMF,ashare|us,daily_bar,True
CMO,ashare|us,daily_bar,True
ChaikinOscillator,ashare|us,daily_bar,True
DEMA,ashare|us,daily_bar,True
DMI_minus,ashare|us,daily_bar,True
DMI_plus,ashare|us,daily_bar,True
DX,ashare|us,daily_bar,True
EaseOfMovement,ashare|us,daily_bar,True
ForceIndex,ashare|us,daily_bar,True
KAMA,ashare|us,daily_bar,True
KeltnerLower,ashare|us,daily_bar,True
KeltnerMid,ashare|us,daily_bar,True
KeltnerPosition,ashare|us,daily_bar,True
KeltnerUpper,ashare|us,daily_bar,True
MACD_hist,ashare|us,daily_bar,True
MACD_line,ashare|us,daily_bar,True
MACD_signal,ashare|us,daily_bar,True
MFI,ashare|us,daily_bar,True
NATR,ashare|us,daily_bar,True
PPO,ashare|us,daily_bar,True
PPO_hist,ashare|us,daily_bar,True
PPO_signal,ashare|us,daily_bar,True
PSAR,ashare|us,daily_bar,True
PVO,ashare|us,daily_bar,True
PVO_hist,ashare|us,daily_bar,True
PVO_signal,ashare|us,daily_bar,True
RSI_WILDER,ashare|us,daily_bar,True
Supertrend,ashare|us,daily_bar,True
SupertrendDirection,ashare|us,daily_bar,True
TEMA,ashare|us,daily_bar,True
TSI,ashare|us,daily_bar,True
TSI_signal,ashare|us,daily_bar,True
UltimateOscillator,ashare|us,daily_bar,True
VortexMinus,ashare|us,daily_bar,True
VortexPlus,ashare|us,daily_bar,True
a_share_cap_ratio,ashare|us,daily_bar,True
abnormal_turnover,ashare|us,daily_bar,True
abnormal_volume,ashare|us,daily_bar,True
abs,ashare|us,daily_bar,True
abs_return_volume_corr,ashare|us,daily_bar,True
acos_bounded,ashare|us,daily_bar,True
add,ashare|us,daily_bar,True
adv,ashare|us,daily_bar,True
altman_z_score,ashare|us,fundamental_pit,True
amihud_illiquidity,ashare|us,daily_bar,True
and_,ashare|us,daily_bar,True
ashare_days_since_limit_down,ashare,daily_bar,True
ashare_days_since_limit_up,ashare,daily_bar,True
ashare_failed_limit_count,ashare,daily_bar,True
ashare_limit_asymmetry,ashare,daily_bar,True
ashare_limit_distance,ashare,daily_bar,True
ashare_limit_down_streak,ashare,daily_bar,True
ashare_limit_down_touch,ashare,daily_bar,True
ashare_limit_down_volume_ratio,ashare,daily_bar,True
ashare_limit_event_density,ashare,daily_bar,True
ashare_limit_failed,ashare,daily_bar,True
ashare_limit_one_price,ashare,daily_bar,True
ashare_limit_open_down_streak,ashare,daily_bar,True
ashare_limit_open_failed,ashare,daily_bar,True
ashare_limit_open_up_streak,ashare,daily_bar,True
ashare_limit_touch_count,ashare,daily_bar,True
ashare_limit_up_streak,ashare,daily_bar,True
ashare_limit_up_touch,ashare,daily_bar,True
ashare_limit_up_volume_ratio,ashare,daily_bar,True
ashare_one_price_limit_streak,ashare,daily_bar,True
ashare_open_at_upper_limit,ashare,daily_bar,True
ashare_suspension_episode_length,ashare,daily_bar,True
asin_bounded,ashare|us,daily_bar,True
atan,ashare|us,daily_bar,True
atan2,ashare|us,daily_bar,True
average_turnover,ashare|us,daily_bar,True
baseline_scaled_wasserstein_distance,ashare|us,minute_bar,True
benchmark_excess_return,ashare|us,daily_bar,True
benchmark_relative_price,ashare|us,daily_bar,True
bollinger_pct_b,ashare|us,daily_bar,True
bollinger_width,ashare|us,daily_bar,True
book_to_price,ashare|us,daily_bar,True
bounded_nvi,ashare|us,daily_bar,True
bounded_pvi,ashare|us,daily_bar,True
calendar_day_diff,ashare|us,daily_bar,True
candle_abs_body,ashare|us,daily_bar,True
candle_body,ashare|us,daily_bar,True
candle_body_percentile,ashare|us,daily_bar,True
candle_body_position,ashare|us,daily_bar,True
candle_body_ratio,ashare|us,daily_bar,True
candle_body_zscore,ashare|us,daily_bar,True
candle_close_location,ashare|us,daily_bar,True
candle_close_strength,ashare|us,daily_bar,True
candle_direction,ashare|us,daily_bar,True
candle_gap,ashare|us,daily_bar,True
candle_gap_atr,ashare|us,daily_bar,True
candle_gap_pct,ashare|us,daily_bar,True
candle_inside_ratio,ashare|us,daily_bar,True
candle_lower_shadow,ashare|us,daily_bar,True
candle_lower_shadow_ratio,ashare|us,daily_bar,True
candle_lower_shadow_zscore,ashare|us,daily_bar,True
candle_overlap_ratio,ashare|us,daily_bar,True
candle_range,ashare|us,daily_bar,True
candle_range_atr,ashare|us,daily_bar,True
candle_range_percentile,ashare|us,daily_bar,True
candle_range_zscore,ashare|us,daily_bar,True
candle_rejection_lower,ashare|us,daily_bar,True
candle_rejection_upper,ashare|us,daily_bar,True
candle_upper_shadow,ashare|us,daily_bar,True
candle_upper_shadow_ratio,ashare|us,daily_bar,True
candle_upper_shadow_zscore,ashare|us,daily_bar,True
candlestick_pattern,ashare|us,daily_bar,True
capital_change_age,ashare|us,daily_bar,True
capital_change_magnitude,ashare|us,daily_bar,True
cash_flow_lifecycle_stage,ashare|us,fundamental_pit,True
cbrt,ashare|us,daily_bar,True
cdl_dark_cloud_cover,ashare|us,daily_bar,True
cdl_doji,ashare|us,daily_bar,True
cdl_dragonfly_doji,ashare|us,daily_bar,True
cdl_engulfing,ashare|us,daily_bar,True
cdl_evening_star,ashare|us,daily_bar,True
cdl_gravestone_doji,ashare|us,daily_bar,True
cdl_hammer,ashare|us,daily_bar,True
cdl_hanging_man,ashare|us,daily_bar,True
cdl_harami,ashare|us,daily_bar,True
cdl_harami_cross,ashare|us,daily_bar,True
cdl_inside_bar,ashare|us,daily_bar,True
cdl_inverted_hammer,ashare|us,daily_bar,True
cdl_marubozu,ashare|us,daily_bar,True
cdl_morning_star,ashare|us,daily_bar,True
cdl_outside_bar,ashare|us,daily_bar,True
cdl_piercing,ashare|us,daily_bar,True
cdl_shooting_star,ashare|us,daily_bar,True
cdl_spinning_top,ashare|us,daily_bar,True
cdl_three_black_crows,ashare|us,daily_bar,True
cdl_three_white_soldiers,ashare|us,daily_bar,True
cdl_tweezer_bottom,ashare|us,daily_bar,True
cdl_tweezer_top,ashare|us,daily_bar,True
ceil,ashare|us,daily_bar,True
choppiness_index,ashare|us,daily_bar,True
circulating_cap_ratio_change,ashare|us,daily_bar,True
clip,ashare|us,daily_bar,True
coalesce,ashare|us,daily_bar,True
composition_aitchison_distance,ashare|us,daily_bar,True
composition_clr_component,ashare|us,daily_bar,True
composition_entropy,ashare|us,daily_bar,True
composition_ilr_balance,ashare|us,daily_bar,True
composition_js_divergence,ashare|us,daily_bar,True
composition_normalized_entropy,ashare|us,daily_bar,True
corwin_schultz_spread,ashare|us,daily_bar,True
cos_phase,ashare|us,daily_bar,True
coskewness_to_market,ashare|us,daily_bar,True
cross_event,ashare|us,daily_bar,True
cs_actual_lof_score,ashare|us,daily_bar,True
cs_autoencoder_reconstruction_error,ashare|us,daily_bar,True
cs_bucket,ashare|us,daily_bar,True
cs_bucket_fixed,ashare|us,daily_bar,True
cs_bucket_historical,ashare|us,daily_bar,True
cs_count,ashare|us,daily_bar,True
cs_coverage_ratio,ashare|us,daily_bar,True
cs_demean,ashare|us,daily_bar,True
cs_fill_mean,ashare|us,daily_bar,True
cs_fill_median,ashare|us,daily_bar,True
cs_hartigan_dip,ashare|us,daily_bar,True
cs_huber_resid,ashare|us,daily_bar,True
cs_impute_mean,ashare|us,daily_bar,True
cs_impute_median,ashare|us,daily_bar,True
cs_isolation,ashare|us,daily_bar,True
cs_isotonic_residual,ashare|us,daily_bar,True
cs_isotonic_residual_lagged_direction,ashare|us,daily_bar,True
cs_knn_distance,ashare|us,daily_bar,True
cs_knn_graph_dirichlet_energy,ashare|us,daily_bar,True
cs_knn_local_gradient_norm,ashare|us,daily_bar,True
cs_knn_local_linear_residual,ashare|us,daily_bar,True
cs_knn_local_moran,ashare|us,daily_bar,True
cs_knn_neighbor_retention,ashare|us,daily_bar,True
cs_knn_peer_mean_ex_self,ashare|us,daily_bar,True
cs_knn_tangent_residual,ashare|us,daily_bar,True
cs_lad_resid,ashare|us,daily_bar,True
cs_local_curvature,ashare|us,daily_bar,True
cs_local_density,ashare|us,daily_bar,True
cs_local_density_score,ashare|us,daily_bar,True
cs_mad,ashare|us,daily_bar,True
cs_mad_zscore,ashare|us,daily_bar,True
cs_mahalanobis_distance,ashare|us,daily_bar,True
cs_mean,ashare|us,daily_bar,True
cs_multi_resid,ashare|us,daily_bar,True
cs_multi_ridge_resid,ashare|us,daily_bar,True
cs_neighbor_gap,ashare|us,daily_bar,True
cs_neutralize,ashare|us,daily_bar,True
cs_pct_rank,ashare|us,daily_bar,True
cs_physical_panel_coverage,ashare|us,daily_bar,True
cs_quantile,ashare|us,daily_bar,True
cs_quantile_resid,ashare|us,daily_bar,True
cs_rank_churn,ashare|us,daily_bar,True
cs_rank_combined_churn,ashare|us,daily_bar,True
cs_rank_composition_churn,ashare|us,daily_bar,True
cs_rank_copula_entropy,ashare|us,daily_bar,True
cs_rank_copula_mi,ashare|us,daily_bar,True
cs_rank_gaussian,ashare|us,daily_bar,True
cs_regression,ashare|us,daily_bar,True
cs_relative_density_ratio,ashare|us,daily_bar,True
cs_resid,ashare|us,daily_bar,True
cs_residual_percentile,ashare|us,daily_bar,True
cs_ridge_resid,ashare|us,daily_bar,True
cs_robust_mahalanobis_mad,ashare|us,daily_bar,True
cs_shrinkage_mahalanobis,ashare|us,daily_bar,True
cs_sliced_wasserstein_copula_shift,ashare|us,daily_bar,True
cs_spline_resid,ashare|us,daily_bar,True
cs_std,ashare|us,daily_bar,True
cs_sum,ashare|us,daily_bar,True
cs_tail_breadth,ashare|us,daily_bar,True
cs_tail_retention,ashare|us,daily_bar,True
cs_trimmed_ols_resid,ashare|us,daily_bar,True
cs_universe_coverage,ashare|us,daily_bar,True
cs_valid_count,ashare|us,daily_bar,True
cs_weighted_demean,ashare|us,daily_bar,True
cs_weighted_mean,ashare|us,daily_bar,True
cs_weighted_percentile_rank,ashare|us,daily_bar,True
cs_weighted_zscore,ashare|us,daily_bar,True
cs_wls_resid,ashare|us,daily_bar,True
date_diff_days,ashare|us,fundamental_pit,True
digital_count,ashare|us,daily_bar,True
directional_change_extent,ashare|us,daily_bar,True
directional_change_state,ashare|us,daily_bar,True
divide,ashare|us,daily_bar,True
dollar_volume,ashare|us,daily_bar,True
dollar_volume_zscore,ashare|us,daily_bar,True
donchian_lower,ashare|us,daily_bar,True
donchian_mid,ashare|us,daily_bar,True
donchian_position,ashare|us,daily_bar,True
donchian_upper,ashare|us,daily_bar,True
down_volume_ratio,ashare|us,daily_bar,True
earnings_yield,ashare|us,daily_bar,True
efficiency_ratio,ashare|us,daily_bar,True
eq,ashare|us,daily_bar,True
event_abnormal_return_past,ashare|us,event_pit,True
event_active_count,ashare|us,event_pit,True
event_allan_factor,ashare|us,event_pit,True
event_allan_log_mean,ashare|us,event_pit,True
event_allan_scaling_slope,ashare|us,event_pit,True
event_arithmetic_return_sum,ashare|us,event_pit,True
event_cluster_count,ashare|us,event_pit,True
event_cluster_mean_size,ashare|us,event_pit,True
event_cumulative_return_past,ashare|us,event_pit,True
event_decay_asof,ashare|us,event_pit,True
event_fano_excess,ashare|us,event_pit,True
event_fano_factor,ashare|us,event_pit,True
event_frequency,ashare|us,event_pit,True
event_hawkes_branching_ratio_proxy,ashare|us,event_pit,True
event_historical_response_mean,ashare|us,event_pit,True
event_historical_response_sign_balance,ashare|us,event_pit,True
event_interval_mark_coupling,ashare|us,event_pit,True
event_interval_memory,ashare|us,event_pit,True
event_level_survival_share,ashare|us,event_pit,True
event_local_variation,ashare|us,event_pit,True
event_log_return_sum,ashare|us,event_pit,True
event_mark_autocorr,ashare|us,event_pit,True
event_refractory,ashare|us,event_pit,True
event_response_decay_rate,ashare|us,event_pit,True
event_response_dispersion,ashare|us,event_pit,True
event_response_effective_events,ashare|us,event_pit,True
event_response_overlap_ratio,ashare|us,event_pit,True
event_response_peak_lag,ashare|us,event_pit,True
event_response_reversal_strength,ashare|us,event_pit,True
event_return_since_last,ashare|us,event_pit,True
exp,ashare|us,daily_bar,True
exp_neg,ashare|us,daily_bar,True
expanding_rank,ashare|us,daily_bar,True
ffill_limit,ashare|us,daily_bar,True
fillna_const,ashare|us,daily_bar,True
fin_accrual_ratio,ashare|us,fundamental_pit,True
fin_acquisition_cash_intensity,ashare|us,fundamental_pit,True
fin_actual_expectation_divergence,ashare|us,fundamental_pit,True
fin_announcement_lag,ashare|us,fundamental_pit,True
fin_applicability_mask,ashare|us,fundamental_pit,True
fin_average_balance,ashare|us,fundamental_pit,True
fin_beat_streak,ashare|us,fundamental_pit,True
fin_borrowing_intensity,ashare|us,fundamental_pit,True
fin_cagr,ashare|us,fundamental_pit,True
fin_capex_growth,ashare|us,fundamental_pit,True
fin_capex_intensity,ashare|us,fundamental_pit,True
fin_cash_burn_runway,ashare|us,fundamental_pit,True
fin_cash_conversion,ashare|us,fundamental_pit,True
fin_cash_earnings_gap,ashare|us,fundamental_pit,True
fin_cash_sales_divergence,ashare|us,fundamental_pit,True
fin_cashflow_persistence,ashare|us,fundamental_pit,True
fin_common_size,ashare|us,fundamental_pit,True
fin_component_score,ashare|us,fundamental_pit,True
fin_comprehensive_income_gap,ashare|us,fundamental_pit,True
fin_contract_asset_growth,ashare|us,fundamental_pit,True
fin_contract_asset_intensity,ashare|us,fundamental_pit,True
fin_contract_asset_liability_gap,ashare|us,fundamental_pit,True
fin_contract_liability_growth,ashare|us,fundamental_pit,True
fin_contract_liability_intensity,ashare|us,fundamental_pit,True
fin_core_earnings_ratio,ashare|us,fundamental_pit,True
fin_cv,ashare|us,fundamental_pit,True
fin_days_since_expectation_revision,ashare|us,fundamental_pit,True
fin_days_since_update,ashare|us,fundamental_pit,True
fin_debt_repayment_intensity,ashare|us,fundamental_pit,True
fin_debt_service_coverage_proxy,ashare|us,fundamental_pit,True
fin_deferred_tax_gap,ashare|us,fundamental_pit,True
fin_delta_noa,ashare|us,fundamental_pit,True
fin_diff,ashare|us,fundamental_pit,True
fin_discontinued_operation_ratio,ashare|us,fundamental_pit,True
fin_divergence,ashare|us,fundamental_pit,True
fin_earnings_cash_gap_volatility,ashare|us,fundamental_pit,True
fin_earnings_persistence,ashare|us,fundamental_pit,True
fin_earnings_smoothness,ashare|us,fundamental_pit,True
fin_equity_capital_growth,ashare|us,fundamental_pit,True
fin_expectation_dispersion,ashare|us,fundamental_pit,True
fin_expectation_revision,ashare|us,fundamental_pit,True
fin_expectation_revision_count,ashare|us,fundamental_pit,True
fin_expectation_revision_magnitude,ashare|us,fundamental_pit,True
fin_expectation_revision_pct,ashare|us,fundamental_pit,True
fin_expectation_revision_speed,ashare|us,fundamental_pit,True
fin_expense_sales_divergence,ashare|us,fundamental_pit,True
fin_fair_value_income_dependence,ashare|us,fundamental_pit,True
fin_financing_gap,ashare|us,fundamental_pit,True
fin_fundamental_strength_coverage,ashare|us,fundamental_pit,True
fin_fundamental_strength_score,ashare|us,fundamental_pit,True
fin_goodwill_intensity,ashare|us,fundamental_pit,True
fin_goodwill_risk_score,ashare|us,fundamental_pit,True
fin_growth,ashare|us,fundamental_pit,True
fin_growth_acceleration,ashare|us,fundamental_pit,True
fin_growth_change,ashare|us,fundamental_pit,True
fin_growth_persistence,ashare|us,fundamental_pit,True
fin_growth_stability,ashare|us,fundamental_pit,True
fin_growth_volatility,ashare|us,fundamental_pit,True
fin_impairment_intensity,ashare|us,fundamental_pit,True
fin_interest_coverage_proxy,ashare|us,fundamental_pit,True
fin_inventory_sales_divergence,ashare|us,fundamental_pit,True
fin_investment_income_dependence,ashare|us,fundamental_pit,True
fin_lag,ashare|us,fundamental_pit,True
fin_lease_asset_liability_gap,ashare|us,fundamental_pit,True
fin_lease_intensity,ashare|us,fundamental_pit,True
fin_log_change,ashare|us,fundamental_pit,True
fin_mad,ashare|us,fundamental_pit,True
fin_margin_persistence,ashare|us,fundamental_pit,True
fin_mean_abs_deviation,ashare|us,fundamental_pit,True
fin_median_abs_deviation,ashare|us,fundamental_pit,True
fin_minority_profit_share,ashare|us,fundamental_pit,True
fin_miss_streak,ashare|us,fundamental_pit,True
fin_monotonicity,ashare|us,fundamental_pit,True
fin_negative_streak,ashare|us,fundamental_pit,True
fin_net_borrowing_cashflow,ashare|us,fundamental_pit,True
fin_net_debt_issuance,ashare|us,fundamental_pit,True
fin_noncore_income_ratio,ashare|us,fundamental_pit,True
fin_oci_to_equity,ashare|us,fundamental_pit,True
fin_other_earnings_dependence,ashare|us,fundamental_pit,True
fin_pct_change,ashare|us,fundamental_pit,True
fin_percentile_history,ashare|us,fundamental_pit,True
fin_percentile_vs_prior_history,ashare|us,fundamental_pit,True
fin_period_restated,ashare|us,fundamental_pit,True
fin_period_revision_age,ashare|us,fundamental_pit,True
fin_period_revision_count,ashare|us,fundamental_pit,True
fin_positive_streak,ashare|us,fundamental_pit,True
fin_qoq,ashare|us,fundamental_pit,True
fin_quarter_from_cumulative,ashare|us,fundamental_pit,True
fin_range,ashare|us,fundamental_pit,True
fin_ratio,ashare|us,fundamental_pit,True
fin_rd_capitalization_ratio,ashare|us,fundamental_pit,True
fin_rd_total_intensity,ashare|us,fundamental_pit,True
fin_receivable_sales_divergence,ashare|us,fundamental_pit,True
fin_restated_flag,ashare|us,fundamental_pit,True
fin_revision_count,ashare|us,fundamental_pit,True
fin_revision_delta,ashare|us,fundamental_pit,True
fin_revision_direction,ashare|us,fundamental_pit,True
fin_revision_magnitude,ashare|us,fundamental_pit,True
fin_revision_pct,ashare|us,fundamental_pit,True
fin_roe_cash_gap,ashare|us,fundamental_pit,True
fin_seasonal_percentile,ashare|us,fundamental_pit,True
fin_seasonal_zscore,ashare|us,fundamental_pit,True
fin_sign_change_count,ashare|us,fundamental_pit,True
fin_stability,ashare|us,fundamental_pit,True
fin_staleness,ashare|us,fundamental_pit,True
fin_std,ashare|us,fundamental_pit,True
fin_surprise,ashare|us,fundamental_pit,True
fin_surprise_event_percentile,ashare|us,fundamental_pit,True
fin_surprise_event_zscore,ashare|us,fundamental_pit,True
fin_surprise_zscore,ashare|us,fundamental_pit,True
fin_trend_acceleration,ashare|us,fundamental_pit,True
fin_trend_r2,ashare|us,fundamental_pit,True
fin_trend_slope,ashare|us,fundamental_pit,True
fin_trend_tstat,ashare|us,fundamental_pit,True
fin_ttm_cumulative,ashare|us,fundamental_pit,True
fin_ttm_quarterly,ashare|us,fundamental_pit,True
fin_turnover,ashare|us,fundamental_pit,True
fin_working_capital_accruals,ashare|us,fundamental_pit,True
fin_working_capital_change,ashare|us,fundamental_pit,True
fin_yoy,ashare|us,fundamental_pit,True
fin_zscore_history,ashare|us,fundamental_pit,True
fin_zscore_vs_prior_history,ashare|us,fundamental_pit,True
fiscal_accrual_quality,ashare|us,fundamental_pit,True
fiscal_ar_resid_std,ashare|us,fundamental_pit,True
fiscal_asymmetric_elasticity,ashare|us,fundamental_pit,True
fiscal_autocorr,ashare|us,fundamental_pit,True
fiscal_change_direction_agreement,ashare|us,fundamental_pit,True
fiscal_direction_consistency,ashare|us,fundamental_pit,True
fiscal_pair_direction_agreement,ashare|us,fundamental_pit,True
fiscal_perpetual_inventory,ashare|us,fundamental_pit,True
fiscal_regression_resid_std,ashare|us,fundamental_pit,True
fiscal_reversal_ratio,ashare|us,fundamental_pit,True
fiscal_sign_agreement,ashare|us,fundamental_pit,True
fiscal_sign_consistency,ashare|us,fundamental_pit,True
fiscal_standardized_surprise,ashare|us,fundamental_pit,True
fiscal_true_streak,ashare|us,fundamental_pit,True
fix,ashare|us,daily_bar,True
flex_max,ashare|us,daily_bar,True
flex_min,ashare|us,daily_bar,True
float_share_ratio,ashare|us,daily_bar,True
floor,ashare|us,daily_bar,True
free_float_ratio,ashare|us,daily_bar,True
free_float_share_ratio,ashare|us,daily_bar,True
free_float_turnover,ashare|us,daily_bar,True
free_to_circulating_ratio,ashare|us,daily_bar,True
fundamental_staleness,ashare|us,fundamental_pit,True
garman_klass_vol,ashare|us,daily_bar,True
ge,ashare|us,daily_bar,True
group_corr_mst_length,ashare|us,daily_bar,True
group_count,ashare|us,daily_bar,True
group_current_members_tail_coexceedance,ashare|us,daily_bar,True
group_decay_linear,ashare|us,daily_bar,True
group_distribution_js_divergence,ashare|us,daily_bar,True
group_ex_self_mad,ashare|us,daily_bar,True
group_ex_self_mean,ashare|us,daily_bar,True
group_ex_self_quantile,ashare|us,daily_bar,True
group_ex_self_std,ashare|us,daily_bar,True
group_ex_self_weighted_mean,ashare|us,daily_bar,True
group_feature_coverage_ratio,ashare|us,daily_bar,True
group_feature_effective_rank,ashare|us,daily_bar,True
group_feature_mode_localization,ashare|us,daily_bar,True
group_feature_mode_share,ashare|us,daily_bar,True
group_feature_second_mode_localization,ashare|us,daily_bar,True
group_feature_spectral_gap,ashare|us,daily_bar,True
group_feature_valid_member_count,ashare|us,daily_bar,True
group_impute_median,ashare|us,daily_bar,True
group_kurtosis,ashare|us,daily_bar,True
group_leader_laggard_exposure,ashare|us,daily_bar,True
group_max,ashare|us,daily_bar,True
group_mean,ashare|us,daily_bar,True
group_min,ashare|us,daily_bar,True
group_multi_level_rank_consistency,ashare|us,daily_bar,True
group_neutralize,ashare|us,daily_bar,True
group_normalize,ashare|us,daily_bar,True
group_peer_beta_deviation,ashare|us,daily_bar,True
group_peer_deviation_index,ashare|us,daily_bar,True
group_peer_information_diffusion,ashare|us,daily_bar,True
group_percentile,ashare|us,daily_bar,True
group_quantile_spread,ashare|us,daily_bar,True
group_rank,ashare|us,daily_bar,True
group_rank_weighted_value,ashare|us,daily_bar,True
group_return_dispersion_exposure,ashare|us,daily_bar,True
group_signal_attraction_share,ashare|us,daily_bar,True
group_skewness,ashare|us,daily_bar,True
group_spd_feature_structure_shift,ashare|us,daily_bar,True
group_std,ashare|us,daily_bar,True
group_sum,ashare|us,daily_bar,True
group_tail_centrality,ashare|us,daily_bar,True
group_tail_lead_score,ashare|us,daily_bar,True
group_tail_ratio,ashare|us,daily_bar,True
group_topk_mean,ashare|us,daily_bar,True
group_ts_decay_linear,ashare|us,daily_bar,True
group_valid_count,ashare|us,daily_bar,True
group_wasserstein_barycenter_distance,ashare|us,daily_bar,True
group_weighted_mean,ashare|us,daily_bar,True
group_weighted_zscore,ashare|us,daily_bar,True
group_winsorize,ashare|us,daily_bar,True
group_zscore,ashare|us,daily_bar,True
gt,ashare|us,daily_bar,True
hierarchical_group_neutralize,ashare|us,daily_bar,True
high_low_spread_proxy,ashare|us,daily_bar,True
holder_class_entropy,ashare|us,shareholder_pit,True
holder_class_js_shift,ashare|us,shareholder_pit,True
holder_common_holding_peer_return,ashare|us,shareholder_pit,True
holder_company_ownership_hhi,ashare|us,shareholder_pit,True
holder_concentration,ashare|us,shareholder_pit,True
holder_concentration_acceleration,ashare|us,shareholder_pit,True
holder_concentration_slope,ashare|us,shareholder_pit,True
holder_disclosure_count,ashare|us,shareholder_pit,True
holder_disclosure_coverage,ashare|us,shareholder_pit,True
holder_entry_share,ashare|us,shareholder_pit,True
holder_exit_share,ashare|us,shareholder_pit,True
holder_float_concentration_gap,ashare|us,shareholder_pit,True
holder_freeze_concentration,ashare|us,shareholder_pit,True
holder_freeze_ratio,ashare|us,shareholder_pit,True
holder_id_matched_churn,ashare|us,shareholder_pit,True
holder_id_matched_entry_share,ashare|us,shareholder_pit,True
holder_id_matched_exit_share,ashare|us,shareholder_pit,True
holder_id_overlap_ratio,ashare|us,shareholder_pit,True
holder_locked_share_ratio,ashare|us,shareholder_pit,True
holder_nature_entropy,ashare|us,shareholder_pit,True
holder_net_entry_share,ashare|us,shareholder_pit,True
holder_observed_topk_hhi,ashare|us,shareholder_pit,True
holder_peer_return_breadth,ashare|us,shareholder_pit,True
holder_pledge_change,ashare|us,shareholder_pit,True
holder_pledge_concentration,ashare|us,shareholder_pit,True
holder_pledge_ratio,ashare|us,shareholder_pit,True
holder_pledged_holder_count,ashare|us,shareholder_pit,True
holder_rank_stability,ashare|us,shareholder_pit,True
holder_share_weighted_rank_migration,ashare|us,shareholder_pit,True
holder_shareholder_network_centrality,ashare|us,shareholder_pit,True
holder_shareholder_overlap_ratio,ashare|us,shareholder_pit,True
holder_topk_share_sum,ashare|us,shareholder_pit,True
holder_weighted_churn,ashare|us,shareholder_pit,True
hump_decay,ashare|us,daily_bar,True
ichimoku_cloud_position,ashare|us,daily_bar,True
ichimoku_cloud_width,ashare|us,daily_bar,True
ichimoku_kijun,ashare|us,daily_bar,True
ichimoku_senkou_a,ashare|us,daily_bar,True
ichimoku_senkou_b,ashare|us,daily_bar,True
ichimoku_tenkan,ashare|us,daily_bar,True
idio_skew,ashare|us,daily_bar,True
idio_vol,ashare|us,daily_bar,True
index_entry_exit_event,ashare|us,index_pit,True
index_event_decay,ashare|us,index_pit,True
index_member,ashare|us,index_pit,True
index_membership_age,ashare|us,index_pit,True
index_reconstitution_churn,ashare|us,index_pit,True
index_weight,ashare|us,index_pit,True
index_weight_change,ashare|us,index_pit,True
index_weight_gap_to_free_float,ashare|us,index_pit,True
industry_rolling_pca_loading,ashare|us,daily_bar,True
industry_size_neutralize,ashare|us,daily_bar,True
intra_abs_return_profile_cosine,ashare|us,minute_bar,True
intra_amihud,ashare|us,minute_bar,True
intra_amount_profile_cosine,ashare|us,minute_bar,True
intra_amount_profile_jsd,ashare|us,minute_bar,True
intra_bar_range_deviation,ashare|us,minute_bar,True
intra_bar_range_persistence,ashare|us,minute_bar,True
intra_beta_asymmetry,ashare|us,minute_bar,True
intra_bipower_variation,ashare|us,minute_bar,True
intra_close_participation,ashare|us,minute_bar,True
intra_concentration,ashare|us,minute_bar,True
intra_continuous_variance,ashare|us,minute_bar,True
intra_down_down_semibeta,ashare|us,minute_bar,True
intra_down_up_semibeta,ashare|us,minute_bar,True
intra_drawdown_depth,ashare|us,minute_bar,True
intra_drawdown_duration,ashare|us,minute_bar,True
intra_drawdown_recovery_half_life,ashare|us,minute_bar,True
intra_entropy,ashare|us,minute_bar,True
intra_extreme_bar_return,ashare|us,minute_bar,True
intra_high_low_affinity,ashare|us,minute_bar,True
intra_high_time,ashare|us,minute_bar,True
intra_idiosyncratic_kurtosis,ashare|us,minute_bar,True
intra_idiosyncratic_kurtosis_ex_self,ashare|us,minute_bar,True
intra_idiosyncratic_skewness,ashare|us,minute_bar,True
intra_idiosyncratic_skewness_ex_self,ashare|us,minute_bar,True
intra_idiosyncratic_variance_ex_self,ashare|us,minute_bar,True
intra_industry_lead_lag_ex_self,ashare|us,minute_bar,True
intra_interval_amount_share,ashare|us,minute_bar,True
intra_interval_illiquidity,ashare|us,minute_bar,True
intra_interval_realized_variance,ashare|us,minute_bar,True
intra_interval_return,ashare|us,minute_bar,True
intra_interval_volume_share,ashare|us,minute_bar,True
intra_interval_vwap_deviation,ashare|us,minute_bar,True
intra_jump_clustering,ashare|us,minute_bar,True
intra_jump_concentration,ashare|us,minute_bar,True
intra_jump_count,ashare|us,minute_bar,True
intra_jump_first_time,ashare|us,minute_bar,True
intra_jump_last_time,ashare|us,minute_bar,True
intra_jump_ratio,ashare|us,minute_bar,True
intra_jump_variation,ashare|us,minute_bar,True
intra_kyle_lambda_proxy,ashare|us,minute_bar,True
intra_limit_duration,ashare,minute_bar,True
intra_limit_first_hit_time,ashare,minute_bar,True
intra_limit_reopen_count,ashare,minute_bar,True
intra_longest_above_vwap_streak,ashare|us,minute_bar,True
intra_longest_below_vwap_streak,ashare|us,minute_bar,True
intra_low_time,ashare|us,minute_bar,True
intra_lunch_gap_return,ashare|us,minute_bar,True
intra_market_lead_lag_ex_self,ashare|us,minute_bar,True
intra_market_model_r2,ashare|us,minute_bar,True
intra_market_model_r2_ex_self,ashare|us,minute_bar,True
intra_max_drawdown,ashare|us,minute_bar,True
intra_max_drawup,ashare|us,minute_bar,True
intra_negative_tail_variation,ashare|us,minute_bar,True
intra_path_efficiency,ashare|us,minute_bar,True
intra_positive_tail_variation,ashare|us,minute_bar,True
intra_price_vwap_max_negative_excursion,ashare|us,minute_bar,True
intra_price_vwap_max_positive_excursion,ashare|us,minute_bar,True
intra_profile_earth_mover_distance,ashare|us,minute_bar,True
intra_realized_beta_ex_self,ashare|us,minute_bar,True
intra_realized_correlation_ex_self,ashare|us,minute_bar,True
intra_realized_kurtosis,ashare|us,minute_bar,True
intra_realized_quarticity,ashare|us,minute_bar,True
intra_realized_semivariance,ashare|us,minute_bar,True
intra_realized_skewness,ashare|us,minute_bar,True
intra_realized_variance,ashare|us,minute_bar,True
intra_return_activity_corr,ashare|us,minute_bar,True
intra_same_slot_momentum,ashare|us,minute_bar,True
intra_same_slot_reversal,ashare|us,minute_bar,True
intra_segment_amount_share,ashare|us,minute_bar,True
intra_segment_realized_vol,ashare|us,minute_bar,True
intra_segment_return,ashare|us,minute_bar,True
intra_segment_volume_share,ashare|us,minute_bar,True
intra_segment_vwap_deviation,ashare|us,minute_bar,True
intra_session_return_asymmetry,ashare|us,minute_bar,True
intra_signed_imbalance_proxy,ashare|us,minute_bar,True
intra_signed_return_profile_cosine,ashare|us,minute_bar,True
intra_signed_tail_variation_ratio,ashare|us,minute_bar,True
intra_slot_amount_surprise,ashare|us,minute_bar,True
intra_slot_volatility_surprise,ashare|us,minute_bar,True
intra_slot_volume_surprise,ashare|us,minute_bar,True
intra_tail_event_count,ashare|us,minute_bar,True
intra_tail_volume_share,ashare|us,minute_bar,True
intra_time_above_vwap,ashare|us,minute_bar,True
intra_tripower_quarticity,ashare|us,minute_bar,True
intra_up_down_semibeta,ashare|us,minute_bar,True
intra_up_up_semibeta,ashare|us,minute_bar,True
intra_ute_high,ashare|us,minute_bar,True
intra_ute_low,ashare|us,minute_bar,True
intra_volume_price_alignment,ashare|us,minute_bar,True
intra_volume_profile_cosine,ashare|us,minute_bar,True
intra_volume_profile_jsd,ashare|us,minute_bar,True
intra_vwap_above_ratio,ashare|us,minute_bar,True
intra_vwap_cross_count,ashare|us,minute_bar,True
intra_vwap_path_curvature,ashare|us,minute_bar,True
intra_vwap_path_curvature_pct,ashare|us,minute_bar,True
intra_vwap_path_slope,ashare|us,minute_bar,True
intra_vwap_path_slope_pct,ashare|us,minute_bar,True
intra_vwap_reversion_speed,ashare|us,minute_bar,True
intraday_activity_duration_curvature,ashare|us,minute_bar,True
intraday_barrier_approach_acceleration,ashare|us,minute_bar,True
intraday_bvc_imbalance,ashare|us,daily_bar,True
intraday_impact_asymmetry,ashare|us,daily_bar,True
intraday_impact_beta,ashare|us,daily_bar,True
intraday_impact_decay_rate,ashare|us,minute_bar,True
intraday_jump_test_stat,ashare|us,daily_bar,True
intraday_medrv,ashare|us,daily_bar,True
intraday_minrv,ashare|us,daily_bar,True
intraday_profile_pca_residual,ashare|us,daily_bar,True
intraday_profile_phase_shift,ashare|us,minute_bar,True
intraday_profile_surprise_energy,ashare|us,minute_bar,True
intraday_quantile_curve_pca_residual,ashare|us,minute_bar,True
intraday_quantile_curve_pca_score,ashare|us,minute_bar,True
intraday_realized_power_variation,ashare|us,minute_bar,True
intraday_realized_semivariance_balance,ashare|us,daily_bar,True
intraday_return_wasserstein_shift,ashare|us,daily_bar,True
intraday_rv_signature_curvature,ashare|us,daily_bar,True
intraday_rv_signature_slope,ashare|us,minute_bar,True
intraday_session_shape_novelty,ashare|us,daily_bar,True
intraday_subsampled_rv_dispersion,ashare|us,minute_bar,True
intraday_volatility,ashare|us,daily_bar,True
intraday_volatility_concentration,ashare|us,daily_bar,True
intraday_volatility_entropy,ashare|us,daily_bar,True
intraday_volatility_signature_slope,ashare|us,minute_bar,True
intraday_volatility_time_centroid,ashare|us,daily_bar,True
intraday_volume_clock_path_efficiency,ashare|us,daily_bar,True
intraday_volume_clock_roughness,ashare|us,daily_bar,True
intraday_vwap_deviation,ashare|us,daily_bar,True
intraday_wasserstein_pair_distance,ashare|us,minute_bar,True
inverse,ashare|us,daily_bar,True
is_finite,ashare|us,daily_bar,True
is_infinite,ashare|us,daily_bar,True
is_nan,ashare|us,daily_bar,True
is_not_null,ashare|us,daily_bar,True
is_null,ashare|us,daily_bar,True
le,ashare|us,daily_bar,True
lerp,ashare|us,daily_bar,True
limit_down_close,ashare,daily_bar,True
limit_up_close,ashare,daily_bar,True
listing_age,ashare|us,daily_bar,True
log,ashare|us,daily_bar,True
log10,ashare|us,daily_bar,True
log2,ashare|us,daily_bar,True
log_abs,ashare|us,daily_bar,True
log_positive_or_nan,ashare|us,daily_bar,True
lqtp_historical_cvar,ashare|us,daily_bar,True
lt,ashare|us,daily_bar,True
market_cap_free_cap_gap,ashare|us,daily_bar,True
maximum,ashare|us,daily_bar,True
minimum,ashare|us,daily_bar,True
multi_index_entry_intensity,ashare|us,daily_bar,True
multiply,ashare|us,daily_bar,True
ne,ashare|us,daily_bar,True
neg,ashare|us,daily_bar,True
normalize,ashare|us,daily_bar,True
not_,ashare|us,daily_bar,True
ohlc_corwin_schultz_spread,ashare|us,daily_bar,True
open_close_return,ashare|us,daily_bar,True
open_to_vwap_return,ashare|us,daily_bar,True
or_,ashare|us,daily_bar,True
overnight_return,ashare|us,daily_bar,True
overnight_volatility,ashare|us,daily_bar,True
panel_mixture_of_experts_score,ashare|us,daily_bar,True
panel_regime_conditioned_forecast,ashare|us,daily_bar,True
panel_rolling_elastic_net_forecast,ashare|us,daily_bar,True
panel_rolling_pca_explained_ratio,ashare|us,daily_bar,True
panel_rolling_pca_loading,ashare|us,daily_bar,True
panel_rolling_pca_resid,ashare|us,daily_bar,True
panel_rolling_pca_resid_momentum,ashare|us,daily_bar,True
panel_rolling_pca_resid_vol,ashare|us,daily_bar,True
panel_rolling_pcr_forecast,ashare|us,daily_bar,True
panel_rolling_pls_forecast,ashare|us,daily_bar,True
parkinson_vol,ashare|us,daily_bar,True
pattern_123_bear,ashare|us,daily_bar,True
pattern_123_bull,ashare|us,daily_bar,True
pattern_ascending_triangle,ashare|us,daily_bar,True
pattern_bear_flag,ashare|us,daily_bar,True
pattern_bear_pennant,ashare|us,daily_bar,True
pattern_breakdown_retest,ashare|us,daily_bar,True
pattern_breakout_retest,ashare|us,daily_bar,True
pattern_broadening,ashare|us,daily_bar,True
pattern_bull_flag,ashare|us,daily_bar,True
pattern_bull_pennant,ashare|us,daily_bar,True
pattern_cup,ashare|us,daily_bar,True
pattern_cup_handle,ashare|us,daily_bar,True
pattern_descending_triangle,ashare|us,daily_bar,True
pattern_double_bottom,ashare|us,daily_bar,True
pattern_double_top,ashare|us,daily_bar,True
pattern_falling_channel,ashare|us,daily_bar,True
pattern_falling_wedge,ashare|us,daily_bar,True
pattern_head_shoulders,ashare|us,daily_bar,True
pattern_inverse_head_shoulders,ashare|us,daily_bar,True
pattern_rectangle,ashare|us,daily_bar,True
pattern_rising_channel,ashare|us,daily_bar,True
pattern_rising_wedge,ashare|us,daily_bar,True
pattern_rounding_bottom,ashare|us,daily_bar,True
pattern_rounding_top,ashare|us,daily_bar,True
pattern_sym_triangle,ashare|us,daily_bar,True
pattern_triple_bottom,ashare|us,daily_bar,True
pattern_triple_top,ashare|us,daily_bar,True
period_average,ashare|us,fundamental_pit,True
period_cagr,ashare|us,fundamental_pit,True
period_change,ashare|us,fundamental_pit,True
period_lag,ashare|us,fundamental_pit,True
period_stability,ashare|us,fundamental_pit,True
piotroski_f_score,ashare|us,fundamental_pit,True
piotroski_f_score_tolerant,ashare|us,daily_bar,True
piotroski_observed_count,ashare|us,daily_bar,True
piotroski_partial_score,ashare|us,daily_bar,True
power,ashare|us,daily_bar,True
price_impact,ashare|us,daily_bar,True
price_spread_deviation,ashare|us,daily_bar,True
price_turnover_divergence,ashare|us,daily_bar,True
price_volume_divergence,ashare|us,daily_bar,True
quarter_from_cumulative,ashare|us,fundamental_pit,True
range_volatility,ashare|us,daily_bar,True
rank,ashare|us,daily_bar,True
rank_corr,ashare|us,daily_bar,True
real_turnover_rate,ashare|us,daily_bar,True
relation_category_share,ashare|us,relation_pit,True
relation_category_signed_contribution,ashare|us,relation_pit,True
relation_concentration_acceleration,ashare|us,relation_pit,True
relation_diffusion_score,ashare|us,relation_pit,True
relation_distinct_count,ashare|us,relation_pit,True
relation_distribution_excess_kurtosis,ashare|us,relation_pit,True
relation_distribution_pearson_kurtosis,ashare|us,relation_pit,True
relation_distribution_skew,ashare|us,relation_pit,True
relation_entropy,ashare|us,relation_pit,True
relation_entropy_change,ashare|us,relation_pit,True
relation_entry_count,ashare|us,relation_pit,True
relation_exit_count,ashare|us,relation_pit,True
relation_hhi,ashare|us,relation_pit,True
relation_hhi_change,ashare|us,relation_pit,True
relation_overlap_ratio,ashare|us,relation_pit,True
relation_peer_weighted_mean_ex_self,ashare|us,relation_pit,True
relation_rank_entity_mobility,ashare|us,relation_pit,True
relation_rank_mobility,ashare|us,relation_pit,True
relation_rank_weighted_sum,ashare|us,relation_pit,True
relation_share_mobility,ashare|us,relation_pit,True
relation_topk_concentration,ashare|us,relation_pit,True
relation_topk_sum,ashare|us,relation_pit,True
relation_weighted_change,ashare|us,relation_pit,True
relation_weighted_std_ex_self,ashare|us,relation_pit,True
relative_volume,ashare|us,daily_bar,True
report_benford_js_divergence,ashare|us,daily_bar,True
report_change_breadth,ashare|us,fundamental_pit,True
report_change_coherence,ashare|us,fundamental_pit,True
report_filing_delay_surprise,ashare|us,fundamental_pit,True
report_revision_magnitude,ashare|us,daily_bar,True
report_rolling_mean,ashare|us,fundamental_pit,True
report_yoy_lag,ashare|us,fundamental_pit,True
residual_momentum_capm,ashare|us,daily_bar,True
return_per_turnover,ashare|us,daily_bar,True
return_turnover_beta,ashare|us,daily_bar,True
return_volume_beta,ashare|us,daily_bar,True
return_volume_corr,ashare|us,daily_bar,True
revision_delta,ashare|us,fundamental_pit,True
rogers_satchell_vol,ashare|us,daily_bar,True
roll_spread_proxy,ashare|us,daily_bar,True
rolling_adl_flow,ashare|us,daily_bar,True
rolling_beta_to_market,ashare|us,daily_bar,True
rolling_obv,ashare|us,daily_bar,True
rolling_pvt,ashare|us,daily_bar,True
rolling_vwap,ashare|us,daily_bar,True
round,ashare|us,daily_bar,True
row_sum_skipna,ashare|us,fundamental_pit,True
safe_div_null,ashare|us,daily_bar,True
saturate,ashare|us,daily_bar,True
scale,ashare|us,daily_bar,True
session_event_recovery_score,ashare|us,minute_bar,True
sigmoid,ashare|us,daily_bar,True
sign,ashare|us,daily_bar,True
signed_dollar_volume,ashare|us,daily_bar,True
signed_log,ashare|us,daily_bar,True
signed_power,ashare|us,daily_bar,True
signed_sqrt,ashare|us,daily_bar,True
signed_volume,ashare|us,daily_bar,True
signed_volume_imbalance,ashare|us,daily_bar,True
sin_phase,ashare|us,daily_bar,True
size_neutralize,ashare|us,daily_bar,True
sqrt,ashare|us,daily_bar,True
sqrt_abs,ashare|us,daily_bar,True
square,ashare|us,daily_bar,True
state_deadband,ashare|us,daily_bar,True
state_episode_efficiency,ashare|us,daily_bar,True
state_episode_excursion_balance,ashare|us,daily_bar,True
state_episode_mae,ashare|us,daily_bar,True
state_episode_mfe,ashare|us,daily_bar,True
state_episode_retrace_ratio,ashare|us,daily_bar,True
state_ewm_if,ashare|us,daily_bar,True
state_hold,ashare|us,daily_bar,True
state_latch,ashare|us,daily_bar,True
state_since_count,ashare|us,daily_bar,True
state_since_last,ashare|us,daily_bar,True
state_since_mean,ashare|us,daily_bar,True
state_since_sum,ashare|us,daily_bar,True
state_since_trend_tstat,ashare|us,daily_bar,True
state_slew_limit,ashare|us,daily_bar,True
subtract,ashare|us,daily_bar,True
suspension_frequency,ashare,daily_bar,True
suspension_status_coverage,ashare,daily_bar,True
tail_beta,ashare|us,daily_bar,True
tanh,ashare|us,daily_bar,True
tradable_state,ashare|us,daily_bar,True
trade_when,ashare|us,daily_bar,True
true_range,ashare|us,daily_bar,True
true_turnover_rate,ashare|us,daily_bar,True
truncate,ashare|us,daily_bar,True
ts_abdi_ranaldo_spread,ashare|us,daily_bar,True
ts_abs_concentration,ashare|us,daily_bar,True
ts_abs_entropy,ashare|us,daily_bar,True
ts_abs_entropy_nats,ashare|us,daily_bar,True
ts_abs_entropy_normalized,ashare|us,daily_bar,True
ts_active_information_storage,ashare|us,daily_bar,True
ts_activity_clock_age,ashare|us,daily_bar,True
ts_activity_clock_lagged_value,ashare|us,daily_bar,True
ts_activity_clock_lagged_value_prior,ashare|us,daily_bar,True
ts_ar_coeff_stability,ashare|us,daily_bar,True
ts_ar_coefficient,ashare|us,daily_bar,True
ts_ar_fitted_value,ashare|us,daily_bar,True
ts_ar_in_sample_resid,ashare|us,daily_bar,True
ts_ar_prior_coeff,ashare|us,daily_bar,True
ts_ar_prior_forecast,ashare|us,daily_bar,True
ts_ar_prior_innovation,ashare|us,daily_bar,True
ts_ar_prior_innovation_z,ashare|us,daily_bar,True
ts_argmax,ashare|us,daily_bar,True
ts_argmax_age,ashare|us,daily_bar,True
ts_argmax_index_from_oldest,ashare|us,daily_bar,True
ts_argmin,ashare|us,daily_bar,True
ts_argmin_age,ashare|us,daily_bar,True
ts_argmin_index_from_oldest,ashare|us,daily_bar,True
ts_autocorr,ashare|us,daily_bar,True
ts_autocorr_decay_half_life,ashare|us,daily_bar,True
ts_autocorrelation_time,ashare|us,daily_bar,True
ts_autocorrelation_time_initial_positive_sequence,ashare|us,daily_bar,True
ts_average_volume,ashare|us,daily_bar,True
ts_bds_statistic,ashare|us,daily_bar,True
ts_best_lag_corr_excess,ashare|us,daily_bar,True
ts_best_lag_corr_raw,ashare|us,daily_bar,True
ts_beta,ashare|us,daily_bar,True
ts_beta_break_score,ashare|us,daily_bar,True
ts_beta_if,ashare|us,daily_bar,True
ts_betti_1_max_persistence,ashare|us,daily_bar,True
ts_bicoherence_top_decile_excess,ashare|us,daily_bar,True
ts_bicoherence_top_decile_mean,ashare|us,daily_bar,True
ts_binned_response_curvature,ashare|us,daily_bar,True
ts_binned_response_monotonicity,ashare|us,daily_bar,True
ts_bottomk_mean,ashare|us,daily_bar,True
ts_bottomk_std,ashare|us,daily_bar,True
ts_bottomk_sum,ashare|us,daily_bar,True
ts_breakdown_low,ashare|us,daily_bar,True
ts_breakout_high,ashare|us,daily_bar,True
ts_bures_corr_shift,ashare|us,daily_bar,True
ts_change_point_probability,ashare|us,daily_bar,True
ts_channel_position,ashare|us,daily_bar,True
ts_channel_width,ashare|us,daily_bar,True
ts_channel_width_atr,ashare|us,daily_bar,True
ts_channel_width_pct,ashare|us,daily_bar,True
ts_channel_width_slope,ashare|us,daily_bar,True
ts_chatterjee_xi,ashare|us,daily_bar,True
ts_chord_excursion_area,ashare|us,daily_bar,True
ts_conditional_mutual_information,ashare|us,daily_bar,True
ts_conditional_transfer_entropy,ashare|us,daily_bar,True
ts_confirmed_pivot_high,ashare|us,daily_bar,True
ts_confirmed_pivot_low,ashare|us,daily_bar,True
ts_consolidation_slope,ashare|us,daily_bar,True
ts_consolidation_volume_decay,ashare|us,daily_bar,True
ts_consolidation_width,ashare|us,daily_bar,True
ts_copula_central_asymmetry,ashare|us,daily_bar,True
ts_corr,ashare|us,daily_bar,True
ts_corr_if,ashare|us,daily_bar,True
ts_count_if,ashare|us,daily_bar,True
ts_cov,ashare|us,daily_bar,True
ts_cov_if,ashare|us,daily_bar,True
ts_coverage_ratio,ashare|us,daily_bar,True
ts_cpt_value,ashare|us,daily_bar,True
ts_cross_extremogram,ashare|us,daily_bar,True
ts_cross_quantilogram,ashare|us,daily_bar,True
ts_cross_spectral_coherence,ashare|us,daily_bar,True
ts_cross_spectral_phase,ashare|us,daily_bar,True
ts_crossing_acceleration,ashare|us,daily_bar,True
ts_crossing_speed,ashare|us,daily_bar,True
ts_cumulative_deviation_score,ashare|us,daily_bar,True
ts_current_drawdown_area,ashare|us,daily_bar,True
ts_current_drawdown_duration,ashare|us,daily_bar,True
ts_cusum_pressure,ashare|us,daily_bar,True
ts_cusum_vol_break_score,ashare|us,daily_bar,True
ts_days_since,ashare|us,daily_bar,True
ts_days_since_high,ashare|us,daily_bar,True
ts_days_since_low,ashare|us,daily_bar,True
ts_dc_duration_asymmetry,ashare|us,daily_bar,True
ts_dc_event_rate,ashare|us,daily_bar,True
ts_dc_overshoot_asymmetry,ashare|us,daily_bar,True
ts_dc_overshoot_ratio,ashare|us,daily_bar,True
ts_decay_exp_window,ashare|us,daily_bar,True
ts_decay_linear,ashare|us,daily_bar,True
ts_delay,ashare|us,daily_bar,True
ts_delay_intrinsic_dimension,ashare|us,daily_bar,True
ts_delta,ashare|us,daily_bar,True
ts_detrended_level_spectral_entropy,ashare|us,daily_bar,True
ts_dfa_hurst,ashare|us,daily_bar,True
ts_distance_corr,ashare|us,daily_bar,True
ts_distance_correlation_partial_proxy,ashare|us,daily_bar,True
ts_distance_cov,ashare|us,daily_bar,True
ts_distance_to_high,ashare|us,daily_bar,True
ts_distance_to_low,ashare|us,daily_bar,True
ts_distance_to_resistance,ashare|us,daily_bar,True
ts_distance_to_support,ashare|us,daily_bar,True
ts_dmd_level_dominant_frequency,ashare|us,daily_bar,True
ts_dmd_level_dominant_growth_rate,ashare|us,daily_bar,True
ts_dmd_level_mode_concentration,ashare|us,daily_bar,True
ts_dmd_return_dominant_frequency,ashare|us,daily_bar,True
ts_dmd_return_dominant_growth_rate,ashare|us,daily_bar,True
ts_dmd_return_mode_concentration,ashare|us,daily_bar,True
ts_dominant_cycle_period,ashare|us,daily_bar,True
ts_downside_deviation,ashare|us,daily_bar,True
ts_edge_effective_spread,ashare|us,daily_bar,True
ts_effective_transfer_entropy,ashare|us,daily_bar,True
ts_effective_turning_rate,ashare|us,daily_bar,True
ts_ema,ashare|us,daily_bar,True
ts_endpoint_deviation,ashare|us,daily_bar,True
ts_energy_break_score,ashare|us,daily_bar,True
ts_envelope_boundary_dwell,ashare|us,daily_bar,True
ts_envelope_compression,ashare|us,daily_bar,True
ts_envelope_pressure,ashare|us,daily_bar,True
ts_event_spacing_cv,ashare|us,daily_bar,True
ts_event_spacing_mean,ashare|us,daily_bar,True
ts_evt_threshold_stability,ashare|us,daily_bar,True
ts_ewm_corr,ashare|us,daily_bar,True
ts_ewm_cov,ashare|us,daily_bar,True
ts_ewm_std,ashare|us,daily_bar,True
ts_ewm_var,ashare|us,daily_bar,True
ts_expected_shortfall,ashare|us,daily_bar,True
ts_expected_shortfall_asymmetry,ashare|us,daily_bar,True
ts_expectile,ashare|us,daily_bar,True
ts_expectile_beta,ashare|us,daily_bar,True
ts_expectile_beta_spread,ashare|us,daily_bar,True
ts_expectile_regression_coeff_prior,ashare|us,daily_bar,True
ts_expectile_regression_forecast_error,ashare|us,daily_bar,True
ts_extrema_confirmation_rate,ashare|us,daily_bar,True
ts_extrema_divergence_strength,ashare|us,daily_bar,True
ts_extremal_dependence_decay,ashare|us,daily_bar,True
ts_extremal_index,ashare|us,daily_bar,True
ts_extreme_cluster_ratio,ashare|us,daily_bar,True
ts_extremogram,ashare|us,daily_bar,True
ts_feature_effective_rank,ashare|us,daily_bar,True
ts_feature_mode_share,ashare|us,daily_bar,True
ts_feature_pca_reconstruction_error,ashare|us,daily_bar,True
ts_feature_subspace_rotation,ashare|us,daily_bar,True
ts_ffill_limited,ashare|us,daily_bar,True
ts_first_passage_bias,ashare|us,daily_bar,True
ts_first_passage_conditional_time,ashare|us,daily_bar,True
ts_first_passage_hit_probability,ashare|us,daily_bar,True
ts_fisher_information_shift,ashare|us,daily_bar,True
ts_forbidden_ordinal_pattern_excess,ashare|us,daily_bar,True
ts_forbidden_ordinal_pattern_ratio,ashare|us,daily_bar,True
ts_forbidden_ordinal_pattern_signed_excess,ashare|us,daily_bar,True
ts_fractional_difference,ashare|us,daily_bar,True
ts_fractional_difference_discarded_weight_mass,ashare|us,daily_bar,True
ts_gap_fill_ratio,ashare|us,daily_bar,True
ts_gap_reversion_ratio,ashare|us,daily_bar,True
ts_gap_survival_duration,ashare|us,daily_bar,True
ts_garch_next_vol_forecast,ashare|us,daily_bar,True
ts_garch_persistence,ashare|us,daily_bar,True
ts_garch_standardized_shock,ashare|us,daily_bar,True
ts_garch_vol_surprise,ashare|us,daily_bar,True
ts_generalized_hurst_exponent,ashare|us,daily_bar,True
ts_generalized_hurst_spread_q1_q4,ashare|us,daily_bar,True
ts_gjr_garch_vol_forecast,ashare|us,daily_bar,True
ts_gjr_leverage,ashare|us,daily_bar,True
ts_glr_mean_shift_score,ashare|us,daily_bar,True
ts_glr_variance_shift_score,ashare|us,daily_bar,True
ts_gpd_shape_pwm,ashare|us,daily_bar,True
ts_hankel_effective_rank,ashare|us,daily_bar,True
ts_hankel_singular_gap,ashare|us,daily_bar,True
ts_har_from_return_forecast_error_z,ashare|us,daily_bar,True
ts_har_from_return_next_vol,ashare|us,daily_bar,True
ts_har_rv_forecast,ashare|us,daily_bar,True
ts_har_rv_forecast_error_z,ashare|us,daily_bar,True
ts_har_rv_innovation_z,ashare|us,daily_bar,True
ts_har_rv_next_var_forecast,ashare|us,daily_bar,True
ts_har_rv_next_vol_forecast,ashare|us,daily_bar,True
ts_hartigan_dip,ashare|us,daily_bar,True
ts_higuchi_fractal_dimension,ashare|us,daily_bar,True
ts_hill_tail_index,ashare|us,daily_bar,True
ts_hodges_lehmann_location,ashare|us,daily_bar,True
ts_hsic,ashare|us,daily_bar,True
ts_huber_regression_coeff_prior,ashare|us,daily_bar,True
ts_huber_regression_forecast_error,ashare|us,daily_bar,True
ts_huber_regression_forecast_error_z,ashare|us,daily_bar,True
ts_huber_regression_predictive_resid,ashare|us,daily_bar,True
ts_hurst_dfa,ashare|us,daily_bar,True
ts_hvg_assortativity,ashare|us,daily_bar,True
ts_hvg_clustering_coefficient,ashare|us,daily_bar,True
ts_hvg_degree_entropy,ashare|us,daily_bar,True
ts_hvg_forward_backward_asymmetry,ashare|us,daily_bar,True
ts_hvg_motif_entropy,ashare|us,daily_bar,True
ts_hysteresis_age,ashare|us,daily_bar,True
ts_hysteresis_state,ashare|us,daily_bar,True
ts_impulse_return,ashare|us,daily_bar,True
ts_impulse_strength,ashare|us,daily_bar,True
ts_impulse_volume,ashare|us,daily_bar,True
ts_industry_liquidity_beta,ashare|us,daily_bar,True
ts_interval_exploration_efficiency,ashare|us,daily_bar,True
ts_interval_nesting_depth,ashare|us,daily_bar,True
ts_interval_occupancy_entropy,ashare|us,daily_bar,True
ts_interval_occupancy_mode_distance,ashare|us,daily_bar,True
ts_interval_overlap_connected_component_ratio,ashare|us,daily_bar,True
ts_interval_union_coverage,ashare|us,daily_bar,True
ts_joint_energy_shift,ashare|us,daily_bar,True
ts_jump_bipower_proxy,ashare|us,daily_bar,True
ts_kalman_beta,ashare|us,daily_bar,True
ts_kalman_beta_change,ashare|us,daily_bar,True
ts_kalman_beta_uncertainty,ashare|us,daily_bar,True
ts_kalman_innovation_z,ashare|us,daily_bar,True
ts_kalman_level,ashare|us,daily_bar,True
ts_kalman_trend,ashare|us,daily_bar,True
ts_kernel_granger_score,ashare|us,daily_bar,True
ts_km_diffusion_gradient,ashare|us,daily_bar,True
ts_km_equilibrium_distance,ashare|us,daily_bar,True
ts_km_quasipotential_depth,ashare|us,daily_bar,True
ts_kramers_moyal_diffusion,ashare|us,daily_bar,True
ts_kramers_moyal_drift,ashare|us,daily_bar,True
ts_kramers_moyal_local_stability,ashare|us,daily_bar,True
ts_ks_shift,ashare|us,daily_bar,True
ts_kurt,ashare|us,daily_bar,True
ts_l_kurtosis,ashare|us,daily_bar,True
ts_l_skewness,ashare|us,daily_bar,True
ts_lag_of_peak_corr,ashare|us,daily_bar,True
ts_lagged_mutual_information,ashare|us,daily_bar,True
ts_last_if,ashare|us,daily_bar,True
ts_last_pivot_high,ashare|us,daily_bar,True
ts_last_pivot_low,ashare|us,daily_bar,True
ts_lempel_ziv_complexity,ashare|us,daily_bar,True
ts_level_shift_score,ashare|us,daily_bar,True
ts_leverage_effect,ashare|us,daily_bar,True
ts_line_convergence,ashare|us,daily_bar,True
ts_line_parallelism,ashare|us,daily_bar,True
ts_lo_mackinlay_vr,ashare|us,daily_bar,True
ts_lo_mackinlay_z,ashare|us,daily_bar,True
ts_local_lyapunov_exponent,ashare|us,daily_bar,True
ts_location_shift,ashare|us,daily_bar,True
ts_log_return,ashare|us,daily_bar,True
ts_lower_partial_moment,ashare|us,daily_bar,True
ts_lower_tail_coexceedance_probability,ashare|us,daily_bar,True
ts_lz_complexity,ashare|us,daily_bar,True
ts_mad,ashare|us,daily_bar,True
ts_market_liquidity_beta,ashare|us,daily_bar,True
ts_markov_committor,ashare|us,daily_bar,True
ts_markov_entropy_production,ashare|us,daily_bar,True
ts_markov_mean_first_passage_time,ashare|us,daily_bar,True
ts_markov_persistence,ashare|us,daily_bar,True
ts_markov_spectral_gap,ashare|us,daily_bar,True
ts_markov_state_entropy,ashare|us,daily_bar,True
ts_markov_stationary_surprisal,ashare|us,daily_bar,True
ts_markov_transition_surprisal,ashare|us,daily_bar,True
ts_mass_concentration,ashare|us,daily_bar,True
ts_matrix_profile_discord_score,ashare|us,daily_bar,True
ts_matrix_profile_motif_age,ashare|us,daily_bar,True
ts_matrix_profile_motif_frequency,ashare|us,daily_bar,True
ts_matrix_profile_neighbor_dispersion,ashare|us,daily_bar,True
ts_matrix_profile_novelty,ashare|us,daily_bar,True
ts_max,ashare|us,daily_bar,True
ts_max_buildup,ashare|us,daily_bar,True
ts_max_chord_excursion,ashare|us,daily_bar,True
ts_max_drawdown,ashare|us,daily_bar,True
ts_max_drawdown_activity_cost,ashare|us,daily_bar,True
ts_max_if,ashare|us,daily_bar,True
ts_mean,ashare|us,daily_bar,True
ts_mean_abs_deviation,ashare|us,daily_bar,True
ts_mean_excess_slope,ashare|us,daily_bar,True
ts_mean_if,ashare|us,daily_bar,True
ts_mean_reversion_ou_approx_half_life,ashare|us,daily_bar,True
ts_median,ashare|us,daily_bar,True
ts_median_abs_deviation,ashare|us,daily_bar,True
ts_min,ashare|us,daily_bar,True
ts_min_if,ashare|us,daily_bar,True
ts_mmd_rbf_shift,ashare|us,daily_bar,True
ts_modwt_band_corr,ashare|us,daily_bar,True
ts_moment,ashare|us,daily_bar,True
ts_monotonicity,ashare|us,daily_bar,True
ts_motif_recurrence_count,ashare|us,daily_bar,True
ts_multi_regression_adjusted_r2_prior,ashare|us,daily_bar,True
ts_multi_regression_coeff_prior,ashare|us,daily_bar,True
ts_multi_regression_coeff_stability,ashare|us,daily_bar,True
ts_multi_regression_forecast_error,ashare|us,daily_bar,True
ts_multi_regression_forecast_error_z,ashare|us,daily_bar,True
ts_multi_regression_r2_prior,ashare|us,daily_bar,True
ts_multifractal_asymmetry,ashare|us,daily_bar,True
ts_multifractal_curvature,ashare|us,daily_bar,True
ts_multifractal_spectrum_width,ashare|us,daily_bar,True
ts_multiscale_entropy_slope,ashare|us,daily_bar,True
ts_multiscale_permutation_entropy_slope,ashare|us,daily_bar,True
ts_multiscale_trend_consensus,ashare|us,daily_bar,True
ts_multiscale_trend_curvature,ashare|us,daily_bar,True
ts_multiscale_trend_dispersion,ashare|us,daily_bar,True
ts_mutual_information,ashare|us,daily_bar,True
ts_nearest_structural_level_distance,ashare|us,daily_bar,True
ts_negative_ratio,ashare|us,daily_bar,True
ts_new_high,ashare|us,daily_bar,True
ts_new_low,ashare|us,daily_bar,True
ts_nth_pivot_high,ashare|us,daily_bar,True
ts_nth_pivot_high_age,ashare|us,daily_bar,True
ts_nth_pivot_low,ashare|us,daily_bar,True
ts_nth_pivot_low_age,ashare|us,daily_bar,True
ts_nth_value,ashare|us,daily_bar,True
ts_opening_mispricing_score,ashare|us,daily_bar,True
ts_ordinal_irreversibility,ashare|us,daily_bar,True
ts_overnight_intraday_cov,ashare|us,daily_bar,True
ts_overnight_intraday_sign_agreement,ashare|us,daily_bar,True
ts_overnight_intraday_spread,ashare|us,daily_bar,True
ts_partial_corr,ashare|us,daily_bar,True
ts_pastor_stambaugh_liquidity_gamma,ashare|us,daily_bar,True
ts_path_efficiency,ashare|us,daily_bar,True
ts_path_leadlag_area,ashare|us,daily_bar,True
ts_path_signature_area,ashare|us,daily_bar,True
ts_path_signature_depth2_norm,ashare|us,daily_bar,True
ts_pattern_symmetry,ashare|us,daily_bar,True
ts_pct,ashare|us,daily_bar,True
ts_permutation_entropy,ashare|us,daily_bar,True
ts_permutation_transition_entropy,ashare|us,daily_bar,True
ts_persistence_birth_dispersion,ashare|us,daily_bar,True
ts_persistence_diagram_shift,ashare|us,daily_bar,True
ts_persistence_entropy_h0,ashare|us,daily_bar,True
ts_persistence_entropy_h1,ashare|us,daily_bar,True
ts_pettitt_change_score,ashare|us,daily_bar,True
ts_pickands_tail_index,ashare|us,daily_bar,True
ts_pivot_high_age,ashare|us,daily_bar,True
ts_pivot_high_count,ashare|us,daily_bar,True
ts_pivot_high_spacing,ashare|us,daily_bar,True
ts_pivot_low_age,ashare|us,daily_bar,True
ts_pivot_low_count,ashare|us,daily_bar,True
ts_pivot_low_spacing,ashare|us,daily_bar,True
ts_poly2_forecast_error,ashare|us,daily_bar,True
ts_poly2_forecast_error_z,ashare|us,daily_bar,True
ts_poly2_prior_coeff,ashare|us,daily_bar,True
ts_positive_ratio,ashare|us,daily_bar,True
ts_prev_high,ashare|us,daily_bar,True
ts_prev_low,ashare|us,daily_bar,True
ts_price_delay,ashare|us,daily_bar,True
ts_product,ashare|us,daily_bar,True
ts_pseudocount_sample_entropy,ashare|us,daily_bar,True
ts_qn_scale,ashare|us,daily_bar,True
ts_quantile,ashare|us,daily_bar,True
ts_quantile_beta_spread,ashare|us,daily_bar,True
ts_quantile_crossing_spectral_concentration,ashare|us,daily_bar,True
ts_quantile_if,ashare|us,daily_bar,True
ts_quantile_kurtosis,ashare|us,daily_bar,True
ts_quantile_range,ashare|us,daily_bar,True
ts_quantile_regression_coeff_prior,ashare|us,daily_bar,True
ts_quantile_skew,ashare|us,daily_bar,True
ts_quantile_transport_curvature,ashare|us,daily_bar,True
ts_quantile_transport_slope,ashare|us,daily_bar,True
ts_quantilogram,ashare|us,daily_bar,True
ts_range_expansion,ashare|us,daily_bar,True
ts_rank,ashare|us,daily_bar,True
ts_rank_if,ashare|us,daily_bar,True
ts_ratio,ashare|us,daily_bar,True
ts_realized_quarticity,ashare|us,daily_bar,True
ts_recovery_fraction,ashare|us,daily_bar,True
ts_recurrence_determinism,ashare|us,daily_bar,True
ts_recurrence_diagonal_entropy,ashare|us,daily_bar,True
ts_recurrence_divergence,ashare|us,daily_bar,True
ts_recurrence_laminarity,ashare|us,daily_bar,True
ts_recurrence_longest_vertical_length,ashare|us,daily_bar,True
ts_recurrence_mean_diagonal_length,ashare|us,daily_bar,True
ts_recurrence_rate,ashare|us,daily_bar,True
ts_recurrence_trapping_time,ashare|us,daily_bar,True
ts_regime_duration,ashare|us,daily_bar,True
ts_regression_forecast_error,ashare|us,daily_bar,True
ts_regression_forecast_error_z,ashare|us,daily_bar,True
ts_regression_in_sample_resid,ashare|us,daily_bar,True
ts_regression_intercept,ashare|us,daily_bar,True
ts_regression_r2,ashare|us,daily_bar,True
ts_regression_resid,ashare|us,daily_bar,True
ts_regression_resid_if,ashare|us,daily_bar,True
ts_regression_resid_mean,ashare|us,daily_bar,True
ts_regression_slope,ashare|us,daily_bar,True
ts_regression_tstat,ashare|us,daily_bar,True
ts_residualized_hsic,ashare|us,daily_bar,True
ts_resistance_break,ashare|us,daily_bar,True
ts_resistance_fit_r2,ashare|us,daily_bar,True
ts_resistance_level,ashare|us,daily_bar,True
ts_resistance_log_slope,ashare|us,daily_bar,True
ts_resistance_slope,ashare|us,daily_bar,True
ts_response_slope_asymmetry,ashare|us,daily_bar,True
ts_return_spectral_entropy,ashare|us,daily_bar,True
ts_ridge_regression_coeff_prior,ashare|us,daily_bar,True
ts_ridge_regression_forecast_error,ashare|us,daily_bar,True
ts_ridge_regression_forecast_error_z,ashare|us,daily_bar,True
ts_ridge_regression_predictive_resid,ashare|us,daily_bar,True
ts_robust_zscore_inclusive,ashare|us,daily_bar,True
ts_robust_zscore_prior,ashare|us,daily_bar,True
ts_roll_effective_spread,ashare|us,daily_bar,True
ts_rolling_sr_gaussian_mean_shift_score,ashare|us,daily_bar,True
ts_roughness,ashare|us,daily_bar,True
ts_rqa_determinism_fixed_rr,ashare|us,daily_bar,True
ts_rqa_laminarity_fixed_rr,ashare|us,daily_bar,True
ts_run_concentration,ashare|us,daily_bar,True
ts_run_efficiency,ashare|us,daily_bar,True
ts_run_strength,ashare|us,daily_bar,True
ts_sample_entropy,ashare|us,daily_bar,True
ts_scale_shift,ashare|us,daily_bar,True
ts_score_rank_weighted_mean,ashare|us,daily_bar,True
ts_semivariance_balance,ashare|us,daily_bar,True
ts_sharpe,ashare|us,daily_bar,True
ts_sign_cluster_index,ashare|us,daily_bar,True
ts_sign_persistence,ashare|us,daily_bar,True
ts_signature_mahalanobis_anomaly,ashare|us,daily_bar,True
ts_skew,ashare|us,daily_bar,True
ts_sma_cn,ashare|us,daily_bar,True
ts_spectral_centroid,ashare|us,daily_bar,True
ts_spectral_entropy,ashare|us,daily_bar,True
ts_spectral_flatness,ashare|us,daily_bar,True
ts_spectral_low_frequency_ratio,ashare|us,daily_bar,True
ts_spectral_peak_concentration,ashare|us,daily_bar,True
ts_spectral_quality_factor,ashare|us,daily_bar,True
ts_ssa_reconstruction_residual,ashare|us,daily_bar,True
ts_staleness,ashare|us,daily_bar,True
ts_state_age_percentile,ashare|us,daily_bar,True
ts_state_density,ashare|us,daily_bar,True
ts_state_entry_strength,ashare|us,daily_bar,True
ts_state_exit_hazard,ashare|us,daily_bar,True
ts_state_integral,ashare|us,daily_bar,True
ts_state_residual_life,ashare|us,daily_bar,True
ts_std,ashare|us,daily_bar,True
ts_std_if,ashare|us,daily_bar,True
ts_stratified_mean_spread,ashare|us,daily_bar,True
ts_structural_level_density,ashare|us,daily_bar,True
ts_structural_level_strength,ashare|us,daily_bar,True
ts_sum,ashare|us,daily_bar,True
ts_sum_decay,ashare|us,daily_bar,True
ts_sum_if,ashare|us,daily_bar,True
ts_support_break,ashare|us,daily_bar,True
ts_support_fit_r2,ashare|us,daily_bar,True
ts_support_level,ashare|us,daily_bar,True
ts_support_log_slope,ashare|us,daily_bar,True
ts_support_slope,ashare|us,daily_bar,True
ts_swing_amplitude,ashare|us,daily_bar,True
ts_swing_amplitude_atr,ashare|us,daily_bar,True
ts_swing_amplitude_pct,ashare|us,daily_bar,True
ts_swing_duration,ashare|us,daily_bar,True
ts_swing_velocity,ashare|us,daily_bar,True
ts_tail_imbalance,ashare|us,daily_bar,True
ts_tail_mean,ashare|us,daily_bar,True
ts_tail_ratio,ashare|us,daily_bar,True
ts_threshold_cycle_asymmetry,ashare|us,daily_bar,True
ts_threshold_cycle_period,ashare|us,daily_bar,True
ts_time_since_change,ashare|us,daily_bar,True
ts_time_slope,ashare|us,daily_bar,True
ts_time_under_water,ashare|us,daily_bar,True
ts_topk_mean,ashare|us,daily_bar,True
ts_topk_std,ashare|us,daily_bar,True
ts_topk_sum,ashare|us,daily_bar,True
ts_transfer_entropy,ashare|us,daily_bar,True
ts_transfer_entropy_peak_excess,ashare|us,daily_bar,True
ts_transfer_entropy_peak_lag,ashare|us,daily_bar,True
ts_transfer_entropy_peak_strength,ashare|us,daily_bar,True
ts_transition_count,ashare|us,daily_bar,True
ts_transition_intensity,ashare|us,daily_bar,True
ts_trend_break_score,ashare|us,daily_bar,True
ts_trend_tstat,ashare|us,daily_bar,True
ts_trimmed_mean,ashare|us,daily_bar,True
ts_true_streak,ashare|us,daily_bar,True
ts_turning_intensity,ashare|us,daily_bar,True
ts_turning_point_ratio,ashare|us,daily_bar,True
ts_turning_rate,ashare|us,daily_bar,True
ts_turnover_age_dispersion,ashare|us,daily_bar,True
ts_turnover_cost_dispersion,ashare|us,daily_bar,True
ts_turnover_cost_entropy,ashare|us,daily_bar,True
ts_turnover_cost_entropy_vol_scaled,ashare|us,daily_bar,True
ts_turnover_cost_mode_distance,ashare|us,daily_bar,True
ts_turnover_cost_quantile_distance,ashare|us,daily_bar,True
ts_turnover_cost_skew,ashare|us,daily_bar,True
ts_turnover_holding_age,ashare|us,daily_bar,True
ts_turnover_near_cost_mass,ashare|us,daily_bar,True
ts_turnover_old_mass,ashare|us,daily_bar,True
ts_turnover_profit_share,ashare|us,daily_bar,True
ts_turnover_reference_price,ashare|us,daily_bar,True
ts_two_state_regime_probability,ashare|us,daily_bar,True
ts_upper_partial_moment,ashare|us,daily_bar,True
ts_upper_tail_coexceedance_probability,ashare|us,daily_bar,True
ts_upside_deviation,ashare|us,daily_bar,True
ts_valid_count,ashare|us,daily_bar,True
ts_value_at_argextreme,ashare|us,daily_bar,True
ts_var,ashare|us,daily_bar,True
ts_variance_ratio_proxy,ashare|us,daily_bar,True
ts_variance_ratio_slope,ashare|us,daily_bar,True
ts_variogram_slope,ashare|us,daily_bar,True
ts_vector_path_curvature,ashare|us,daily_bar,True
ts_vector_path_efficiency,ashare|us,daily_bar,True
ts_vector_self_intersection_rate,ashare|us,daily_bar,True
ts_vector_state_local_density,ashare|us,daily_bar,True
ts_vector_state_mahalanobis,ashare|us,daily_bar,True
ts_vector_turning_coherence,ashare|us,daily_bar,True
ts_vol_acceleration,ashare|us,daily_bar,True
ts_vol_clustering,ashare|us,daily_bar,True
ts_vol_of_vol,ashare|us,daily_bar,True
ts_vol_pvariation_roughness,ashare|us,daily_bar,True
ts_vol_scaling_break,ashare|us,daily_bar,True
ts_vol_shift_score,ashare|us,daily_bar,True
ts_vol_term_structure,ashare|us,daily_bar,True
ts_wasserstein_shift,ashare|us,daily_bar,True
ts_wavelet_energy_slope,ashare|us,daily_bar,True
ts_wavelet_entropy,ashare|us,daily_bar,True
ts_wavelet_high_frequency_ratio,ashare|us,daily_bar,True
ts_wavelet_low_frequency_ratio,ashare|us,daily_bar,True
ts_wavelet_lowpass_reconstruct,ashare|us,daily_bar,True
ts_weighted_downside_deviation,ashare|us,daily_bar,True
ts_weighted_drawdown_area,ashare|us,daily_bar,True
ts_weighted_expected_shortfall,ashare|us,daily_bar,True
ts_weighted_permutation_entropy,ashare|us,daily_bar,True
ts_weighted_semivariance,ashare|us,daily_bar,True
ts_weighted_standardized_moment,ashare|us,daily_bar,True
ts_weighted_time_centroid,ashare|us,daily_bar,True
ts_zero_ratio,ashare|us,daily_bar,True
ts_zscore,ashare|us,daily_bar,True
ttm_from_cumulative,ashare|us,fundamental_pit,True
ttm_from_quarterly,ashare|us,fundamental_pit,True
turnover_acceleration,ashare|us,daily_bar,True
turnover_adjusted_volatility,ashare|us,daily_bar,True
turnover_autocorr,ashare|us,daily_bar,True
turnover_momentum,ashare|us,daily_bar,True
turnover_shock,ashare|us,daily_bar,True
turnover_volatility,ashare|us,daily_bar,True
turnover_zscore,ashare|us,daily_bar,True
ulcer_index,ashare|us,daily_bar,True
unitize,ashare|us,daily_bar,True
up_down_volume_ratio,ashare|us,daily_bar,True
up_volume_ratio,ashare|us,daily_bar,True
update_acceleration,ashare|us,daily_bar,True
update_direction_persistence,ashare|us,daily_bar,True
update_path_efficiency,ashare|us,daily_bar,True
update_surprise,ashare|us,daily_bar,True
valuation_cashflow_disagreement,ashare|us,fundamental_pit,True
valuation_growth_mismatch,ashare|us,fundamental_pit,True
valuation_pcf_gap_positive,ashare|us,fundamental_pit,True
valuation_pcf_gap_signed_log,ashare|us,fundamental_pit,True
valuation_pe_gap_positive,ashare|us,fundamental_pit,True
valuation_pe_gap_signed_log,ashare|us,fundamental_pit,True
valuation_quality_mismatch,ashare|us,fundamental_pit,True
volume_acceleration,ashare|us,daily_bar,True
volume_autocorr,ashare|us,daily_bar,True
volume_momentum,ashare|us,daily_bar,True
volume_price_range_density,ashare|us,daily_bar,True
volume_shock,ashare|us,daily_bar,True
volume_volatility,ashare|us,daily_bar,True
volume_weighted_momentum,ashare|us,daily_bar,True
volume_weighted_return,ashare|us,daily_bar,True
volume_zscore,ashare|us,daily_bar,True
vwap_deviation,ashare|us,daily_bar,True
vwap_to_close_return,ashare|us,daily_bar,True
where,ashare|us,daily_bar,True
winsorize,ashare|us,daily_bar,True
winsorize_mean,ashare|us,daily_bar,True
yang_zhang_vol,ashare|us,daily_bar,True
yoy_by_period,ashare|us,fundamental_pit,True
zero_return_ratio,ashare|us,daily_bar,True
zmijewski_score,ashare|us,fundamental_pit,True
zscore,ashare|us,daily_bar,True
