canonical,injectivity_passed,searchable
ADX,False,ADX
ALMA,True,ALMA
ATR_WILDER,False,ATR_WILDER
CMF,False,CMF
CMO,True,CMO
ChaikinOscillator,False,ChaikinOscillator
CoppockCurve,True,CoppockCurve
DEMA,True,DEMA
DMI_minus,True,DMI_minus
DMI_plus,True,DMI_plus
DX,True,DX
EaseOfMovement,True,EaseOfMovement
ElderRay,True,ElderRay
FisherTransform,True,FisherTransform
ForceIndex,False,ForceIndex
HMA,True,HMA
KAMA,True,KAMA
KeltnerLower,True,KeltnerLower
KeltnerMid,True,KeltnerMid
KeltnerPosition,True,KeltnerPosition
KeltnerUpper,True,KeltnerUpper
MACD_hist,False,MACD_hist
MACD_line,True,MACD_line
MACD_signal,False,MACD_signal
MFI,False,MFI
NATR,True,NATR
PPO,True,PPO
PPO_hist,True,PPO_hist
PPO_signal,True,PPO_signal
PSAR,True,PSAR
PVO,True,PVO
PVO_hist,True,PVO_hist
PVO_signal,True,PVO_signal
QQE,True,QQE
RSI_WILDER,False,RSI_WILDER
RSX,True,RSX
Supertrend,True,Supertrend
SupertrendDirection,True,SupertrendDirection
TEMA,True,TEMA
TSI,True,TSI
TSI_signal,True,TSI_signal
UltimateOscillator,True,UltimateOscillator
VortexMinus,True,VortexMinus
VortexPlus,True,VortexPlus
WMA,False,WMA
a_share_cap_ratio,False,a_share_cap_ratio
abnormal_turnover,False,abnormal_turnover
abnormal_volume,False,abnormal_volume
abs,False,abs
abs_return_volume_corr,False,abs_return_volume_corr
accounting_comparability_score,False,accounting_comparability_score
acos,False,acos
acos_bounded,False,acos_bounded
add,False,add
adv,False,adv
altman_z_score,False,altman_z_score
amihud_illiquidity,False,amihud_illiquidity
and_,False,and_
arg,False,arg
ashare_days_since_limit_down,False,ashare_days_since_limit_down
ashare_days_since_limit_up,False,ashare_days_since_limit_up
ashare_failed_limit_count,False,ashare_failed_limit_count
ashare_limit_asymmetry,False,ashare_limit_asymmetry
ashare_limit_distance,False,ashare_limit_distance
ashare_limit_down_streak,False,ashare_limit_down_streak
ashare_limit_down_touch,False,ashare_limit_down_touch
ashare_limit_down_volume_ratio,False,ashare_limit_down_volume_ratio
ashare_limit_event_density,False,ashare_limit_event_density
ashare_limit_failed,False,ashare_limit_failed
ashare_limit_one_price,False,ashare_limit_one_price
ashare_limit_open_down_streak,False,ashare_limit_open_down_streak
ashare_limit_open_failed,False,ashare_limit_open_failed
ashare_limit_open_up_streak,False,ashare_limit_open_up_streak
ashare_limit_touch_count,False,ashare_limit_touch_count
ashare_limit_up_streak,False,ashare_limit_up_streak
ashare_limit_up_touch,False,ashare_limit_up_touch
ashare_limit_up_volume_ratio,False,ashare_limit_up_volume_ratio
ashare_one_price_limit_streak,False,ashare_one_price_limit_streak
ashare_open_at_upper_limit,False,ashare_open_at_upper_limit
ashare_suspension_episode_length,False,ashare_suspension_episode_length
asin,False,asin
asin_bounded,False,asin_bounded
atan,False,atan
atan2,False,atan2
atr_acceleration,True,atr_acceleration
atr_pct,True,atr_pct
atr_percentile,True,atr_percentile
atr_short_long_ratio,True,atr_short_long_ratio
atr_zscore,True,atr_zscore
average_turnover,False,average_turnover
baseline_scaled_wasserstein_distance,True,baseline_scaled_wasserstein_distance
benchmark_excess_return,False,benchmark_excess_return
benchmark_relative_price,False,benchmark_relative_price
beta_divergence_pct,True,beta_divergence_pct
beta_residual_z,True,beta_residual_z
bollinger_pct_b,False,bollinger_pct_b
bollinger_width,False,bollinger_width
book_to_price,False,book_to_price
bounded_nvi,False,bounded_nvi
bounded_pvi,False,bounded_pvi
bvc_imbalance_ma,True,bvc_imbalance_ma
bvc_sign_pct,True,bvc_sign_pct
calendar_day_diff,False,calendar_day_diff
candle_abs_body,False,candle_abs_body
candle_body,False,candle_body
candle_body_percentile,True,candle_body_percentile
candle_body_position,False,candle_body_position
candle_body_ratio,False,candle_body_ratio
candle_body_strength,True,candle_body_strength
candle_body_zscore,True,candle_body_zscore
candle_close_location,False,candle_close_location
candle_close_strength,False,candle_close_strength
candle_direction,False,candle_direction
candle_gap,False,candle_gap
candle_gap_atr,True,candle_gap_atr
candle_gap_pct,False,candle_gap_pct
candle_inside_ratio,False,candle_inside_ratio
candle_lower_shadow,False,candle_lower_shadow
candle_lower_shadow_ratio,False,candle_lower_shadow_ratio
candle_lower_shadow_zscore,True,candle_lower_shadow_zscore
candle_overlap_ratio,False,candle_overlap_ratio
candle_pattern_count,True,candle_pattern_count
candle_range,False,candle_range
candle_range_atr,False,candle_range_atr
candle_range_pct,True,candle_range_pct
candle_range_percentile,True,candle_range_percentile
candle_range_zscore,True,candle_range_zscore
candle_rejection_lower,False,candle_rejection_lower
candle_rejection_upper,False,candle_rejection_upper
candle_upper_shadow,False,candle_upper_shadow
candle_upper_shadow_ratio,False,candle_upper_shadow_ratio
candle_upper_shadow_zscore,True,candle_upper_shadow_zscore
candle_wick_balance,True,candle_wick_balance
candlestick_pattern,True,candlestick_pattern
capital_change_age,False,capital_change_age
capital_change_magnitude,False,capital_change_magnitude
cash_flow_lifecycle_stage,False,cash_flow_lifecycle_stage
category_age,True,category_age
category_age_lower_bound,True,category_age_lower_bound
category_frequency,True,category_frequency
category_transition_rate,True,category_transition_rate
category_transition_surprise,True,category_transition_surprise
cbrt,False,cbrt
cdl_dark_cloud_cover,False,cdl_dark_cloud_cover
cdl_doji,False,cdl_doji
cdl_dragonfly_doji,False,cdl_dragonfly_doji
cdl_engulfing,False,cdl_engulfing
cdl_evening_star,False,cdl_evening_star
cdl_gravestone_doji,False,cdl_gravestone_doji
cdl_hammer,False,cdl_hammer
cdl_hanging_man,False,cdl_hanging_man
cdl_harami,False,cdl_harami
cdl_harami_cross,False,cdl_harami_cross
cdl_inside_bar,False,cdl_inside_bar
cdl_inverted_hammer,False,cdl_inverted_hammer
cdl_marubozu,False,cdl_marubozu
cdl_morning_star,False,cdl_morning_star
cdl_outside_bar,False,cdl_outside_bar
cdl_piercing,False,cdl_piercing
cdl_shooting_star,False,cdl_shooting_star
cdl_spinning_top,False,cdl_spinning_top
cdl_three_black_crows,False,cdl_three_black_crows
cdl_three_white_soldiers,False,cdl_three_white_soldiers
cdl_tweezer_bottom,False,cdl_tweezer_bottom
cdl_tweezer_top,False,cdl_tweezer_top
ceil,False,ceil
chikou_distance_pct,True,chikou_distance_pct
choppiness_index,False,choppiness_index
circulating_cap_ratio_change,False,circulating_cap_ratio_change
circulating_cap_unlock_proxy,False,circulating_cap_unlock_proxy
clip,True,clip
coalesce,False,coalesce
composition_aitchison_distance,False,composition_aitchison_distance
composition_clr_component,False,composition_clr_component
composition_entropy,False,composition_entropy
composition_ilr_balance,False,composition_ilr_balance
composition_js_divergence,False,composition_js_divergence
composition_normalized_entropy,False,composition_normalized_entropy
consolidation_pct,True,consolidation_pct
consolidation_range_pct,True,consolidation_range_pct
constant,False,constant
corwin_schultz_spread,False,corwin_schultz_spread
cos,False,cos
cos_phase,False,cos_phase
cosh,False,cosh
coskewness_to_market,False,coskewness_to_market
cot,False,cot
cross_event,False,cross_event
cs_actual_lof_score,False,cs_actual_lof_score
cs_autoencoder_reconstruction_error,True,cs_autoencoder_reconstruction_error
cs_bucket,False,cs_bucket
cs_bucket_fixed,False,cs_bucket_fixed
cs_bucket_historical,False,cs_bucket_historical
cs_count,False,cs_count
cs_coverage_ratio,False,cs_coverage_ratio
cs_demean,False,cs_demean
cs_empirical_bayes_shrinkage,False,cs_empirical_bayes_shrinkage
cs_factor_bucket_return,False,cs_factor_bucket_return
cs_fill_mean,False,cs_fill_mean
cs_fill_median,False,cs_fill_median
cs_hartigan_dip,True,cs_hartigan_dip
cs_huber_resid,False,cs_huber_resid
cs_impute_mean,True,cs_impute_mean
cs_impute_median,True,cs_impute_median
cs_isolation,False,cs_isolation
cs_isolation_forest_score,False,cs_isolation_forest_score
cs_isotonic_residual,False,cs_isotonic_residual
cs_isotonic_residual_lagged_direction,True,cs_isotonic_residual_lagged_direction
cs_knn_distance,False,cs_knn_distance
cs_knn_graph_dirichlet_energy,True,cs_knn_graph_dirichlet_energy
cs_knn_local_gradient_norm,True,cs_knn_local_gradient_norm
cs_knn_local_linear_residual,True,cs_knn_local_linear_residual
cs_knn_local_moran,False,cs_knn_local_moran
cs_knn_neighbor_retention,True,cs_knn_neighbor_retention
cs_knn_peer_mean_ex_self,True,cs_knn_peer_mean_ex_self
cs_knn_tangent_residual,True,cs_knn_tangent_residual
cs_lad_resid,False,cs_lad_resid
cs_local_curvature,False,cs_local_curvature
cs_local_density,False,cs_local_density
cs_local_density_score,False,cs_local_density_score
cs_mad,False,cs_mad
cs_mad_zscore,False,cs_mad_zscore
cs_mahalanobis_distance,False,cs_mahalanobis_distance
cs_mean,False,cs_mean
cs_multi_resid,False,cs_multi_resid
cs_multi_ridge_resid,True,cs_multi_ridge_resid
cs_neighbor_gap,False,cs_neighbor_gap
cs_neutralize,False,cs_neutralize
cs_pct_rank,False,cs_pct_rank
cs_physical_panel_coverage,False,cs_physical_panel_coverage
cs_predictability_mosaic_score,True,cs_predictability_mosaic_score
cs_quantile,False,cs_quantile
cs_quantile_resid,False,cs_quantile_resid
cs_rank_churn,False,cs_rank_churn
cs_rank_combined_churn,False,cs_rank_combined_churn
cs_rank_composition_churn,False,cs_rank_composition_churn
cs_rank_copula_entropy,False,cs_rank_copula_entropy
cs_rank_copula_mi,False,cs_rank_copula_mi
cs_rank_gaussian,False,cs_rank_gaussian
cs_regression,False,cs_regression
cs_relative_density_ratio,False,cs_relative_density_ratio
cs_resid,False,cs_resid
cs_residual_percentile,False,cs_residual_percentile
cs_ridge_resid,False,cs_ridge_resid
cs_robust_mahalanobis_mad,False,cs_robust_mahalanobis_mad
cs_shrink_to_group_mean,False,cs_shrink_to_group_mean
cs_shrinkage_mahalanobis,False,cs_shrinkage_mahalanobis
cs_sliced_wasserstein_copula_shift,False,cs_sliced_wasserstein_copula_shift
cs_spline_resid,False,cs_spline_resid
cs_std,False,cs_std
cs_sum,False,cs_sum
cs_tail_breadth,False,cs_tail_breadth
cs_tail_retention,False,cs_tail_retention
cs_trimmed_ols_resid,False,cs_trimmed_ols_resid
cs_universe_coverage,False,cs_universe_coverage
cs_valid_count,False,cs_valid_count
cs_weighted_demean,False,cs_weighted_demean
cs_weighted_mean,False,cs_weighted_mean
cs_weighted_percentile_rank,False,cs_weighted_percentile_rank
cs_weighted_zscore,False,cs_weighted_zscore
cs_wls_resid,False,cs_wls_resid
csc,False,csc
cube,False,cube
date_diff_days,False,date_diff_days
dema_distance_pct,True,dema_distance_pct
digital_count,True,digital_count
directional_change_extent,False,directional_change_extent
directional_change_state,False,directional_change_state
divide,False,divide
dollar_volume,False,dollar_volume
dollar_volume_zscore,False,dollar_volume_zscore
donchian_breakout_down,True,donchian_breakout_down
donchian_breakout_up,True,donchian_breakout_up
donchian_channel_position,True,donchian_channel_position
donchian_lower,False,donchian_lower
donchian_mid,False,donchian_mid
donchian_position,False,donchian_position
donchian_upper,False,donchian_upper
donchian_width_pct,True,donchian_width_pct
down_volume_ratio,False,down_volume_ratio
earnings_yield,False,earnings_yield
efficiency_ratio,False,efficiency_ratio
ema_crossover,True,ema_crossover
ema_distance_pct,True,ema_distance_pct
eq,False,eq
event_abnormal_return_past,True,event_abnormal_return_past
event_active_count,True,event_active_count
event_allan_factor,True,event_allan_factor
event_allan_log_mean,True,event_allan_log_mean
event_allan_scaling_slope,True,event_allan_scaling_slope
event_arithmetic_return_sum,True,event_arithmetic_return_sum
event_cluster_count,False,event_cluster_count
event_cluster_duration,True,event_cluster_duration
event_cluster_mean_size,False,event_cluster_mean_size
event_cluster_score,True,event_cluster_score
event_cumulative_return_past,True,event_cumulative_return_past
event_decay_asof,False,event_decay_asof
event_decay_window,True,event_decay_window
event_direction_imbalance,True,event_direction_imbalance
event_direction_persistence,True,event_direction_persistence
event_fano_excess,False,event_fano_excess
event_fano_factor,False,event_fano_factor
event_flip_density,True,event_flip_density
event_frequency,False,event_frequency
event_hawkes_branching_ratio_proxy,True,event_hawkes_branching_ratio_proxy
event_historical_response_mean,True,event_historical_response_mean
event_historical_response_sign_balance,True,event_historical_response_sign_balance
event_interval_mark_coupling,False,event_interval_mark_coupling
event_interval_memory,False,event_interval_memory
event_level_survival_share,False,event_level_survival_share
event_local_variation,False,event_local_variation
event_log_return_sum,True,event_log_return_sum
event_mark_autocorr,False,event_mark_autocorr
event_rate_pct,True,event_rate_pct
event_recency_z,True,event_recency_z
event_refractory,False,event_refractory
event_response_decay_rate,True,event_response_decay_rate
event_response_dispersion,True,event_response_dispersion
event_response_effective_events,True,event_response_effective_events
event_response_overlap_ratio,True,event_response_overlap_ratio
event_response_peak_lag,True,event_response_peak_lag
event_response_reversal_strength,True,event_response_reversal_strength
event_return_since_last,True,event_return_since_last
event_streak,True,event_streak
ewm_corr,True,ewm_corr
ewm_cov,True,ewm_cov
ex_self_mad_z,True,ex_self_mad_z
ex_self_mean_gap,True,ex_self_mean_gap
ex_self_rank_pct,True,ex_self_rank_pct
ex_self_zscore,True,ex_self_zscore
exp,False,exp
exp_neg,False,exp_neg
expanding_rank,False,expanding_rank
ffill_limit,False,ffill_limit
fillna_const,False,fillna_const
fin_accrual_ratio,False,fin_accrual_ratio
fin_acquisition_cash_intensity,False,fin_acquisition_cash_intensity
fin_actual_expectation_divergence,False,fin_actual_expectation_divergence
fin_announcement_lag,False,fin_announcement_lag
fin_applicability_mask,False,fin_applicability_mask
fin_average_balance,False,fin_average_balance
fin_beat_streak,False,fin_beat_streak
fin_borrowing_intensity,False,fin_borrowing_intensity
fin_cagr,False,fin_cagr
fin_capex_growth,False,fin_capex_growth
fin_capex_intensity,False,fin_capex_intensity
fin_cash_burn_runway,False,fin_cash_burn_runway
fin_cash_conversion,False,fin_cash_conversion
fin_cash_earnings_gap,False,fin_cash_earnings_gap
fin_cash_sales_divergence,False,fin_cash_sales_divergence
fin_cashflow_persistence,False,fin_cashflow_persistence
fin_common_size,False,fin_common_size
fin_component_score,False,fin_component_score
fin_comprehensive_income_gap,False,fin_comprehensive_income_gap
fin_contract_asset_growth,False,fin_contract_asset_growth
fin_contract_asset_intensity,False,fin_contract_asset_intensity
fin_contract_asset_liability_gap,False,fin_contract_asset_liability_gap
fin_contract_liability_growth,False,fin_contract_liability_growth
fin_contract_liability_intensity,False,fin_contract_liability_intensity
fin_core_earnings_ratio,False,fin_core_earnings_ratio
fin_cv,False,fin_cv
fin_days_since_expectation_revision,False,fin_days_since_expectation_revision
fin_days_since_update,False,fin_days_since_update
fin_debt_repayment_intensity,False,fin_debt_repayment_intensity
fin_debt_service_coverage_proxy,False,fin_debt_service_coverage_proxy
fin_deferred_tax_gap,False,fin_deferred_tax_gap
fin_delta_noa,False,fin_delta_noa
fin_diff,False,fin_diff
fin_discontinued_operation_ratio,False,fin_discontinued_operation_ratio
fin_divergence,False,fin_divergence
fin_earnings_cash_gap_volatility,False,fin_earnings_cash_gap_volatility
fin_earnings_persistence,False,fin_earnings_persistence
fin_earnings_smoothness,False,fin_earnings_smoothness
fin_equity_capital_growth,False,fin_equity_capital_growth
fin_expectation_dispersion,False,fin_expectation_dispersion
fin_expectation_revision,False,fin_expectation_revision
fin_expectation_revision_count,False,fin_expectation_revision_count
fin_expectation_revision_magnitude,False,fin_expectation_revision_magnitude
fin_expectation_revision_pct,False,fin_expectation_revision_pct
fin_expectation_revision_speed,False,fin_expectation_revision_speed
fin_expense_sales_divergence,False,fin_expense_sales_divergence
fin_fair_value_income_dependence,False,fin_fair_value_income_dependence
fin_financing_gap,False,fin_financing_gap
fin_fundamental_strength_coverage,False,fin_fundamental_strength_coverage
fin_fundamental_strength_score,False,fin_fundamental_strength_score
fin_goodwill_intensity,False,fin_goodwill_intensity
fin_goodwill_risk_score,False,fin_goodwill_risk_score
fin_growth,False,fin_growth
fin_growth_acceleration,False,fin_growth_acceleration
fin_growth_change,False,fin_growth_change
fin_growth_persistence,False,fin_growth_persistence
fin_growth_stability,False,fin_growth_stability
fin_growth_volatility,False,fin_growth_volatility
fin_impairment_intensity,False,fin_impairment_intensity
fin_interest_coverage_proxy,False,fin_interest_coverage_proxy
fin_inventory_sales_divergence,False,fin_inventory_sales_divergence
fin_investment_income_dependence,False,fin_investment_income_dependence
fin_lag,False,fin_lag
fin_lease_asset_liability_gap,False,fin_lease_asset_liability_gap
fin_lease_intensity,False,fin_lease_intensity
fin_log_change,False,fin_log_change
fin_margin_persistence,False,fin_margin_persistence
fin_mean_abs_deviation,False,fin_mean_abs_deviation
fin_median_abs_deviation,False,fin_median_abs_deviation
fin_minority_profit_share,False,fin_minority_profit_share
fin_miss_streak,False,fin_miss_streak
fin_monotonicity,False,fin_monotonicity
fin_negative_streak,False,fin_negative_streak
fin_net_borrowing_cashflow,False,fin_net_borrowing_cashflow
fin_net_debt_issuance,False,fin_net_debt_issuance
fin_noncore_income_ratio,False,fin_noncore_income_ratio
fin_oci_to_equity,False,fin_oci_to_equity
fin_other_earnings_dependence,False,fin_other_earnings_dependence
fin_pct_change,False,fin_pct_change
fin_percentile_history,False,fin_percentile_history
fin_percentile_vs_prior_history,True,fin_percentile_vs_prior_history
fin_period_restated,False,fin_period_restated
fin_period_revision_age,False,fin_period_revision_age
fin_period_revision_count,False,fin_period_revision_count
fin_positive_streak,False,fin_positive_streak
fin_qoq,False,fin_qoq
fin_quarter_from_cumulative,False,fin_quarter_from_cumulative
fin_range,False,fin_range
fin_ratio,False,fin_ratio
fin_rd_capitalization_ratio,False,fin_rd_capitalization_ratio
fin_rd_total_intensity,False,fin_rd_total_intensity
fin_receivable_sales_divergence,False,fin_receivable_sales_divergence
fin_restated_flag,False,fin_restated_flag
fin_revision_count,False,fin_revision_count
fin_revision_delta,False,fin_revision_delta
fin_revision_direction,False,fin_revision_direction
fin_revision_magnitude,False,fin_revision_magnitude
fin_revision_pct,False,fin_revision_pct
fin_roe_cash_gap,False,fin_roe_cash_gap
fin_seasonal_percentile,False,fin_seasonal_percentile
fin_seasonal_zscore,False,fin_seasonal_zscore
fin_sign_change_count,False,fin_sign_change_count
fin_stability,False,fin_stability
fin_staleness,False,fin_staleness
fin_std,False,fin_std
fin_surprise,False,fin_surprise
fin_surprise_event_percentile,False,fin_surprise_event_percentile
fin_surprise_event_zscore,False,fin_surprise_event_zscore
fin_surprise_zscore,False,fin_surprise_zscore
fin_total_operating_accruals,False,fin_total_operating_accruals
fin_trend_acceleration,False,fin_trend_acceleration
fin_trend_r2,False,fin_trend_r2
fin_trend_slope,False,fin_trend_slope
fin_trend_tstat,False,fin_trend_tstat
fin_ttm,False,fin_ttm
fin_ttm_cumulative,False,fin_ttm_cumulative
fin_ttm_quarterly,False,fin_ttm_quarterly
fin_turnover,False,fin_turnover
fin_working_capital_accruals,False,fin_working_capital_accruals
fin_working_capital_change,False,fin_working_capital_change
fin_yoy,False,fin_yoy
fin_zscore_history,False,fin_zscore_history
fin_zscore_vs_prior_history,True,fin_zscore_vs_prior_history
fiscal_acceleration,False,fiscal_acceleration
fiscal_accrual_quality,False,fiscal_accrual_quality
fiscal_ar_resid_std,False,fiscal_ar_resid_std
fiscal_asymmetric_elasticity,False,fiscal_asymmetric_elasticity
fiscal_asymmetric_timeliness,False,fiscal_asymmetric_timeliness
fiscal_autocorr,False,fiscal_autocorr
fiscal_change_direction_agreement,False,fiscal_change_direction_agreement
fiscal_direction_consistency,False,fiscal_direction_consistency
fiscal_pair_direction_agreement,False,fiscal_pair_direction_agreement
fiscal_pct_change,False,fiscal_pct_change
fiscal_perpetual_inventory,False,fiscal_perpetual_inventory
fiscal_regression_resid_std,False,fiscal_regression_resid_std
fiscal_reversal_ratio,False,fiscal_reversal_ratio
fiscal_rolling_std,False,fiscal_rolling_std
fiscal_sign_agreement,False,fiscal_sign_agreement
fiscal_sign_consistency,False,fiscal_sign_consistency
fiscal_standardized_surprise,False,fiscal_standardized_surprise
fiscal_true_streak,False,fiscal_true_streak
fix,False,fix
flex_max,False,flex_max
flex_min,False,flex_min
float_share_ratio,False,float_share_ratio
floor,False,floor
free_float_ratio,False,free_float_ratio
free_float_share_ratio,False,free_float_share_ratio
free_float_turnover,False,free_float_turnover
free_to_circulating_ratio,False,free_to_circulating_ratio
fundamental_staleness,False,fundamental_staleness
garman_klass_vol,False,garman_klass_vol
ge,False,ge
group_corr_mst_length,True,group_corr_mst_length
group_count,True,group_count
group_current_members_tail_coexceedance,True,group_current_members_tail_coexceedance
group_decay_linear,True,group_decay_linear
group_distribution_js_divergence,False,group_distribution_js_divergence
group_ex_self_mad,False,group_ex_self_mad
group_ex_self_mean,False,group_ex_self_mean
group_ex_self_quantile,False,group_ex_self_quantile
group_ex_self_std,False,group_ex_self_std
group_ex_self_weighted_mean,False,group_ex_self_weighted_mean
group_feature_coverage_ratio,False,group_feature_coverage_ratio
group_feature_effective_rank,True,group_feature_effective_rank
group_feature_mode_localization,True,group_feature_mode_localization
group_feature_mode_share,True,group_feature_mode_share
group_feature_second_mode_localization,True,group_feature_second_mode_localization
group_feature_spectral_gap,True,group_feature_spectral_gap
group_feature_valid_member_count,False,group_feature_valid_member_count
group_impute_median,False,group_impute_median
group_kurtosis,False,group_kurtosis
group_leader_laggard_exposure,False,group_leader_laggard_exposure
group_max,True,group_max
group_mean,True,group_mean
group_min,True,group_min
group_multi_level_rank_consistency,False,group_multi_level_rank_consistency
group_multi_resid,False,group_multi_resid
group_neutralize,True,group_neutralize
group_normalize,True,group_normalize
group_peer_beta_deviation,False,group_peer_beta_deviation
group_peer_deviation_index,False,group_peer_deviation_index
group_peer_information_diffusion,False,group_peer_information_diffusion
group_percentile,False,group_percentile
group_quantile_spread,False,group_quantile_spread
group_rank,True,group_rank
group_rank_weighted_value,True,group_rank_weighted_value
group_return_dispersion_exposure,False,group_return_dispersion_exposure
group_signal_attraction_share,False,group_signal_attraction_share
group_skewness,False,group_skewness
group_spd_feature_structure_shift,False,group_spd_feature_structure_shift
group_std,True,group_std
group_sum,True,group_sum
group_tail_centrality,False,group_tail_centrality
group_tail_lead_score,False,group_tail_lead_score
group_tail_ratio,False,group_tail_ratio
group_topk_mean,False,group_topk_mean
group_ts_decay_linear,False,group_ts_decay_linear
group_valid_count,False,group_valid_count
group_wasserstein_barycenter_distance,True,group_wasserstein_barycenter_distance
group_weighted_mean,False,group_weighted_mean
group_weighted_zscore,False,group_weighted_zscore
group_winsorize,False,group_winsorize
group_zscore,True,group_zscore
gt,False,gt
hierarchical_group_neutralize,False,hierarchical_group_neutralize
high_low_spread_proxy,False,high_low_spread_proxy
holder_class_entropy,False,holder_class_entropy
holder_class_js_shift,False,holder_class_js_shift
holder_common_holding_peer_return,False,holder_common_holding_peer_return
holder_company_ownership_hhi,False,holder_company_ownership_hhi
holder_concentration,False,holder_concentration
holder_concentration_acceleration,False,holder_concentration_acceleration
holder_concentration_change,False,holder_concentration_change
holder_concentration_slope,False,holder_concentration_slope
holder_count_change_rate,False,holder_count_change_rate
holder_disclosure_count,False,holder_disclosure_count
holder_disclosure_coverage,False,holder_disclosure_coverage
holder_entry_share,False,holder_entry_share
holder_exit_share,False,holder_exit_share
holder_float_concentration_gap,False,holder_float_concentration_gap
holder_freeze_concentration,False,holder_freeze_concentration
holder_freeze_ratio,False,holder_freeze_ratio
holder_id_matched_churn,False,holder_id_matched_churn
holder_id_matched_entry_share,False,holder_id_matched_entry_share
holder_id_matched_exit_share,False,holder_id_matched_exit_share
holder_id_overlap_ratio,False,holder_id_overlap_ratio
holder_locked_share_ratio,False,holder_locked_share_ratio
holder_nature_entropy,False,holder_nature_entropy
holder_net_entry_share,False,holder_net_entry_share
holder_observed_topk_hhi,True,holder_observed_topk_hhi
holder_peer_return_breadth,False,holder_peer_return_breadth
holder_pledge_change,False,holder_pledge_change
holder_pledge_churn,False,holder_pledge_churn
holder_pledge_concentration,False,holder_pledge_concentration
holder_pledge_ratio,False,holder_pledge_ratio
holder_pledged_holder_count,False,holder_pledged_holder_count
holder_rank_stability,False,holder_rank_stability
holder_share_weighted_rank_migration,False,holder_share_weighted_rank_migration
holder_shareholder_network_centrality,False,holder_shareholder_network_centrality
holder_shareholder_overlap_ratio,False,holder_shareholder_overlap_ratio
holder_topk_share_sum,False,holder_topk_share_sum
holder_weighted_churn,False,holder_weighted_churn
hump_decay,False,hump_decay
ichimoku_cloud_position,True,ichimoku_cloud_position
ichimoku_cloud_width,True,ichimoku_cloud_width
ichimoku_kijun,True,ichimoku_kijun
ichimoku_senkou_a,True,ichimoku_senkou_a
ichimoku_senkou_b,True,ichimoku_senkou_b
ichimoku_tenkan,True,ichimoku_tenkan
identity,False,identity
idio_skew,False,idio_skew
idio_vol,False,idio_vol
index_entry_exit_event,False,index_entry_exit_event
index_event_decay,False,index_event_decay
index_member,False,index_member
index_membership_age,True,index_membership_age
index_reconstitution_churn,False,index_reconstitution_churn
index_weight,False,index_weight
index_weight_change,True,index_weight_change
index_weight_gap_to_free_float,False,index_weight_gap_to_free_float
industry_fiscal_resid,False,industry_fiscal_resid
industry_rolling_pca_loading,True,industry_rolling_pca_loading
industry_size_neutralize,False,industry_size_neutralize
intra_abs_return_profile_cosine,False,intra_abs_return_profile_cosine
intra_amihud,True,intra_amihud
intra_amount_profile_cosine,False,intra_amount_profile_cosine
intra_amount_profile_jsd,False,intra_amount_profile_jsd
intra_bar_range_deviation,False,intra_bar_range_deviation
intra_bar_range_persistence,False,intra_bar_range_persistence
intra_beta_asymmetry,False,intra_beta_asymmetry
intra_bipower_variation,False,intra_bipower_variation
intra_close_participation,False,intra_close_participation
intra_concentration,False,intra_concentration
intra_consolidation_quality,False,intra_consolidation_quality
intra_continuous_variance,False,intra_continuous_variance
intra_down_down_semibeta,False,intra_down_down_semibeta
intra_down_up_semibeta,False,intra_down_up_semibeta
intra_drawdown_depth,False,intra_drawdown_depth
intra_drawdown_duration,False,intra_drawdown_duration
intra_drawdown_recovery_half_life,False,intra_drawdown_recovery_half_life
intra_entropy,True,intra_entropy
intra_eod_reversal_decomposition,False,intra_eod_reversal_decomposition
intra_event_pre_post_contrast,False,intra_event_pre_post_contrast
intra_event_window_reduce,False,intra_event_window_reduce
intra_extreme_bar_return,False,intra_extreme_bar_return
intra_high_low_affinity,False,intra_high_low_affinity
intra_high_time,False,intra_high_time
intra_idiosyncratic_kurtosis,False,intra_idiosyncratic_kurtosis
intra_idiosyncratic_kurtosis_ex_self,False,intra_idiosyncratic_kurtosis_ex_self
intra_idiosyncratic_skewness,False,intra_idiosyncratic_skewness
intra_idiosyncratic_skewness_ex_self,False,intra_idiosyncratic_skewness_ex_self
intra_idiosyncratic_variance,False,intra_idiosyncratic_variance
intra_idiosyncratic_variance_ex_self,False,intra_idiosyncratic_variance_ex_self
intra_impulse_event_detector,False,intra_impulse_event_detector
intra_industry_lead_lag_ex_self,False,intra_industry_lead_lag_ex_self
intra_interval_amount_share,False,intra_interval_amount_share
intra_interval_illiquidity,False,intra_interval_illiquidity
intra_interval_realized_variance,False,intra_interval_realized_variance
intra_interval_return,False,intra_interval_return
intra_interval_volume_share,False,intra_interval_volume_share
intra_interval_vwap_deviation,False,intra_interval_vwap_deviation
intra_jump_clustering,False,intra_jump_clustering
intra_jump_concentration,False,intra_jump_concentration
intra_jump_count,False,intra_jump_count
intra_jump_first_time,False,intra_jump_first_time
intra_jump_last_time,False,intra_jump_last_time
intra_jump_ratio,False,intra_jump_ratio
intra_jump_variation,False,intra_jump_variation
intra_kyle_lambda_proxy,False,intra_kyle_lambda_proxy
intra_limit_duration,False,intra_limit_duration
intra_limit_first_hit_time,False,intra_limit_first_hit_time
intra_limit_pre_hit_pressure_profile,False,intra_limit_pre_hit_pressure_profile
intra_limit_reopen_count,False,intra_limit_reopen_count
intra_liquidity_resilience_curve_fit,False,intra_liquidity_resilience_curve_fit
intra_longest_above_vwap_streak,False,intra_longest_above_vwap_streak
intra_longest_below_vwap_streak,False,intra_longest_below_vwap_streak
intra_low_time,False,intra_low_time
intra_lunch_gap_return,True,intra_lunch_gap_return
intra_market_lead_lag_ex_self,False,intra_market_lead_lag_ex_self
intra_market_model_r2,False,intra_market_model_r2
intra_market_model_r2_ex_self,False,intra_market_model_r2_ex_self
intra_max_drawdown,False,intra_max_drawdown
intra_max_drawup,False,intra_max_drawup
intra_multiresolution_resample_reduce,False,intra_multiresolution_resample_reduce
intra_negative_jump_variation,False,intra_negative_jump_variation
intra_negative_tail_variation,False,intra_negative_tail_variation
intra_neighbor_event_class,False,intra_neighbor_event_class
intra_path_efficiency,False,intra_path_efficiency
intra_positive_jump_variation,False,intra_positive_jump_variation
intra_positive_tail_variation,False,intra_positive_tail_variation
intra_post_impulse_response,False,intra_post_impulse_response
intra_price_vwap_max_negative_excursion,False,intra_price_vwap_max_negative_excursion
intra_price_vwap_max_positive_excursion,False,intra_price_vwap_max_positive_excursion
intra_probe_outcome_score,False,intra_probe_outcome_score
intra_profile_earth_mover_distance,False,intra_profile_earth_mover_distance
intra_range_gap_flag,False,intra_range_gap_flag
intra_realized_beta,False,intra_realized_beta
intra_realized_beta_ex_self,False,intra_realized_beta_ex_self
intra_realized_correlation,False,intra_realized_correlation
intra_realized_correlation_ex_self,False,intra_realized_correlation_ex_self
intra_realized_kurtosis,False,intra_realized_kurtosis
intra_realized_quarticity,False,intra_realized_quarticity
intra_realized_semivariance,False,intra_realized_semivariance
intra_realized_skewness,False,intra_realized_skewness
intra_realized_variance,False,intra_realized_variance
intra_response_curve_features,False,intra_response_curve_features
intra_return_activity_corr,True,intra_return_activity_corr
intra_return_profile_cosine,False,intra_return_profile_cosine
intra_round_price_barrier_response,False,intra_round_price_barrier_response
intra_round_price_clustering_share,False,intra_round_price_clustering_share
intra_same_slot_momentum,False,intra_same_slot_momentum
intra_same_slot_reversal,False,intra_same_slot_reversal
intra_same_slot_zscore,False,intra_same_slot_zscore
intra_segment_amount_share,False,intra_segment_amount_share
intra_segment_realized_vol,False,intra_segment_realized_vol
intra_segment_return,True,intra_segment_return
intra_segment_volume_share,False,intra_segment_volume_share
intra_segment_vwap_deviation,False,intra_segment_vwap_deviation
intra_session_boundary_jump,False,intra_session_boundary_jump
intra_session_return_asymmetry,False,intra_session_return_asymmetry
intra_signed_imbalance_proxy,False,intra_signed_imbalance_proxy
intra_signed_jump_ratio,False,intra_signed_jump_ratio
intra_signed_return_profile_cosine,False,intra_signed_return_profile_cosine
intra_signed_tail_variation_ratio,False,intra_signed_tail_variation_ratio
intra_slice_mask_pair_reduce,False,intra_slice_mask_pair_reduce
intra_slice_mask_reduce,False,intra_slice_mask_reduce
intra_slot_amount_surprise,False,intra_slot_amount_surprise
intra_slot_volatility_surprise,False,intra_slot_volatility_surprise
intra_slot_volume_surprise,False,intra_slot_volume_surprise
intra_state_count,False,intra_state_count
intra_state_dwell_stats,False,intra_state_dwell_stats
intra_state_follow_beta,False,intra_state_follow_beta
intra_state_follow_corr,False,intra_state_follow_corr
intra_state_follow_ratio,False,intra_state_follow_ratio
intra_state_interval_moment,False,intra_state_interval_moment
intra_state_pair_same_slot_corr,False,intra_state_pair_same_slot_corr
intra_state_sum,False,intra_state_sum
intra_state_transition_entropy,False,intra_state_transition_entropy
intra_state_vwap,False,intra_state_vwap
intra_supply_absorption_score,False,intra_supply_absorption_score
intra_tail_event_count,False,intra_tail_event_count
intra_tail_volume_share,False,intra_tail_volume_share
intra_time_above_vwap,False,intra_time_above_vwap
intra_tripower_quarticity,False,intra_tripower_quarticity
intra_up_down_semibeta,False,intra_up_down_semibeta
intra_up_up_semibeta,False,intra_up_up_semibeta
intra_ute_high,False,intra_ute_high
intra_ute_low,False,intra_ute_low
intra_volume_at_price_profile,False,intra_volume_at_price_profile
intra_volume_price_alignment,False,intra_volume_price_alignment
intra_volume_profile_cosine,False,intra_volume_profile_cosine
intra_volume_profile_jsd,False,intra_volume_profile_jsd
intra_volume_profile_peak_geometry,False,intra_volume_profile_peak_geometry
intra_volume_profile_supply_structure,False,intra_volume_profile_supply_structure
intra_volume_profile_value_area,False,intra_volume_profile_value_area
intra_vwap_above_ratio,False,intra_vwap_above_ratio
intra_vwap_cross_count,False,intra_vwap_cross_count
intra_vwap_path_curvature,False,intra_vwap_path_curvature
intra_vwap_path_curvature_pct,False,intra_vwap_path_curvature_pct
intra_vwap_path_slope,False,intra_vwap_path_slope
intra_vwap_path_slope_pct,False,intra_vwap_path_slope_pct
intra_vwap_reversion_speed,False,intra_vwap_reversion_speed
intraday_activity_duration_curvature,False,intraday_activity_duration_curvature
intraday_barrier_approach_acceleration,True,intraday_barrier_approach_acceleration
intraday_bvc_imbalance,False,intraday_bvc_imbalance
intraday_impact_asymmetry,False,intraday_impact_asymmetry
intraday_impact_beta,False,intraday_impact_beta
intraday_impact_decay_rate,True,intraday_impact_decay_rate
intraday_jump_test_stat,False,intraday_jump_test_stat
intraday_medrv,False,intraday_medrv
intraday_minrv,False,intraday_minrv
intraday_profile_pca_residual,True,intraday_profile_pca_residual
intraday_profile_phase_shift,True,intraday_profile_phase_shift
intraday_profile_surprise_energy,True,intraday_profile_surprise_energy
intraday_quantile_curve_pca_residual,True,intraday_quantile_curve_pca_residual
intraday_quantile_curve_pca_score,True,intraday_quantile_curve_pca_score
intraday_realized_power_variation,True,intraday_realized_power_variation
intraday_realized_semivariance_balance,False,intraday_realized_semivariance_balance
intraday_return_wasserstein_shift,False,intraday_return_wasserstein_shift
intraday_rv_signature_curvature,False,intraday_rv_signature_curvature
intraday_rv_signature_slope,False,intraday_rv_signature_slope
intraday_session_shape_novelty,True,intraday_session_shape_novelty
intraday_subsampled_rv_dispersion,True,intraday_subsampled_rv_dispersion
intraday_volatility,False,intraday_volatility
intraday_volatility_concentration,False,intraday_volatility_concentration
intraday_volatility_entropy,False,intraday_volatility_entropy
intraday_volatility_signature_slope,True,intraday_volatility_signature_slope
intraday_volatility_time_centroid,False,intraday_volatility_time_centroid
intraday_volume_clock_path_efficiency,True,intraday_volume_clock_path_efficiency
intraday_volume_clock_roughness,True,intraday_volume_clock_roughness
intraday_vwap_deviation,False,intraday_vwap_deviation
intraday_wasserstein_pair_distance,True,intraday_wasserstein_pair_distance
inverse,False,inverse
is_finite,False,is_finite
is_infinite,False,is_infinite
is_nan,False,is_nan
is_not_null,False,is_not_null
is_null,False,is_null
kama_distance_pct,True,kama_distance_pct
keltner_breakout_strength,True,keltner_breakout_strength
keltner_compression,True,keltner_compression
keltner_width_pct,True,keltner_width_pct
le,False,le
lerp,False,lerp
limit_down_close,False,limit_down_close
limit_up_close,False,limit_up_close
listing_age,False,listing_age
log,False,log
log10,False,log10
log2,False,log2
log_abs,False,log_abs
log_positive_or_nan,False,log_positive_or_nan
lqtp_historical_cvar,False,lqtp_historical_cvar
lt,False,lt
ma_slope_pct,True,ma_slope_pct
market_cap_free_cap_gap,False,market_cap_free_cap_gap
maximum,False,maximum
micro_bvc_vpin,False,micro_bvc_vpin
minimum,False,minimum
multi_index_entry_intensity,False,multi_index_entry_intensity
multiply,False,multiply
ne,False,ne
neg,False,neg
negative_event_age,True,negative_event_age
negative_event_rate,True,negative_event_rate
nonfinite_to_num,False,nonfinite_to_num
normalize,False,normalize
not_,False,not_
ohlc_corwin_schultz_spread,False,ohlc_corwin_schultz_spread
open_close_return,False,open_close_return
open_to_vwap_return,False,open_to_vwap_return
or_,False,or_
overnight_return,False,overnight_return
overnight_volatility,False,overnight_volatility
panel_async_beta_ex_self,True,panel_async_beta_ex_self
panel_factor_pocket_strength,True,panel_factor_pocket_strength
panel_mixture_of_experts_score,True,panel_mixture_of_experts_score
panel_peer_graph_aggregate,False,panel_peer_graph_aggregate
panel_predictability_mosaic_score,True,panel_predictability_mosaic_score
panel_regime_conditioned_forecast,True,panel_regime_conditioned_forecast
panel_rolling_elastic_net_forecast,True,panel_rolling_elastic_net_forecast
panel_rolling_pca_explained_ratio,True,panel_rolling_pca_explained_ratio
panel_rolling_pca_loading,True,panel_rolling_pca_loading
panel_rolling_pca_resid,True,panel_rolling_pca_resid
panel_rolling_pca_resid_momentum,True,panel_rolling_pca_resid_momentum
panel_rolling_pca_resid_vol,True,panel_rolling_pca_resid_vol
panel_rolling_pcr_forecast,True,panel_rolling_pcr_forecast
panel_rolling_pls_forecast,True,panel_rolling_pls_forecast
parkinson_vol,False,parkinson_vol
pattern_123_bear,False,pattern_123_bear
pattern_123_bull,False,pattern_123_bull
pattern_ascending_triangle,False,pattern_ascending_triangle
pattern_bear_flag,False,pattern_bear_flag
pattern_bear_pennant,False,pattern_bear_pennant
pattern_breakdown_retest,False,pattern_breakdown_retest
pattern_breakout_retest,False,pattern_breakout_retest
pattern_broadening,False,pattern_broadening
pattern_bull_flag,False,pattern_bull_flag
pattern_bull_pennant,False,pattern_bull_pennant
pattern_cup,False,pattern_cup
pattern_cup_handle,False,pattern_cup_handle
pattern_descending_triangle,False,pattern_descending_triangle
pattern_double_bottom,False,pattern_double_bottom
pattern_double_top,False,pattern_double_top
pattern_falling_channel,False,pattern_falling_channel
pattern_falling_wedge,False,pattern_falling_wedge
pattern_head_shoulders,False,pattern_head_shoulders
pattern_inverse_head_shoulders,False,pattern_inverse_head_shoulders
pattern_rectangle,False,pattern_rectangle
pattern_rising_channel,False,pattern_rising_channel
pattern_rising_wedge,False,pattern_rising_wedge
pattern_rounding_bottom,False,pattern_rounding_bottom
pattern_rounding_top,False,pattern_rounding_top
pattern_sym_triangle,False,pattern_sym_triangle
pattern_triple_bottom,False,pattern_triple_bottom
pattern_triple_top,False,pattern_triple_top
period_average,False,period_average
period_cagr,False,period_cagr
period_change,False,period_change
period_lag,False,period_lag
period_stability,False,period_stability
piotroski_f_score,False,piotroski_f_score
piotroski_f_score_tolerant,False,piotroski_f_score_tolerant
piotroski_observed_count,False,piotroski_observed_count
piotroski_partial_score,False,piotroski_partial_score
positive_event_age,True,positive_event_age
positive_event_rate,True,positive_event_rate
power,False,power
price_impact,False,price_impact
price_spread_deviation,True,price_spread_deviation
price_turnover_divergence,False,price_turnover_divergence
price_volume_divergence,False,price_volume_divergence
protected_div,False,protected_div
psar_days_since_flip,True,psar_days_since_flip
psar_direction,True,psar_direction
psar_distance_pct,True,psar_distance_pct
psar_flip,True,psar_flip
quarter_from_cumulative,False,quarter_from_cumulative
range_volatility,False,range_volatility
rank,False,rank
rank_corr,True,rank_corr
real_turnover_rate,False,real_turnover_rate
reg_forecast_error_pct,True,reg_forecast_error_pct
reg_r2_trailing,True,reg_r2_trailing
reg_residual_zscore,True,reg_residual_zscore
reg_slope_tstat,True,reg_slope_tstat
relation_category_share,False,relation_category_share
relation_category_signed_contribution,False,relation_category_signed_contribution
relation_concentration_acceleration,True,relation_concentration_acceleration
relation_diffusion_score,False,relation_diffusion_score
relation_distinct_count,False,relation_distinct_count
relation_distribution_excess_kurtosis,False,relation_distribution_excess_kurtosis
relation_distribution_pearson_kurtosis,False,relation_distribution_pearson_kurtosis
relation_distribution_skew,False,relation_distribution_skew
relation_entropy,True,relation_entropy
relation_entropy_change,True,relation_entropy_change
relation_entry_count,True,relation_entry_count
relation_exit_count,True,relation_exit_count
relation_hhi,True,relation_hhi
relation_hhi_change,True,relation_hhi_change
relation_jaccard,False,relation_jaccard
relation_overlap_ratio,False,relation_overlap_ratio
relation_peer_weighted_mean_ex_self,False,relation_peer_weighted_mean_ex_self
relation_rank_entity_mobility,False,relation_rank_entity_mobility
relation_rank_mobility,True,relation_rank_mobility
relation_rank_weighted_sum,True,relation_rank_weighted_sum
relation_share_mobility,True,relation_share_mobility
relation_topk_concentration,True,relation_topk_concentration
relation_topk_sum,True,relation_topk_sum
relation_weighted_change,False,relation_weighted_change
relation_weighted_std_ex_self,False,relation_weighted_std_ex_self
relative_strength_group_pct,True,relative_strength_group_pct
relative_volume,False,relative_volume
report_benford_js_divergence,False,report_benford_js_divergence
report_change_breadth,False,report_change_breadth
report_change_coherence,False,report_change_coherence
report_filing_delay_surprise,True,report_filing_delay_surprise
report_revision_magnitude,True,report_revision_magnitude
report_rolling_mean,False,report_rolling_mean
report_yoy_lag,False,report_yoy_lag
residual_momentum_capm,False,residual_momentum_capm
return_per_turnover,False,return_per_turnover
return_turnover_beta,False,return_turnover_beta
return_volume_beta,False,return_volume_beta
return_volume_corr,False,return_volume_corr
revision_delta,False,revision_delta
rogers_satchell_vol,False,rogers_satchell_vol
roll_spread_proxy,False,roll_spread_proxy
rolling_adl_flow,False,rolling_adl_flow
rolling_beta_to_market,False,rolling_beta_to_market
rolling_obv,False,rolling_obv
rolling_pvt,False,rolling_pvt
rolling_vwap,False,rolling_vwap
round,False,round
row_sum_skipna,False,row_sum_skipna
safe_div_null,False,safe_div_null
saturate,False,saturate
scale,False,scale
sec,False,sec
senkou_span_causal_pct,True,senkou_span_causal_pct
session_event_recovery_score,True,session_event_recovery_score
sigmoid,False,sigmoid
sign,False,sign
signed_dollar_volume,False,signed_dollar_volume
signed_event_decay,True,signed_event_decay
signed_event_rate,True,signed_event_rate
signed_log,False,signed_log
signed_power,False,signed_power
signed_sqrt,False,signed_sqrt
signed_volume,False,signed_volume
signed_volume_imbalance,False,signed_volume_imbalance
sin,False,sin
sin_phase,False,sin_phase
sinh,False,sinh
size_neutralize,False,size_neutralize
sma_distance_pct,True,sma_distance_pct
spectral_energy_ratio,True,spectral_energy_ratio
spectral_trend_share,True,spectral_trend_share
sqrt,False,sqrt
sqrt_abs,False,sqrt_abs
square,False,square
sr_distance_pct,True,sr_distance_pct
sr_touch_count,True,sr_touch_count
state_adaptive_deadband,True,state_adaptive_deadband
state_adaptive_slew_limit,True,state_adaptive_slew_limit
state_age,True,state_age
state_confidence_weighted_ema,True,state_confidence_weighted_ema
state_cost_aware_deadband,True,state_cost_aware_deadband
state_cost_aware_slew,True,state_cost_aware_slew
state_deadband,False,state_deadband
state_dwell_pct,True,state_dwell_pct
state_episode_age,True,state_episode_age
state_episode_age_capped,True,state_episode_age_capped
state_episode_age_lower_bound,True,state_episode_age_lower_bound
state_episode_censored_flag,True,state_episode_censored_flag
state_episode_efficiency,False,state_episode_efficiency
state_episode_excursion_balance,False,state_episode_excursion_balance
state_episode_mae,False,state_episode_mae
state_episode_mfe,False,state_episode_mfe
state_episode_retrace_ratio,False,state_episode_retrace_ratio
state_ewm_if,False,state_ewm_if
state_flip_age,True,state_flip_age
state_flip_density,True,state_flip_density
state_hold,False,state_hold
state_l1_turnover_prox,True,state_l1_turnover_prox
state_l2_partial_adjustment,True,state_l2_partial_adjustment
state_latch,False,state_latch
state_persistence,True,state_persistence
state_quantile_hysteresis,True,state_quantile_hysteresis
state_rank_deadband,True,state_rank_deadband
state_since_count,False,state_since_count
state_since_last,False,state_since_last
state_since_mean,False,state_since_mean
state_since_sum,False,state_since_sum
state_since_trend_tstat,False,state_since_trend_tstat
state_slew_limit,False,state_slew_limit
state_transition_count,True,state_transition_count
state_transition_rate,True,state_transition_rate
state_transition_surprise,True,state_transition_surprise
state_uncertainty_deadband,True,state_uncertainty_deadband
subtract,False,subtract
supertrend_days_since_flip,True,supertrend_days_since_flip
supertrend_direction,True,supertrend_direction
supertrend_distance_pct,True,supertrend_distance_pct
supertrend_flip,True,supertrend_flip
suspension_frequency,False,suspension_frequency
suspension_status_coverage,False,suspension_status_coverage
tail_beta,False,tail_beta
tan,False,tan
tanh,False,tanh
tema_distance_pct,True,tema_distance_pct
tenkan_kijun_cross,True,tenkan_kijun_cross
tradable_state,False,tradable_state
trade_when,False,trade_when
trading_day_diff,False,trading_day_diff
true_range,False,true_range
true_range_pct,False,true_range_pct
true_range_surprise,True,true_range_surprise
true_range_zscore,True,true_range_zscore
true_turnover_rate,False,true_turnover_rate
truncate,False,truncate
ts_abdi_ranaldo_spread,True,ts_abdi_ranaldo_spread
ts_abs_concentration,False,ts_abs_concentration
ts_abs_entropy,False,ts_abs_entropy
ts_abs_entropy_nats,False,ts_abs_entropy_nats
ts_abs_entropy_normalized,False,ts_abs_entropy_normalized
ts_active_information_storage,True,ts_active_information_storage
ts_activity_clock_age,True,ts_activity_clock_age
ts_activity_clock_lagged_value,True,ts_activity_clock_lagged_value
ts_activity_clock_lagged_value_prior,True,ts_activity_clock_lagged_value_prior
ts_adaptive_noise_kalman,True,ts_adaptive_noise_kalman
ts_alpha_beta_filter,True,ts_alpha_beta_filter
ts_ar_coeff_stability,True,ts_ar_coeff_stability
ts_ar_coefficient,True,ts_ar_coefficient
ts_ar_fitted_value,True,ts_ar_fitted_value
ts_ar_forecast,True,ts_ar_forecast
ts_ar_in_sample_resid,True,ts_ar_in_sample_resid
ts_ar_innovation,True,ts_ar_innovation
ts_ar_innovation_z,True,ts_ar_innovation_z
ts_ar_prior_coeff,True,ts_ar_prior_coeff
ts_ar_prior_forecast,True,ts_ar_prior_forecast
ts_ar_prior_innovation,True,ts_ar_prior_innovation
ts_ar_prior_innovation_z,True,ts_ar_prior_innovation_z
ts_argmax,True,ts_argmax
ts_argmax_age,False,ts_argmax_age
ts_argmax_index_from_oldest,False,ts_argmax_index_from_oldest
ts_argmin,True,ts_argmin
ts_argmin_age,False,ts_argmin_age
ts_argmin_index_from_oldest,False,ts_argmin_index_from_oldest
ts_autocorr,True,ts_autocorr
ts_autocorr_decay_half_life,False,ts_autocorr_decay_half_life
ts_autocorrelation_time,False,ts_autocorrelation_time
ts_autocorrelation_time_initial_positive_sequence,False,ts_autocorrelation_time_initial_positive_sequence
ts_average_volume,False,ts_average_volume
ts_bds_statistic,True,ts_bds_statistic
ts_bessel_lowpass_causal,True,ts_bessel_lowpass_causal
ts_best_lag_corr_excess,False,ts_best_lag_corr_excess
ts_best_lag_corr_raw,False,ts_best_lag_corr_raw
ts_beta,True,ts_beta
ts_beta_break_score,False,ts_beta_break_score
ts_beta_if,False,ts_beta_if
ts_betti_1_max_persistence,True,ts_betti_1_max_persistence
ts_bicoherence_top_decile_excess,True,ts_bicoherence_top_decile_excess
ts_bicoherence_top_decile_mean,True,ts_bicoherence_top_decile_mean
ts_binned_response_curvature,True,ts_binned_response_curvature
ts_binned_response_monotonicity,True,ts_binned_response_monotonicity
ts_bottomk_mean,False,ts_bottomk_mean
ts_bottomk_std,False,ts_bottomk_std
ts_bottomk_sum,False,ts_bottomk_sum
ts_breakdown_low,False,ts_breakdown_low
ts_breakout_high,False,ts_breakout_high
ts_bures_corr_shift,False,ts_bures_corr_shift
ts_butterworth_lowpass_causal,True,ts_butterworth_lowpass_causal
ts_causal_local_linear_smoother,True,ts_causal_local_linear_smoother
ts_causal_savgol_endpoint,True,ts_causal_savgol_endpoint
ts_change_point_probability,False,ts_change_point_probability
ts_channel_position,False,ts_channel_position
ts_channel_width,False,ts_channel_width
ts_channel_width_atr,False,ts_channel_width_atr
ts_channel_width_pct,False,ts_channel_width_pct
ts_channel_width_slope,False,ts_channel_width_slope
ts_chatterjee_xi,False,ts_chatterjee_xi
ts_chord_excursion_area,False,ts_chord_excursion_area
ts_conditional_mutual_information,True,ts_conditional_mutual_information
ts_conditional_transfer_entropy,True,ts_conditional_transfer_entropy
ts_confirmed_pivot_high,True,ts_confirmed_pivot_high
ts_confirmed_pivot_low,True,ts_confirmed_pivot_low
ts_consolidation_slope,False,ts_consolidation_slope
ts_consolidation_volume_decay,False,ts_consolidation_volume_decay
ts_consolidation_width,False,ts_consolidation_width
ts_copula_central_asymmetry,True,ts_copula_central_asymmetry
ts_corr,True,ts_corr
ts_corr_if,False,ts_corr_if
ts_count_if,False,ts_count_if
ts_cov,True,ts_cov
ts_cov_if,False,ts_cov_if
ts_coverage_ratio,True,ts_coverage_ratio
ts_cpt_value,True,ts_cpt_value
ts_cross_extremogram,False,ts_cross_extremogram
ts_cross_quantilogram,False,ts_cross_quantilogram
ts_cross_spectral_coherence,True,ts_cross_spectral_coherence
ts_cross_spectral_phase,True,ts_cross_spectral_phase
ts_crossing_acceleration,False,ts_crossing_acceleration
ts_crossing_speed,False,ts_crossing_speed
ts_cumulative_deviation_score,False,ts_cumulative_deviation_score
ts_current_drawdown_area,False,ts_current_drawdown_area
ts_current_drawdown_duration,False,ts_current_drawdown_duration
ts_cusum_pressure,False,ts_cusum_pressure
ts_cusum_vol_break_score,False,ts_cusum_vol_break_score
ts_days_since,False,ts_days_since
ts_days_since_high,False,ts_days_since_high
ts_days_since_low,False,ts_days_since_low
ts_dc_duration_asymmetry,False,ts_dc_duration_asymmetry
ts_dc_event_rate,False,ts_dc_event_rate
ts_dc_overshoot_asymmetry,False,ts_dc_overshoot_asymmetry
ts_dc_overshoot_ratio,False,ts_dc_overshoot_ratio
ts_decay_exp_window,True,ts_decay_exp_window
ts_decay_linear,False,ts_decay_linear
ts_delay,False,ts_delay
ts_delay_intrinsic_dimension,True,ts_delay_intrinsic_dimension
ts_delta,False,ts_delta
ts_detrended_level_spectral_entropy,True,ts_detrended_level_spectral_entropy
ts_dfa_hurst,False,ts_dfa_hurst
ts_distance_corr,True,ts_distance_corr
ts_distance_correlation_partial_proxy,False,ts_distance_correlation_partial_proxy
ts_distance_cov,True,ts_distance_cov
ts_distance_to_high,False,ts_distance_to_high
ts_distance_to_low,False,ts_distance_to_low
ts_distance_to_resistance,True,ts_distance_to_resistance
ts_distance_to_support,True,ts_distance_to_support
ts_dmd_dominant_frequency,True,ts_dmd_dominant_frequency
ts_dmd_dominant_growth_rate,True,ts_dmd_dominant_growth_rate
ts_dmd_level_dominant_frequency,True,ts_dmd_level_dominant_frequency
ts_dmd_level_dominant_growth_rate,True,ts_dmd_level_dominant_growth_rate
ts_dmd_level_mode_concentration,True,ts_dmd_level_mode_concentration
ts_dmd_mode_concentration,True,ts_dmd_mode_concentration
ts_dmd_return_dominant_frequency,True,ts_dmd_return_dominant_frequency
ts_dmd_return_dominant_growth_rate,True,ts_dmd_return_dominant_growth_rate
ts_dmd_return_mode_concentration,True,ts_dmd_return_mode_concentration
ts_dominant_cycle_period,True,ts_dominant_cycle_period
ts_downside_deviation,False,ts_downside_deviation
ts_edge_effective_spread,True,ts_edge_effective_spread
ts_effective_transfer_entropy,True,ts_effective_transfer_entropy
ts_effective_turning_rate,False,ts_effective_turning_rate
ts_ema,False,ts_ema
ts_endpoint_deviation,False,ts_endpoint_deviation
ts_energy_break_score,False,ts_energy_break_score
ts_envelope_boundary_dwell,False,ts_envelope_boundary_dwell
ts_envelope_compression,False,ts_envelope_compression
ts_envelope_pressure,False,ts_envelope_pressure
ts_event_spacing_cv,False,ts_event_spacing_cv
ts_event_spacing_mean,False,ts_event_spacing_mean
ts_evt_threshold_stability,True,ts_evt_threshold_stability
ts_ewm_corr,True,ts_ewm_corr
ts_ewm_cov,True,ts_ewm_cov
ts_ewm_std,False,ts_ewm_std
ts_ewm_var,False,ts_ewm_var
ts_expected_shortfall,False,ts_expected_shortfall
ts_expected_shortfall_asymmetry,False,ts_expected_shortfall_asymmetry
ts_expectile,True,ts_expectile
ts_expectile_beta,True,ts_expectile_beta
ts_expectile_beta_spread,False,ts_expectile_beta_spread
ts_expectile_regression_coeff,True,ts_expectile_regression_coeff
ts_expectile_regression_coeff_prior,True,ts_expectile_regression_coeff_prior
ts_expectile_regression_forecast_error,True,ts_expectile_regression_forecast_error
ts_expectile_regression_resid,True,ts_expectile_regression_resid
ts_extrema_confirmation_rate,False,ts_extrema_confirmation_rate
ts_extrema_divergence_strength,False,ts_extrema_divergence_strength
ts_extremal_dependence_decay,False,ts_extremal_dependence_decay
ts_extremal_index,False,ts_extremal_index
ts_extreme_cluster_ratio,False,ts_extreme_cluster_ratio
ts_extremogram,False,ts_extremogram
ts_feature_effective_rank,False,ts_feature_effective_rank
ts_feature_mode_share,False,ts_feature_mode_share
ts_feature_pca_reconstruction_error,True,ts_feature_pca_reconstruction_error
ts_feature_subspace_rotation,True,ts_feature_subspace_rotation
ts_ffill_limited,False,ts_ffill_limited
ts_fir_lowpass_causal,True,ts_fir_lowpass_causal
ts_first_passage_bias,True,ts_first_passage_bias
ts_first_passage_conditional_time,True,ts_first_passage_conditional_time
ts_first_passage_hit_probability,True,ts_first_passage_hit_probability
ts_fisher_information_shift,True,ts_fisher_information_shift
ts_forbidden_ordinal_pattern_excess,True,ts_forbidden_ordinal_pattern_excess
ts_forbidden_ordinal_pattern_ratio,True,ts_forbidden_ordinal_pattern_ratio
ts_forbidden_ordinal_pattern_signed_excess,True,ts_forbidden_ordinal_pattern_signed_excess
ts_fractional_difference,False,ts_fractional_difference
ts_fractional_difference_discarded_weight_mass,False,ts_fractional_difference_discarded_weight_mass
ts_gap_fill_ratio,False,ts_gap_fill_ratio
ts_gap_reversion_ratio,False,ts_gap_reversion_ratio
ts_gap_survival_duration,False,ts_gap_survival_duration
ts_garch_next_vol_forecast,True,ts_garch_next_vol_forecast
ts_garch_persistence,True,ts_garch_persistence
ts_garch_standardized_shock,True,ts_garch_standardized_shock
ts_garch_vol_surprise,True,ts_garch_vol_surprise
ts_generalized_hurst_exponent,True,ts_generalized_hurst_exponent
ts_generalized_hurst_spread_q1_q4,False,ts_generalized_hurst_spread_q1_q4
ts_gjr_garch_vol_forecast,True,ts_gjr_garch_vol_forecast
ts_gjr_leverage,True,ts_gjr_leverage
ts_glr_mean_shift_score,True,ts_glr_mean_shift_score
ts_glr_variance_shift_score,True,ts_glr_variance_shift_score
ts_gpd_shape_pwm,False,ts_gpd_shape_pwm
ts_h_infinity_level_filter,True,ts_h_infinity_level_filter
ts_hampel_filter_causal,False,ts_hampel_filter_causal
ts_hankel_effective_rank,True,ts_hankel_effective_rank
ts_hankel_singular_gap,True,ts_hankel_singular_gap
ts_har_from_return_forecast_error_z,True,ts_har_from_return_forecast_error_z
ts_har_from_return_next_vol,True,ts_har_from_return_next_vol
ts_har_rv_forecast_error_z,True,ts_har_rv_forecast_error_z
ts_har_rv_next_var_forecast,True,ts_har_rv_next_var_forecast
ts_har_rv_next_vol_forecast,True,ts_har_rv_next_vol_forecast
ts_hartigan_dip,False,ts_hartigan_dip
ts_higuchi_fractal_dimension,False,ts_higuchi_fractal_dimension
ts_hill_tail_index,False,ts_hill_tail_index
ts_hodges_lehmann_location,True,ts_hodges_lehmann_location
ts_hsic,False,ts_hsic
ts_huber_regression_coeff,True,ts_huber_regression_coeff
ts_huber_regression_coeff_prior,True,ts_huber_regression_coeff_prior
ts_huber_regression_forecast_error,True,ts_huber_regression_forecast_error
ts_huber_regression_forecast_error_z,True,ts_huber_regression_forecast_error_z
ts_huber_regression_in_sample_resid,True,ts_huber_regression_in_sample_resid
ts_huber_regression_predictive_resid,True,ts_huber_regression_predictive_resid
ts_huber_regression_resid_z,True,ts_huber_regression_resid_z
ts_hurst_dfa,False,ts_hurst_dfa
ts_hvg_assortativity,True,ts_hvg_assortativity
ts_hvg_clustering_coefficient,True,ts_hvg_clustering_coefficient
ts_hvg_degree_entropy,True,ts_hvg_degree_entropy
ts_hvg_forward_backward_asymmetry,True,ts_hvg_forward_backward_asymmetry
ts_hvg_motif_entropy,True,ts_hvg_motif_entropy
ts_hysteresis_age,True,ts_hysteresis_age
ts_hysteresis_state,True,ts_hysteresis_state
ts_impulse_return,False,ts_impulse_return
ts_impulse_strength,False,ts_impulse_strength
ts_impulse_volume,False,ts_impulse_volume
ts_industry_liquidity_beta,False,ts_industry_liquidity_beta
ts_interval_exploration_efficiency,False,ts_interval_exploration_efficiency
ts_interval_nesting_depth,False,ts_interval_nesting_depth
ts_interval_occupancy_entropy,False,ts_interval_occupancy_entropy
ts_interval_occupancy_mode_distance,False,ts_interval_occupancy_mode_distance
ts_interval_overlap_connected_component_ratio,False,ts_interval_overlap_connected_component_ratio
ts_interval_union_coverage,False,ts_interval_union_coverage
ts_joint_energy_shift,False,ts_joint_energy_shift
ts_jump_bipower_proxy,False,ts_jump_bipower_proxy
ts_kalman_beta,True,ts_kalman_beta
ts_kalman_beta_change,True,ts_kalman_beta_change
ts_kalman_beta_uncertainty,True,ts_kalman_beta_uncertainty
ts_kalman_innovation_z,True,ts_kalman_innovation_z
ts_kalman_level,True,ts_kalman_level
ts_kalman_trend,True,ts_kalman_trend
ts_kama,False,ts_kama
ts_kernel_granger_score,True,ts_kernel_granger_score
ts_km_diffusion_gradient,True,ts_km_diffusion_gradient
ts_km_equilibrium_distance,True,ts_km_equilibrium_distance
ts_km_quasipotential_depth,True,ts_km_quasipotential_depth
ts_kramers_moyal_diffusion,False,ts_kramers_moyal_diffusion
ts_kramers_moyal_drift,False,ts_kramers_moyal_drift
ts_kramers_moyal_local_stability,True,ts_kramers_moyal_local_stability
ts_ks_shift,False,ts_ks_shift
ts_kurt,False,ts_kurt
ts_l1_trend_filter_trailing,True,ts_l1_trend_filter_trailing
ts_l_kurtosis,False,ts_l_kurtosis
ts_l_skewness,False,ts_l_skewness
ts_lag_of_peak_corr,False,ts_lag_of_peak_corr
ts_lagged_mutual_information,False,ts_lagged_mutual_information
ts_last_if,False,ts_last_if
ts_last_pivot_high,True,ts_last_pivot_high
ts_last_pivot_low,True,ts_last_pivot_low
ts_lempel_ziv_complexity,True,ts_lempel_ziv_complexity
ts_level_shift_score,False,ts_level_shift_score
ts_leverage_effect,False,ts_leverage_effect
ts_line_convergence,False,ts_line_convergence
ts_line_parallelism,False,ts_line_parallelism
ts_lo_mackinlay_vr,False,ts_lo_mackinlay_vr
ts_lo_mackinlay_z,False,ts_lo_mackinlay_z
ts_local_lyapunov_exponent,True,ts_local_lyapunov_exponent
ts_location_shift,False,ts_location_shift
ts_log_return,False,ts_log_return
ts_lower_partial_moment,False,ts_lower_partial_moment
ts_lower_tail_coexceedance_probability,False,ts_lower_tail_coexceedance_probability
ts_lz_complexity,False,ts_lz_complexity
ts_mad,False,ts_mad
ts_market_liquidity_beta,False,ts_market_liquidity_beta
ts_markov_committor,True,ts_markov_committor
ts_markov_entropy_production,True,ts_markov_entropy_production
ts_markov_mean_first_passage_time,True,ts_markov_mean_first_passage_time
ts_markov_persistence,True,ts_markov_persistence
ts_markov_spectral_gap,True,ts_markov_spectral_gap
ts_markov_state_entropy,True,ts_markov_state_entropy
ts_markov_stationary_surprisal,True,ts_markov_stationary_surprisal
ts_markov_transition_surprisal,True,ts_markov_transition_surprisal
ts_mass_concentration,False,ts_mass_concentration
ts_matrix_profile_discord_score,True,ts_matrix_profile_discord_score
ts_matrix_profile_motif_age,True,ts_matrix_profile_motif_age
ts_matrix_profile_motif_frequency,True,ts_matrix_profile_motif_frequency
ts_matrix_profile_neighbor_dispersion,True,ts_matrix_profile_neighbor_dispersion
ts_matrix_profile_novelty,True,ts_matrix_profile_novelty
ts_max,False,ts_max
ts_max_buildup,True,ts_max_buildup
ts_max_chord_excursion,False,ts_max_chord_excursion
ts_max_drawdown,False,ts_max_drawdown
ts_max_drawdown_activity_cost,False,ts_max_drawdown_activity_cost
ts_max_if,False,ts_max_if
ts_mean,False,ts_mean
ts_mean_abs_deviation,True,ts_mean_abs_deviation
ts_mean_excess_slope,False,ts_mean_excess_slope
ts_mean_if,False,ts_mean_if
ts_mean_reversion_half_life,False,ts_mean_reversion_half_life
ts_mean_reversion_ou_approx_half_life,False,ts_mean_reversion_ou_approx_half_life
ts_mean_reversion_ou_approx_half_life_prior,False,ts_mean_reversion_ou_approx_half_life_prior
ts_median,False,ts_median
ts_median3_causal,False,ts_median3_causal
ts_median_abs_deviation,True,ts_median_abs_deviation
ts_min,False,ts_min
ts_min_if,False,ts_min_if
ts_mmd_rbf_shift,False,ts_mmd_rbf_shift
ts_modwt_band_corr,True,ts_modwt_band_corr
ts_moment,True,ts_moment
ts_monotonicity,False,ts_monotonicity
ts_motif_recurrence_count,True,ts_motif_recurrence_count
ts_multi_regression_adjusted_r2_prior,True,ts_multi_regression_adjusted_r2_prior
ts_multi_regression_coeff,True,ts_multi_regression_coeff
ts_multi_regression_coeff_prior,True,ts_multi_regression_coeff_prior
ts_multi_regression_coeff_stability,True,ts_multi_regression_coeff_stability
ts_multi_regression_forecast_error,True,ts_multi_regression_forecast_error
ts_multi_regression_forecast_error_z,True,ts_multi_regression_forecast_error_z
ts_multi_regression_r2,True,ts_multi_regression_r2
ts_multi_regression_r2_prior,True,ts_multi_regression_r2_prior
ts_multi_regression_resid,True,ts_multi_regression_resid
ts_multi_regression_resid_z,True,ts_multi_regression_resid_z
ts_multifractal_asymmetry,False,ts_multifractal_asymmetry
ts_multifractal_curvature,False,ts_multifractal_curvature
ts_multifractal_spectrum_width,False,ts_multifractal_spectrum_width
ts_multiscale_entropy_slope,False,ts_multiscale_entropy_slope
ts_multiscale_permutation_entropy_slope,True,ts_multiscale_permutation_entropy_slope
ts_multiscale_trend_consensus,True,ts_multiscale_trend_consensus
ts_multiscale_trend_curvature,True,ts_multiscale_trend_curvature
ts_multiscale_trend_dispersion,True,ts_multiscale_trend_dispersion
ts_mutual_information,True,ts_mutual_information
ts_nearest_structural_level_distance,True,ts_nearest_structural_level_distance
ts_negative_ratio,False,ts_negative_ratio
ts_new_high,False,ts_new_high
ts_new_low,False,ts_new_low
ts_nth_pivot_high,False,ts_nth_pivot_high
ts_nth_pivot_high_age,False,ts_nth_pivot_high_age
ts_nth_pivot_low,False,ts_nth_pivot_low
ts_nth_pivot_low_age,False,ts_nth_pivot_low_age
ts_nth_value,False,ts_nth_value
ts_opening_mispricing_score,False,ts_opening_mispricing_score
ts_ordinal_irreversibility,True,ts_ordinal_irreversibility
ts_overnight_intraday_cov,False,ts_overnight_intraday_cov
ts_overnight_intraday_sign_agreement,False,ts_overnight_intraday_sign_agreement
ts_overnight_intraday_spread,False,ts_overnight_intraday_spread
ts_partial_corr,False,ts_partial_corr
ts_pastor_stambaugh_liquidity_gamma,True,ts_pastor_stambaugh_liquidity_gamma
ts_path_efficiency,False,ts_path_efficiency
ts_path_leadlag_area,False,ts_path_leadlag_area
ts_path_signature_area,False,ts_path_signature_area
ts_path_signature_depth2_norm,False,ts_path_signature_depth2_norm
ts_pattern_symmetry,False,ts_pattern_symmetry
ts_pct,False,ts_pct
ts_permutation_entropy,True,ts_permutation_entropy
ts_permutation_transition_entropy,True,ts_permutation_transition_entropy
ts_persistence_birth_dispersion,True,ts_persistence_birth_dispersion
ts_persistence_diagram_shift,True,ts_persistence_diagram_shift
ts_persistence_entropy_h0,True,ts_persistence_entropy_h0
ts_persistence_entropy_h1,True,ts_persistence_entropy_h1
ts_pettitt_change_score,True,ts_pettitt_change_score
ts_pickands_tail_index,True,ts_pickands_tail_index
ts_pivot_high_age,True,ts_pivot_high_age
ts_pivot_high_count,False,ts_pivot_high_count
ts_pivot_high_spacing,False,ts_pivot_high_spacing
ts_pivot_low_age,True,ts_pivot_low_age
ts_pivot_low_count,False,ts_pivot_low_count
ts_pivot_low_spacing,False,ts_pivot_low_spacing
ts_poly2_coeff,True,ts_poly2_coeff
ts_poly2_forecast_error,True,ts_poly2_forecast_error
ts_poly2_forecast_error_z,True,ts_poly2_forecast_error_z
ts_poly2_prior_coeff,True,ts_poly2_prior_coeff
ts_poly2_resid,True,ts_poly2_resid
ts_positive_ratio,False,ts_positive_ratio
ts_prev_high,False,ts_prev_high
ts_prev_low,False,ts_prev_low
ts_price_delay,False,ts_price_delay
ts_product,True,ts_product
ts_pseudocount_sample_entropy,False,ts_pseudocount_sample_entropy
ts_qn_scale,True,ts_qn_scale
ts_quantile,True,ts_quantile
ts_quantile_beta_spread,False,ts_quantile_beta_spread
ts_quantile_beta_spread_prior,True,ts_quantile_beta_spread_prior
ts_quantile_crossing_spectral_concentration,False,ts_quantile_crossing_spectral_concentration
ts_quantile_if,False,ts_quantile_if
ts_quantile_kurtosis,False,ts_quantile_kurtosis
ts_quantile_range,True,ts_quantile_range
ts_quantile_regression_beta,False,ts_quantile_regression_beta
ts_quantile_regression_coeff,False,ts_quantile_regression_coeff
ts_quantile_regression_coeff_prior,True,ts_quantile_regression_coeff_prior
ts_quantile_regression_resid,False,ts_quantile_regression_resid
ts_quantile_regression_slope,False,ts_quantile_regression_slope
ts_quantile_skew,False,ts_quantile_skew
ts_quantile_transport_curvature,False,ts_quantile_transport_curvature
ts_quantile_transport_slope,False,ts_quantile_transport_slope
ts_quantilogram,False,ts_quantilogram
ts_range_expansion,False,ts_range_expansion
ts_rank,True,ts_rank
ts_rank_if,False,ts_rank_if
ts_ratio,False,ts_ratio
ts_realized_quarticity,False,ts_realized_quarticity
ts_recovery_fraction,False,ts_recovery_fraction
ts_recurrence_determinism,True,ts_recurrence_determinism
ts_recurrence_diagonal_entropy,True,ts_recurrence_diagonal_entropy
ts_recurrence_divergence,True,ts_recurrence_divergence
ts_recurrence_laminarity,True,ts_recurrence_laminarity
ts_recurrence_longest_vertical_length,True,ts_recurrence_longest_vertical_length
ts_recurrence_mean_diagonal_length,True,ts_recurrence_mean_diagonal_length
ts_recurrence_rate,True,ts_recurrence_rate
ts_recurrence_trapping_time,True,ts_recurrence_trapping_time
ts_regime_duration,False,ts_regime_duration
ts_regression_forecast_error,True,ts_regression_forecast_error
ts_regression_forecast_error_z,True,ts_regression_forecast_error_z
ts_regression_in_sample_resid,False,ts_regression_in_sample_resid
ts_regression_intercept,False,ts_regression_intercept
ts_regression_r2,False,ts_regression_r2
ts_regression_resid,False,ts_regression_resid
ts_regression_resid_if,False,ts_regression_resid_if
ts_regression_resid_mean,False,ts_regression_resid_mean
ts_regression_slope,True,ts_regression_slope
ts_regression_tstat,False,ts_regression_tstat
ts_residualized_hsic,True,ts_residualized_hsic
ts_resistance_break,True,ts_resistance_break
ts_resistance_fit_r2,False,ts_resistance_fit_r2
ts_resistance_level,True,ts_resistance_level
ts_resistance_log_slope,False,ts_resistance_log_slope
ts_resistance_slope,True,ts_resistance_slope
ts_response_slope_asymmetry,False,ts_response_slope_asymmetry
ts_return_spectral_entropy,True,ts_return_spectral_entropy
ts_ridge_regression_coeff,True,ts_ridge_regression_coeff
ts_ridge_regression_coeff_prior,True,ts_ridge_regression_coeff_prior
ts_ridge_regression_forecast_error,True,ts_ridge_regression_forecast_error
ts_ridge_regression_forecast_error_z,True,ts_ridge_regression_forecast_error_z
ts_ridge_regression_in_sample_resid,True,ts_ridge_regression_in_sample_resid
ts_ridge_regression_predictive_resid,True,ts_ridge_regression_predictive_resid
ts_ridge_regression_resid_z,True,ts_ridge_regression_resid_z
ts_robust_ema,True,ts_robust_ema
ts_robust_zscore_inclusive,False,ts_robust_zscore_inclusive
ts_robust_zscore_prior,True,ts_robust_zscore_prior
ts_roll_effective_spread,False,ts_roll_effective_spread
ts_rolling_median_causal,False,ts_rolling_median_causal
ts_rolling_sr_gaussian_mean_shift_score,True,ts_rolling_sr_gaussian_mean_shift_score
ts_roughness,False,ts_roughness
ts_rqa_determinism_fixed_rr,True,ts_rqa_determinism_fixed_rr
ts_rqa_laminarity_fixed_rr,True,ts_rqa_laminarity_fixed_rr
ts_run_concentration,False,ts_run_concentration
ts_run_efficiency,False,ts_run_efficiency
ts_run_strength,False,ts_run_strength
ts_sample_entropy,True,ts_sample_entropy
ts_scale_shift,False,ts_scale_shift
ts_score_rank_weighted_mean,False,ts_score_rank_weighted_mean
ts_semivariance_balance,False,ts_semivariance_balance
ts_sharpe,True,ts_sharpe
ts_sign_cluster_index,False,ts_sign_cluster_index
ts_sign_persistence,False,ts_sign_persistence
ts_signature_mahalanobis_anomaly,True,ts_signature_mahalanobis_anomaly
ts_skew,False,ts_skew
ts_sma_cn,False,ts_sma_cn
ts_spectral_centroid,True,ts_spectral_centroid
ts_spectral_entropy,True,ts_spectral_entropy
ts_spectral_flatness,True,ts_spectral_flatness
ts_spectral_low_frequency_ratio,False,ts_spectral_low_frequency_ratio
ts_spectral_lowpass_trailing,True,ts_spectral_lowpass_trailing
ts_spectral_peak_concentration,True,ts_spectral_peak_concentration
ts_spectral_quality_factor,True,ts_spectral_quality_factor
ts_ssa_denoise_trailing,True,ts_ssa_denoise_trailing
ts_ssa_prior_reconstruction_error,True,ts_ssa_prior_reconstruction_error
ts_ssa_reconstruction_residual,True,ts_ssa_reconstruction_residual
ts_staleness,False,ts_staleness
ts_state_age_percentile,False,ts_state_age_percentile
ts_state_density,False,ts_state_density
ts_state_entry_strength,True,ts_state_entry_strength
ts_state_exit_hazard,False,ts_state_exit_hazard
ts_state_integral,True,ts_state_integral
ts_state_residual_life,False,ts_state_residual_life
ts_std,False,ts_std
ts_std_if,False,ts_std_if
ts_stratified_mean_spread,False,ts_stratified_mean_spread
ts_structural_level_density,True,ts_structural_level_density
ts_structural_level_strength,True,ts_structural_level_strength
ts_student_t_kalman_filter,True,ts_student_t_kalman_filter
ts_sum,False,ts_sum
ts_sum_decay,True,ts_sum_decay
ts_sum_if,False,ts_sum_if
ts_super_smoother,False,ts_super_smoother
ts_support_break,True,ts_support_break
ts_support_fit_r2,False,ts_support_fit_r2
ts_support_level,True,ts_support_level
ts_support_log_slope,False,ts_support_log_slope
ts_support_slope,True,ts_support_slope
ts_swing_amplitude,False,ts_swing_amplitude
ts_swing_amplitude_atr,False,ts_swing_amplitude_atr
ts_swing_amplitude_pct,False,ts_swing_amplitude_pct
ts_swing_duration,False,ts_swing_duration
ts_swing_velocity,False,ts_swing_velocity
ts_tail_imbalance,False,ts_tail_imbalance
ts_tail_mean,False,ts_tail_mean
ts_tail_ratio,False,ts_tail_ratio
ts_threshold_cycle_asymmetry,False,ts_threshold_cycle_asymmetry
ts_threshold_cycle_period,False,ts_threshold_cycle_period
ts_time_since_change,False,ts_time_since_change
ts_time_slope,False,ts_time_slope
ts_time_under_water,False,ts_time_under_water
ts_topk_mean,False,ts_topk_mean
ts_topk_std,False,ts_topk_std
ts_topk_sum,True,ts_topk_sum
ts_total_variation_filter_trailing,True,ts_total_variation_filter_trailing
ts_transfer_entropy,True,ts_transfer_entropy
ts_transfer_entropy_peak_excess,True,ts_transfer_entropy_peak_excess
ts_transfer_entropy_peak_lag,True,ts_transfer_entropy_peak_lag
ts_transfer_entropy_peak_strength,True,ts_transfer_entropy_peak_strength
ts_transition_count,False,ts_transition_count
ts_transition_intensity,False,ts_transition_intensity
ts_trend_break_score,False,ts_trend_break_score
ts_trend_tstat,False,ts_trend_tstat
ts_trimmed_mean,True,ts_trimmed_mean
ts_true_streak,False,ts_true_streak
ts_turning_intensity,False,ts_turning_intensity
ts_turning_point_ratio,False,ts_turning_point_ratio
ts_turning_rate,False,ts_turning_rate
ts_turnover_age_dispersion,False,ts_turnover_age_dispersion
ts_turnover_cost_dispersion,False,ts_turnover_cost_dispersion
ts_turnover_cost_entropy,False,ts_turnover_cost_entropy
ts_turnover_cost_entropy_vol_scaled,False,ts_turnover_cost_entropy_vol_scaled
ts_turnover_cost_mode_distance,False,ts_turnover_cost_mode_distance
ts_turnover_cost_quantile_distance,False,ts_turnover_cost_quantile_distance
ts_turnover_cost_skew,False,ts_turnover_cost_skew
ts_turnover_holding_age,False,ts_turnover_holding_age
ts_turnover_near_cost_mass,False,ts_turnover_near_cost_mass
ts_turnover_old_mass,False,ts_turnover_old_mass
ts_turnover_profit_share,False,ts_turnover_profit_share
ts_turnover_reference_price,False,ts_turnover_reference_price
ts_two_state_regime_probability,False,ts_two_state_regime_probability
ts_upper_partial_moment,False,ts_upper_partial_moment
ts_upper_tail_coexceedance_probability,False,ts_upper_tail_coexceedance_probability
ts_upside_deviation,False,ts_upside_deviation
ts_valid_count,True,ts_valid_count
ts_value_at_argextreme,False,ts_value_at_argextreme
ts_var,False,ts_var
ts_variance_ratio_proxy,False,ts_variance_ratio_proxy
ts_variance_ratio_slope,False,ts_variance_ratio_slope
ts_variogram_slope,True,ts_variogram_slope
ts_vector_path_curvature,False,ts_vector_path_curvature
ts_vector_path_efficiency,False,ts_vector_path_efficiency
ts_vector_self_intersection_rate,False,ts_vector_self_intersection_rate
ts_vector_state_local_density,False,ts_vector_state_local_density
ts_vector_state_mahalanobis,False,ts_vector_state_mahalanobis
ts_vector_turning_coherence,False,ts_vector_turning_coherence
ts_vol_acceleration,False,ts_vol_acceleration
ts_vol_clustering,False,ts_vol_clustering
ts_vol_of_vol,False,ts_vol_of_vol
ts_vol_pvariation_roughness,True,ts_vol_pvariation_roughness
ts_vol_scaling_break,True,ts_vol_scaling_break
ts_vol_shift_score,False,ts_vol_shift_score
ts_vol_term_structure,False,ts_vol_term_structure
ts_wasserstein_shift,False,ts_wasserstein_shift
ts_wavelet_energy_slope,False,ts_wavelet_energy_slope
ts_wavelet_entropy,False,ts_wavelet_entropy
ts_wavelet_high_frequency_ratio,False,ts_wavelet_high_frequency_ratio
ts_wavelet_low_frequency_ratio,False,ts_wavelet_low_frequency_ratio
ts_wavelet_lowpass_reconstruct,True,ts_wavelet_lowpass_reconstruct
ts_wavelet_shrinkage_trailing,True,ts_wavelet_shrinkage_trailing
ts_weighted_downside_deviation,False,ts_weighted_downside_deviation
ts_weighted_drawdown_area,False,ts_weighted_drawdown_area
ts_weighted_expected_shortfall,False,ts_weighted_expected_shortfall
ts_weighted_permutation_entropy,True,ts_weighted_permutation_entropy
ts_weighted_semivariance,False,ts_weighted_semivariance
ts_weighted_standardized_moment,True,ts_weighted_standardized_moment
ts_weighted_time_centroid,False,ts_weighted_time_centroid
ts_zero_ratio,False,ts_zero_ratio
ts_zscore,False,ts_zscore
ttm_from_cumulative,False,ttm_from_cumulative
ttm_from_quarterly,False,ttm_from_quarterly
turnover_acceleration,False,turnover_acceleration
turnover_adjusted_volatility,False,turnover_adjusted_volatility
turnover_autocorr,True,turnover_autocorr
turnover_chip_age_cost_surface,True,turnover_chip_age_cost_surface
turnover_chip_overhang_surface,True,turnover_chip_overhang_surface
turnover_momentum,False,turnover_momentum
turnover_shock,False,turnover_shock
turnover_volatility,False,turnover_volatility
turnover_zscore,False,turnover_zscore
ulcer_index,False,ulcer_index
unitize,False,unitize
up_down_volume_ratio,False,up_down_volume_ratio
up_volume_ratio,False,up_volume_ratio
update_acceleration,True,update_acceleration
update_direction_persistence,True,update_direction_persistence
update_path_efficiency,True,update_path_efficiency
update_surprise,True,update_surprise
valuation_cashflow_disagreement,False,valuation_cashflow_disagreement
valuation_growth_mismatch,True,valuation_growth_mismatch
valuation_pcf_definition_gap,False,valuation_pcf_definition_gap
valuation_pcf_gap_positive,False,valuation_pcf_gap_positive
valuation_pcf_gap_signed_log,False,valuation_pcf_gap_signed_log
valuation_pe_gap_positive,False,valuation_pe_gap_positive
valuation_pe_gap_signed_log,False,valuation_pe_gap_signed_log
valuation_pe_ttm_lyr_gap,False,valuation_pe_ttm_lyr_gap
valuation_quality_mismatch,False,valuation_quality_mismatch
volume_acceleration,False,volume_acceleration
volume_autocorr,True,volume_autocorr
volume_momentum,False,volume_momentum
volume_price_range_density,False,volume_price_range_density
volume_shock,False,volume_shock
volume_volatility,False,volume_volatility
volume_weighted_momentum,False,volume_weighted_momentum
volume_weighted_return,False,volume_weighted_return
volume_zscore,False,volume_zscore
vpin_pct,True,vpin_pct
vwap_deviation,False,vwap_deviation
vwap_distance_pct,True,vwap_distance_pct
vwap_premium_pct,True,vwap_premium_pct
vwap_slope_pct,True,vwap_slope_pct
vwap_to_close_return,False,vwap_to_close_return
wavelet_detail_energy_ratio,True,wavelet_detail_energy_ratio
where,False,where
winsorize,False,winsorize
winsorize_mean,False,winsorize_mean
yang_zhang_vol,False,yang_zhang_vol
yoy_by_period,False,yoy_by_period
zero_return_ratio,True,zero_return_ratio
zmijewski_score,False,zmijewski_score
zscore,False,zscore
