canonical,backends
cs_mad,pandas_numpy;polars;sql
cs_mad_zscore,pandas_numpy;polars;sql
cs_demean,pandas_numpy;polars;sql
rank,pandas_numpy;polars;sql
cs_quantile,pandas_numpy;polars;sql
cs_pct_rank,pandas_numpy;polars;sql
scale,pandas_numpy;polars;sql
zscore,pandas_numpy;polars;sql
cs_resid,pandas_numpy;polars;sql
cs_regression,pandas_numpy;polars;sql
group_neutralize,pandas_numpy;polars;sql
winsorize,pandas_numpy;polars;sql
ewm_corr,pandas_numpy;polars
ewm_cov,pandas_numpy;polars
expanding_rank,pandas_numpy;polars;sql
fillna_const,pandas_numpy;polars;sql
is_nan,pandas_numpy;polars;sql
is_null,pandas_numpy;polars;sql
is_not_null,pandas_numpy;polars;sql
is_infinite,pandas_numpy;polars;sql
nonfinite_to_num,pandas_numpy;polars
protected_div,pandas_numpy;polars;sql
safe_div_null,pandas_numpy;polars;sql
abs,pandas_numpy;polars;sql
acos,pandas_numpy;polars;sql
arg,pandas_numpy
asin,pandas_numpy;polars;sql
asin_bounded,pandas_numpy;polars;sql
acos_bounded,pandas_numpy;polars;sql
atan,pandas_numpy;polars;sql
atan2,pandas_numpy;polars;sql
cbrt,pandas_numpy;polars;sql
ceil,pandas_numpy;polars;sql
clip,pandas_numpy;polars;sql
constant,pandas_numpy;polars
cos,pandas_numpy;polars;sql
cosh,pandas_numpy;polars;sql
cot,pandas_numpy;polars;sql
csc,pandas_numpy;polars;sql
cube,pandas_numpy;polars;sql
exp,pandas_numpy;polars;sql
exp_neg,pandas_numpy;polars;sql
fix,pandas_numpy;polars;sql
floor,pandas_numpy;polars;sql
flex_max,pandas_numpy;polars;sql
flex_min,pandas_numpy;polars;sql
identity,pandas_numpy;polars;sql
lerp,pandas_numpy;polars;sql
log,pandas_numpy;polars;sql
log10,pandas_numpy;polars;sql
log2,pandas_numpy;polars;sql
log_abs,pandas_numpy;polars;sql
neg,pandas_numpy;polars;sql
normalize,pandas_numpy;polars;sql
power,pandas_numpy;polars;sql
round,pandas_numpy;polars;sql
sec,pandas_numpy;polars;sql
sign,pandas_numpy;polars;sql
sin,pandas_numpy;polars;sql
sin_phase,pandas_numpy;polars;sql
cos_phase,pandas_numpy;polars;sql
sinh,pandas_numpy;polars;sql
sqrt,pandas_numpy;polars;sql
sqrt_abs,pandas_numpy;polars;sql
square,pandas_numpy;polars;sql
tan,pandas_numpy;polars;sql
tanh,pandas_numpy;polars;sql
truncate,pandas_numpy;polars;sql
unitize,pandas_numpy;polars;sql
winsorize_mean,pandas_numpy;polars;sql
signed_sqrt,pandas_numpy;polars;sql
sigmoid,pandas_numpy;polars;sql
coalesce,pandas_numpy;polars;sql
add,pandas_numpy;polars;sql
subtract,pandas_numpy;polars;sql
multiply,pandas_numpy;polars;sql
divide,pandas_numpy;polars;sql
lt,pandas_numpy;polars;sql
le,pandas_numpy;polars;sql
eq,pandas_numpy;polars;sql
gt,pandas_numpy;polars;sql
ge,pandas_numpy;polars;sql
ne,pandas_numpy;polars;sql
and_,pandas_numpy;polars;sql
or_,pandas_numpy;polars;sql
not_,pandas_numpy;polars;sql
inverse,pandas_numpy;polars;sql
group_rank_weighted_value,pandas_numpy;polars
group_decay_linear,pandas_numpy;polars;sql
group_ts_decay_linear,pandas_numpy;polars
group_mean,pandas_numpy;polars;sql
group_sum,pandas_numpy;polars;sql
group_min,pandas_numpy;polars;sql
group_max,pandas_numpy;polars;sql
group_count,pandas_numpy;polars;sql
group_normalize,pandas_numpy;polars;sql
group_percentile,pandas_numpy;polars;sql
group_rank,pandas_numpy;polars;sql
group_std,pandas_numpy;polars;sql
group_winsorize,pandas_numpy;polars;sql
group_zscore,pandas_numpy;polars;sql
ts_ratio,pandas_numpy;polars;sql
size_neutralize,pandas_numpy;polars;sql
industry_size_neutralize,pandas_numpy;polars;sql
where,pandas_numpy;polars;sql
ts_pct,pandas_numpy;polars;sql
ts_argmax,pandas_numpy;polars;sql
ts_argmin,pandas_numpy;polars;sql
ts_quantile,pandas_numpy;polars;sql
rank_corr,pandas_numpy;polars;sql
ts_topk_sum,pandas_numpy;polars;sql
ts_mean_abs_deviation,pandas_numpy;polars
ts_median_abs_deviation,pandas_numpy;polars
WMA,pandas_numpy;polars;sql
ts_decay_linear,pandas_numpy;polars;sql
ts_ema,pandas_numpy;polars;sql
ts_beta,pandas_numpy;polars;sql
ts_mad,pandas_numpy;polars;sql
ts_median,pandas_numpy;polars;sql
ts_log_return,pandas_numpy;polars;sql
ts_sharpe,pandas_numpy;polars;sql
ts_autocorr,pandas_numpy;polars;sql
ts_var,pandas_numpy;polars;sql
ts_corr,pandas_numpy;polars;sql
ts_cov,pandas_numpy;polars;sql
ts_decay_exp_window,pandas_numpy;polars
ts_delay,pandas_numpy;polars;sql
ts_delta,pandas_numpy;polars;sql
ts_kurt,pandas_numpy;polars;sql
ts_max,pandas_numpy;polars;sql
ts_mean,pandas_numpy;polars;sql
ts_min,pandas_numpy;polars;sql
ts_product,pandas_numpy;polars;sql
ts_rank,pandas_numpy;polars;sql
ts_skew,pandas_numpy;polars;sql
ts_std,pandas_numpy;polars;sql
ts_sum,pandas_numpy;polars;sql
ts_sum_decay,pandas_numpy;polars
ts_zscore,pandas_numpy;polars;sql
price_spread_deviation,pandas_numpy;polars
ts_moment,pandas_numpy;polars;sql
ts_poly2_coeff,pandas_numpy;polars
ts_poly2_resid,pandas_numpy;polars
ts_poly2_prior_coeff,pandas_numpy;polars
ts_poly2_forecast_error,pandas_numpy;polars
ts_poly2_forecast_error_z,pandas_numpy;polars
digital_count,pandas_numpy;polars;sql
ts_max_buildup,pandas_numpy;polars
rolling_beta_to_market,pandas_numpy;polars
tail_beta,pandas_numpy;polars
residual_momentum_capm,pandas_numpy;polars
coskewness_to_market,pandas_numpy;polars;sql
idio_vol,pandas_numpy;polars
idio_skew,pandas_numpy;polars
ADX,pandas_numpy;polars
ATR_WILDER,pandas_numpy;polars
KAMA,pandas_numpy;polars
MACD_hist,pandas_numpy;polars
MACD_line,pandas_numpy;polars
MACD_signal,pandas_numpy;polars
RSI_WILDER,pandas_numpy;polars
hump_decay,pandas_numpy;polars
is_finite,pandas_numpy;polars;sql
saturate,pandas_numpy;polars;sql
signed_log,pandas_numpy;polars;sql
signed_power,pandas_numpy;polars;sql
trade_when,pandas_numpy;polars
ts_alpha_beta_filter,pandas_numpy;polars
ts_h_infinity_level_filter,pandas_numpy;polars
ts_adaptive_noise_kalman,pandas_numpy;polars
ts_student_t_kalman_filter,pandas_numpy;polars
ts_ssa_denoise_trailing,pandas_numpy;polars
ts_wavelet_shrinkage_trailing,pandas_numpy;polars
ts_total_variation_filter_trailing,pandas_numpy;polars
ts_l1_trend_filter_trailing,pandas_numpy;polars
ts_bessel_lowpass_causal,pandas_numpy;polars
ts_fir_lowpass_causal,pandas_numpy;polars
ts_spectral_lowpass_trailing,pandas_numpy;polars
ts_causal_savgol_endpoint,pandas_numpy;polars
period_lag,pandas_numpy;polars;sql
period_change,pandas_numpy;polars;sql
period_average,pandas_numpy;polars;sql
period_cagr,pandas_numpy;polars;sql
quarter_from_cumulative,pandas_numpy;polars;sql
ttm_from_quarterly,pandas_numpy;polars;sql
ttm_from_cumulative,pandas_numpy;polars;sql
yoy_by_period,pandas_numpy;polars;sql
row_sum_skipna,pandas_numpy;polars;sql
fiscal_perpetual_inventory,pandas_numpy;polars
fiscal_standardized_surprise,pandas_numpy;polars
fiscal_sign_consistency,pandas_numpy;polars
fiscal_change_direction_agreement,pandas_numpy;polars
fiscal_sign_agreement,pandas_numpy;polars
fiscal_autocorr,pandas_numpy;polars
fiscal_ar_resid_std,pandas_numpy;polars
fiscal_asymmetric_elasticity,pandas_numpy;polars
fiscal_reversal_ratio,pandas_numpy;polars
fiscal_regression_resid_std,pandas_numpy;polars
fiscal_accrual_quality,pandas_numpy;polars
fin_seasonal_zscore,pandas_numpy;polars
fin_seasonal_percentile,pandas_numpy;polars
fiscal_true_streak,pandas_numpy;polars
date_diff_days,pandas_numpy;polars
cash_flow_lifecycle_stage,pandas_numpy;polars
relation_jaccard,pandas_numpy;polars
fiscal_direction_consistency,pandas_numpy;polars
fiscal_pair_direction_agreement,pandas_numpy;polars
accounting_comparability_score,pandas_numpy;polars
fiscal_asymmetric_timeliness,pandas_numpy;polars
real_turnover_rate,pandas_numpy;polars
intraday_vwap_deviation,pandas_numpy;polars
overnight_return,pandas_numpy;polars;sql
open_close_return,pandas_numpy;polars;sql
open_to_vwap_return,pandas_numpy;polars;sql
vwap_to_close_return,pandas_numpy;polars;sql
ts_count_if,pandas_numpy;polars;sql
ts_sum_if,pandas_numpy;polars;sql
ts_mean_if,pandas_numpy;polars;sql
ts_std_if,pandas_numpy;polars;sql
ts_last_if,pandas_numpy;polars;sql
ts_days_since,pandas_numpy;polars;sql
ts_true_streak,pandas_numpy;polars;sql
cs_bucket,pandas_numpy;polars;sql
cs_multi_resid,pandas_numpy;polars;sql
cs_wls_resid,pandas_numpy;polars;sql
ts_regression_tstat,pandas_numpy;polars;sql
ts_trend_tstat,pandas_numpy;polars;sql
ts_max_drawdown,pandas_numpy;polars;sql
ts_partial_corr,pandas_numpy;polars;sql
ts_nth_value,pandas_numpy;polars;sql
ts_time_slope,pandas_numpy;polars
ts_sma_cn,pandas_numpy;polars
lqtp_historical_cvar,pandas_numpy;polars
minimum,pandas_numpy;polars;sql
maximum,pandas_numpy;polars;sql
book_to_price,pandas_numpy;polars;sql
earnings_yield,pandas_numpy;polars;sql
float_share_ratio,pandas_numpy;polars;sql
free_float_share_ratio,pandas_numpy;polars;sql
ts_positive_ratio,pandas_numpy;polars;sql
ts_negative_ratio,pandas_numpy;polars;sql
ts_zero_ratio,pandas_numpy;polars;sql
ts_quantile_range,pandas_numpy;polars
ts_robust_zscore_inclusive,pandas_numpy;polars
ts_robust_zscore_prior,pandas_numpy;polars
ts_trimmed_mean,pandas_numpy;polars;sql
ts_abs_concentration,pandas_numpy;polars;sql
ts_abs_entropy,pandas_numpy;polars;sql
ts_downside_deviation,pandas_numpy;polars;sql
ts_upside_deviation,pandas_numpy;polars
ts_current_drawdown_duration,pandas_numpy;polars
ts_time_under_water,pandas_numpy;polars
ts_best_lag_corr_raw,pandas_numpy;polars
ts_best_lag_corr_excess,pandas_numpy;polars
ts_price_delay,pandas_numpy;polars
ts_max_if,pandas_numpy;polars
ts_min_if,pandas_numpy;polars
ts_quantile_if,pandas_numpy;polars
ts_corr_if,pandas_numpy;polars
ts_beta_if,pandas_numpy;polars
ts_regression_resid_if,pandas_numpy;polars
ts_transition_count,pandas_numpy;polars
ts_time_since_change,pandas_numpy;polars
ts_event_spacing_mean,pandas_numpy;polars
ts_event_spacing_cv,pandas_numpy;polars
limit_up_close,pandas_numpy;polars;sql
limit_down_close,pandas_numpy;polars;sql
tradable_state,pandas_numpy;polars
holder_concentration,pandas_numpy;polars;sql
ashare_limit_distance,pandas_numpy;polars;sql
ashare_limit_up_touch,pandas_numpy;polars
ashare_limit_down_touch,pandas_numpy;polars
ashare_open_at_upper_limit,pandas_numpy;polars
ashare_limit_open_failed,pandas_numpy;polars
ashare_limit_one_price,pandas_numpy;polars
ashare_limit_failed,pandas_numpy;polars
benchmark_excess_return,pandas_numpy;polars;sql
benchmark_relative_price,pandas_numpy;polars;sql
fin_applicability_mask,pandas_numpy;polars
event_decay_asof,pandas_numpy;polars
group_ex_self_mean,pandas_numpy;polars;sql
group_ex_self_weighted_mean,pandas_numpy;polars
hierarchical_group_neutralize,pandas_numpy;polars
cs_trimmed_ols_resid,pandas_numpy;polars
cs_std,pandas_numpy;polars;sql
ts_ewm_corr,polars;sql
ts_ewm_cov,polars;sql
ts_regression_slope,pandas_numpy;polars;sql
ts_regression_intercept,pandas_numpy;polars
ts_regression_resid,pandas_numpy;polars
ts_regression_r2,pandas_numpy;polars
fin_component_score,pandas_numpy;polars
industry_fiscal_resid,pandas_numpy;polars
fiscal_acceleration,pandas_numpy;polars
fiscal_pct_change,pandas_numpy;polars
fiscal_rolling_std,pandas_numpy;polars
true_turnover_rate,pandas_numpy;polars
holder_company_ownership_hhi,pandas_numpy;polars
holder_concentration_change,pandas_numpy;polars
holder_count_change_rate,pandas_numpy;polars
intra_segment_return,pandas_numpy;polars
intra_segment_volume_share,pandas_numpy;polars
intra_segment_amount_share,pandas_numpy;polars
intra_segment_vwap_deviation,pandas_numpy;polars
intra_segment_realized_vol,pandas_numpy;polars
intra_realized_variance,pandas_numpy;polars
intra_realized_semivariance,pandas_numpy;polars
intra_bipower_variation,pandas_numpy;polars
intra_jump_ratio,pandas_numpy;polars
intra_path_efficiency,pandas_numpy;polars
intra_high_time,pandas_numpy;polars
intra_low_time,pandas_numpy;polars
intra_vwap_above_ratio,pandas_numpy;polars
intra_vwap_cross_count,pandas_numpy;polars
intra_concentration,pandas_numpy;polars
intra_entropy,pandas_numpy;polars
intra_signed_imbalance_proxy,pandas_numpy;polars
intra_return_activity_corr,pandas_numpy;polars
intra_amihud,pandas_numpy;polars
intra_kyle_lambda_proxy,pandas_numpy;polars
intra_extreme_bar_return,pandas_numpy;polars
intra_lunch_gap_return,pandas_numpy;polars
intra_limit_first_hit_time,pandas_numpy;polars
intra_limit_duration,pandas_numpy;polars
intra_limit_reopen_count,pandas_numpy;polars
cs_bucket_fixed,pandas_numpy;polars
cs_bucket_historical,pandas_numpy;polars
ts_tail_mean,pandas_numpy;polars
ts_topk_mean,pandas_numpy;polars;sql
ts_topk_std,pandas_numpy;polars;sql
ts_bottomk_mean,pandas_numpy;polars;sql
ts_bottomk_sum,pandas_numpy;polars;sql
ts_bottomk_std,pandas_numpy;polars;sql
ts_regression_in_sample_resid,pandas_numpy;polars
ts_regression_forecast_error,pandas_numpy;polars
ts_regression_forecast_error_z,pandas_numpy;polars
ts_regression_resid_mean,pandas_numpy;polars
cs_neutralize,pandas_numpy;polars;sql
true_range,pandas_numpy;polars;sql
ffill_limit,pandas_numpy;polars
cs_fill_mean,pandas_numpy;polars;sql
cs_fill_median,pandas_numpy;polars;sql
cs_rank_gaussian,pandas_numpy;polars
fundamental_staleness,pandas_numpy;polars
revision_delta,pandas_numpy;polars
period_stability,pandas_numpy;polars
cs_weighted_mean,pandas_numpy;polars;sql
cs_weighted_demean,pandas_numpy;polars;sql
cs_weighted_zscore,pandas_numpy;polars;sql
group_weighted_mean,pandas_numpy;polars;sql
group_weighted_zscore,pandas_numpy;polars
ts_valid_count,pandas_numpy;polars;sql
ts_coverage_ratio,pandas_numpy;polars;sql
ts_staleness,pandas_numpy;polars;sql
cs_valid_count,pandas_numpy;polars;sql
cs_coverage_ratio,pandas_numpy;polars;sql
group_valid_count,pandas_numpy;polars;sql
group_impute_median,pandas_numpy;polars
ts_ffill_limited,pandas_numpy;polars
log_positive_or_nan,pandas_numpy;polars
ts_argmax_age,pandas_numpy;polars;sql
ts_argmin_age,pandas_numpy;polars;sql
ts_argmax_index_from_oldest,pandas_numpy;polars;sql
ts_argmin_index_from_oldest,pandas_numpy;polars;sql
cs_impute_mean,pandas_numpy;polars;sql
cs_impute_median,pandas_numpy;polars;sql
ts_abs_entropy_normalized,pandas_numpy;polars
ts_abs_entropy_nats,pandas_numpy;polars
cs_huber_resid,pandas_numpy;polars
cs_lad_resid,pandas_numpy;polars
group_multi_resid,pandas_numpy;polars
cs_isolation_forest_score,pandas_numpy;polars
cs_factor_bucket_return,pandas_numpy;polars
cs_empirical_bayes_shrinkage,pandas_numpy;polars
cs_shrink_to_group_mean,pandas_numpy;polars
panel_peer_graph_aggregate,pandas_numpy;polars
relation_hhi,pandas_numpy;polars
holder_observed_topk_hhi,pandas_numpy;polars
relation_entropy,pandas_numpy;polars
relation_topk_sum,pandas_numpy;polars
relation_rank_weighted_sum,pandas_numpy;polars
relation_category_share,pandas_numpy;polars
relation_category_signed_contribution,pandas_numpy;polars
relation_peer_weighted_mean_ex_self,pandas_numpy;polars
relation_entry_count,pandas_numpy;polars
relation_exit_count,pandas_numpy;polars
relation_weighted_change,pandas_numpy;polars
index_member,pandas_numpy;polars
index_weight_change,pandas_numpy;polars
index_entry_exit_event,pandas_numpy;polars
index_membership_age,pandas_numpy;polars
event_cumulative_return_past,pandas_numpy;polars
event_abnormal_return_past,pandas_numpy;polars
event_return_since_last,pandas_numpy;polars
event_arithmetic_return_sum,pandas_numpy;polars
event_log_return_sum,pandas_numpy;polars
event_active_count,pandas_numpy;polars
calendar_day_diff,pandas_numpy;polars
fin_announcement_lag,pandas_numpy;polars
trading_day_diff,pandas_numpy;polars
relation_distinct_count,pandas_numpy;polars
relation_overlap_ratio,pandas_numpy;polars
index_weight,pandas_numpy;polars;sql
ts_huber_regression_in_sample_resid,pandas_numpy;polars
ts_huber_regression_predictive_resid,pandas_numpy;polars
ts_ridge_regression_in_sample_resid,pandas_numpy;polars
ts_ridge_regression_predictive_resid,pandas_numpy;polars
ts_quantile_regression_slope,pandas_numpy;polars
ts_ar_coefficient,pandas_numpy;polars
ts_variance_ratio_proxy,pandas_numpy;polars
ts_lo_mackinlay_vr,pandas_numpy;polars
ts_lo_mackinlay_z,pandas_numpy;polars
ts_cumulative_deviation_score,pandas_numpy;polars
ts_level_shift_score,pandas_numpy;polars
ts_vol_shift_score,pandas_numpy;polars
intra_realized_skewness,pandas_numpy;polars
intra_realized_kurtosis,pandas_numpy;polars
intra_realized_quarticity,pandas_numpy;polars
intra_tripower_quarticity,pandas_numpy;polars
intra_continuous_variance,pandas_numpy;polars
intra_jump_variation,pandas_numpy;polars
intra_positive_jump_variation,pandas_numpy;polars
intra_negative_jump_variation,pandas_numpy;polars
intra_signed_jump_ratio,pandas_numpy;polars
intra_jump_count,pandas_numpy;polars
intra_positive_tail_variation,pandas_numpy;polars
intra_negative_tail_variation,pandas_numpy;polars
intra_tail_event_count,pandas_numpy;polars
intra_signed_tail_variation_ratio,pandas_numpy;polars
intra_jump_concentration,pandas_numpy;polars
intra_jump_first_time,pandas_numpy;polars
intra_jump_last_time,pandas_numpy;polars
intra_jump_clustering,pandas_numpy;polars
intraday_rv_signature_slope,pandas_numpy;polars
intra_realized_beta,pandas_numpy;polars
intra_realized_correlation,pandas_numpy;polars
intra_down_down_semibeta,pandas_numpy;polars
intra_up_up_semibeta,pandas_numpy;polars
intra_down_up_semibeta,pandas_numpy;polars
intra_up_down_semibeta,pandas_numpy;polars
intra_beta_asymmetry,pandas_numpy;polars
intra_idiosyncratic_variance,pandas_numpy;polars
intra_idiosyncratic_skewness,pandas_numpy;polars
intra_idiosyncratic_kurtosis,pandas_numpy;polars
intra_market_model_r2,pandas_numpy;polars
intra_realized_beta_ex_self,pandas_numpy;polars
intra_realized_correlation_ex_self,pandas_numpy;polars
intra_idiosyncratic_variance_ex_self,pandas_numpy;polars
intra_idiosyncratic_skewness_ex_self,pandas_numpy;polars
intra_idiosyncratic_kurtosis_ex_self,pandas_numpy;polars
intra_market_model_r2_ex_self,pandas_numpy;polars
intra_interval_return,pandas_numpy;polars
intra_interval_volume_share,pandas_numpy;polars
intra_interval_amount_share,pandas_numpy;polars
intra_interval_realized_variance,pandas_numpy;polars
intra_interval_vwap_deviation,pandas_numpy;polars
intra_interval_illiquidity,pandas_numpy;polars
intra_same_slot_momentum,pandas_numpy;polars
intra_same_slot_reversal,pandas_numpy;polars
intra_signed_return_profile_cosine,pandas_numpy;polars
intra_abs_return_profile_cosine,pandas_numpy;polars
intra_return_profile_cosine,pandas_numpy;polars
intra_volume_profile_cosine,pandas_numpy;polars
intra_amount_profile_cosine,pandas_numpy;polars
intra_volume_profile_jsd,pandas_numpy;polars
intra_amount_profile_jsd,pandas_numpy;polars
intra_profile_earth_mover_distance,pandas_numpy;polars
intra_vwap_path_slope,pandas_numpy;polars
intra_vwap_path_curvature,pandas_numpy;polars
intra_vwap_path_slope_pct,pandas_numpy;polars
intra_vwap_path_curvature_pct,pandas_numpy;polars
intra_price_vwap_max_positive_excursion,pandas_numpy;polars
intra_price_vwap_max_negative_excursion,pandas_numpy;polars
intra_time_above_vwap,pandas_numpy;polars
intra_longest_above_vwap_streak,pandas_numpy;polars
intra_longest_below_vwap_streak,pandas_numpy;polars
intra_vwap_reversion_speed,pandas_numpy;polars
intra_max_drawdown,pandas_numpy;polars
intra_max_drawup,pandas_numpy;polars
intra_drawdown_depth,pandas_numpy;polars
intra_drawdown_duration,pandas_numpy;polars
intra_drawdown_recovery_half_life,pandas_numpy;polars
ts_overnight_intraday_cov,pandas_numpy;polars
ts_overnight_intraday_spread,pandas_numpy;polars
ts_overnight_intraday_sign_agreement,pandas_numpy;polars
ts_gap_reversion_ratio,pandas_numpy;polars
ts_gap_fill_ratio,pandas_numpy;polars
ts_gap_survival_duration,pandas_numpy;polars
ts_opening_mispricing_score,pandas_numpy;polars
ts_multi_regression_coeff,pandas_numpy;polars
ts_multi_regression_resid,pandas_numpy;polars
ts_multi_regression_resid_z,pandas_numpy;polars
ts_multi_regression_r2,pandas_numpy;polars
ts_huber_regression_coeff,pandas_numpy;polars
ts_huber_regression_resid_z,pandas_numpy;polars
ts_ridge_regression_coeff,pandas_numpy;polars
ts_ridge_regression_resid_z,pandas_numpy;polars
ts_multi_regression_coeff_prior,pandas_numpy;polars
ts_multi_regression_forecast_error,pandas_numpy;polars
ts_multi_regression_forecast_error_z,pandas_numpy;polars
ts_multi_regression_r2_prior,pandas_numpy;polars
ts_multi_regression_adjusted_r2_prior,pandas_numpy;polars
ts_multi_regression_coeff_stability,pandas_numpy;polars
ts_huber_regression_coeff_prior,pandas_numpy;polars
ts_huber_regression_forecast_error,pandas_numpy;polars
ts_huber_regression_forecast_error_z,pandas_numpy;polars
ts_ridge_regression_coeff_prior,pandas_numpy;polars
ts_ridge_regression_forecast_error,pandas_numpy;polars
ts_ridge_regression_forecast_error_z,pandas_numpy;polars
ts_expectile_regression_coeff,pandas_numpy;polars
ts_expectile_regression_resid,pandas_numpy;polars
ts_expectile_regression_coeff_prior,pandas_numpy;polars
ts_expectile_regression_forecast_error,pandas_numpy;polars
ts_expectile_beta_spread,pandas_numpy;polars
ts_quantile_regression_coeff,pandas_numpy;polars
ts_quantile_regression_coeff_prior,pandas_numpy;polars
ts_quantile_regression_resid,pandas_numpy;polars
ts_quantile_beta_spread,pandas_numpy;polars
ts_quantile_beta_spread_prior,pandas_numpy;polars
ts_ar_fitted_value,pandas_numpy;polars
ts_ar_in_sample_resid,pandas_numpy;polars
ts_ar_forecast,pandas_numpy;polars
ts_ar_innovation,pandas_numpy;polars
ts_ar_innovation_z,pandas_numpy;polars
ts_ar_prior_forecast,pandas_numpy;polars
ts_ar_prior_innovation,pandas_numpy;polars
ts_ar_prior_innovation_z,pandas_numpy;polars
ts_ar_prior_coeff,pandas_numpy;polars
ts_ar_coeff_stability,pandas_numpy;polars
ts_mean_reversion_half_life,pandas_numpy;polars
ts_mean_reversion_ou_approx_half_life,pandas_numpy;polars
ts_mean_reversion_ou_approx_half_life_prior,pandas_numpy;polars
ts_variance_ratio_slope,pandas_numpy;polars
ts_kalman_level,pandas_numpy;polars
ts_kalman_innovation_z,pandas_numpy;polars
ts_kalman_beta_uncertainty,pandas_numpy;polars
ts_kalman_trend,pandas_numpy;polars
ts_kalman_beta,pandas_numpy;polars
ts_kalman_beta_change,pandas_numpy;polars
ts_garch_next_vol_forecast,pandas_numpy;polars
ts_garch_vol_surprise,pandas_numpy;polars
ts_garch_persistence,pandas_numpy;polars
ts_garch_standardized_shock,pandas_numpy;polars
ts_gjr_garch_vol_forecast,pandas_numpy;polars
ts_gjr_leverage,pandas_numpy;polars
ts_har_rv_next_vol_forecast,pandas_numpy;polars
ts_har_rv_next_var_forecast,pandas_numpy;polars
ts_har_rv_forecast_error_z,pandas_numpy;polars
ts_har_from_return_next_vol,pandas_numpy;polars
ts_har_from_return_forecast_error_z,pandas_numpy;polars
ts_permutation_entropy,pandas_numpy;polars
ts_sample_entropy,pandas_numpy;polars
ts_pseudocount_sample_entropy,pandas_numpy;polars
ts_lz_complexity,pandas_numpy;polars
ts_multiscale_entropy_slope,pandas_numpy;polars
ts_turning_point_ratio,pandas_numpy;polars
ts_dfa_hurst,pandas_numpy;polars
ts_cusum_vol_break_score,pandas_numpy;polars
ts_two_state_regime_probability,pandas_numpy;polars
ts_regime_duration,pandas_numpy;polars
ts_change_point_probability,pandas_numpy;polars
ts_wavelet_low_frequency_ratio,pandas_numpy;polars
ts_wavelet_high_frequency_ratio,pandas_numpy;polars
ts_wavelet_entropy,pandas_numpy;polars
ts_wavelet_energy_slope,pandas_numpy;polars
ts_spectral_low_frequency_ratio,pandas_numpy;polars
ts_vector_state_mahalanobis,pandas_numpy;polars
ts_vector_state_local_density,pandas_numpy;polars
ts_matrix_profile_novelty,pandas_numpy;polars
ts_matrix_profile_motif_age,pandas_numpy;polars
ts_matrix_profile_motif_frequency,pandas_numpy;polars
ts_matrix_profile_neighbor_dispersion,pandas_numpy;polars
ts_matrix_profile_discord_score,pandas_numpy;polars
ts_motif_recurrence_count,pandas_numpy;polars
ts_path_signature_area,pandas_numpy;polars
ts_path_signature_depth2_norm,pandas_numpy;polars
ts_path_leadlag_area,pandas_numpy;polars
cs_ridge_resid,pandas_numpy;polars
cs_quantile_resid,pandas_numpy;polars
cs_spline_resid,pandas_numpy;polars
cs_mahalanobis_distance,pandas_numpy;polars
cs_knn_distance,pandas_numpy;polars
cs_local_density_score,pandas_numpy;polars
cs_shrinkage_mahalanobis,pandas_numpy;polars
cs_robust_mahalanobis_mad,pandas_numpy;polars
cs_actual_lof_score,pandas_numpy;polars
cs_relative_density_ratio,pandas_numpy;polars
cs_residual_percentile,pandas_numpy;polars;sql
group_peer_beta_deviation,pandas_numpy;polars
group_peer_deviation_index,pandas_numpy;polars
group_peer_information_diffusion,pandas_numpy;polars
group_leader_laggard_exposure,pandas_numpy;polars
group_return_dispersion_exposure,pandas_numpy;polars
group_multi_level_rank_consistency,pandas_numpy;polars
ts_market_liquidity_beta,pandas_numpy;polars
ts_industry_liquidity_beta,pandas_numpy;polars
panel_rolling_pca_loading,pandas_numpy;polars
panel_rolling_pca_resid,pandas_numpy;polars
panel_rolling_pca_explained_ratio,pandas_numpy;polars
panel_rolling_pca_resid_vol,pandas_numpy;polars
panel_rolling_pca_resid_momentum,pandas_numpy;polars
industry_rolling_pca_loading,pandas_numpy;polars
panel_rolling_pcr_forecast,pandas_numpy;polars
panel_rolling_pls_forecast,pandas_numpy;polars
panel_rolling_elastic_net_forecast,pandas_numpy;polars
panel_regime_conditioned_forecast,pandas_numpy;polars
panel_mixture_of_experts_score,pandas_numpy;polars
ts_feature_pca_reconstruction_error,pandas_numpy;polars
cs_autoencoder_reconstruction_error,pandas_numpy;polars
fin_lag,pandas_numpy;polars;sql
fin_diff,pandas_numpy;polars;sql
fin_pct_change,pandas_numpy;polars;sql
fin_log_change,pandas_numpy;polars;sql
fin_qoq,pandas_numpy;polars;sql
fin_yoy,pandas_numpy;polars;sql
fin_ttm,pandas_numpy;polars;sql
fin_average_balance,pandas_numpy;polars
fin_growth,pandas_numpy;polars;sql
fin_cagr,pandas_numpy;polars
fin_growth_acceleration,pandas_numpy;polars
fin_growth_change,pandas_numpy;polars
fin_growth_volatility,pandas_numpy;polars
fin_growth_stability,pandas_numpy;polars
fin_growth_persistence,pandas_numpy;polars
fin_std,pandas_numpy;polars;sql
fin_mean_abs_deviation,pandas_numpy;polars;sql
fin_median_abs_deviation,pandas_numpy;polars;sql
fin_cv,pandas_numpy;polars;sql
fin_stability,pandas_numpy;polars
fin_range,pandas_numpy;polars;sql
fin_zscore_history,pandas_numpy;polars
fin_zscore_vs_prior_history,pandas_numpy;polars
fin_percentile_history,pandas_numpy;polars
fin_percentile_vs_prior_history,pandas_numpy;polars
fin_trend_slope,pandas_numpy;polars
fin_trend_r2,pandas_numpy;polars
fin_trend_tstat,pandas_numpy;polars
fin_trend_acceleration,pandas_numpy;polars
fin_monotonicity,pandas_numpy;polars;sql
fin_positive_streak,pandas_numpy;polars;sql
fin_negative_streak,pandas_numpy;polars;sql
fin_sign_change_count,pandas_numpy;polars;sql
fin_ratio,pandas_numpy;polars;sql
fin_common_size,pandas_numpy;polars
fin_turnover,pandas_numpy;polars;sql
fin_divergence,pandas_numpy;polars
fin_cash_earnings_gap,pandas_numpy;polars
fin_accrual_ratio,pandas_numpy;polars
fin_cash_conversion,pandas_numpy;polars
fin_working_capital_change,pandas_numpy;polars
fin_period_restated,pandas_numpy;polars
fin_period_revision_count,pandas_numpy;polars
fin_period_revision_age,pandas_numpy;polars
fin_working_capital_accruals,pandas_numpy;polars
fin_total_operating_accruals,pandas_numpy;polars
fin_delta_noa,pandas_numpy;polars
fin_roe_cash_gap,pandas_numpy;polars
fin_earnings_cash_gap_volatility,pandas_numpy;polars
fin_earnings_smoothness,pandas_numpy;polars
fin_earnings_persistence,pandas_numpy;polars
fin_cashflow_persistence,pandas_numpy;polars
fin_margin_persistence,pandas_numpy;polars
fin_core_earnings_ratio,pandas_numpy;polars
fin_noncore_income_ratio,pandas_numpy;polars
fin_fair_value_income_dependence,pandas_numpy;polars
fin_investment_income_dependence,pandas_numpy;polars
fin_other_earnings_dependence,pandas_numpy;polars
fin_comprehensive_income_gap,pandas_numpy;polars
fin_oci_to_equity,pandas_numpy;polars
fin_discontinued_operation_ratio,pandas_numpy;polars
fin_minority_profit_share,pandas_numpy;polars
fin_receivable_sales_divergence,pandas_numpy;polars
fin_inventory_sales_divergence,pandas_numpy;polars
fin_cash_sales_divergence,pandas_numpy;polars
fin_expense_sales_divergence,pandas_numpy;polars
fin_contract_asset_intensity,pandas_numpy;polars
fin_contract_asset_growth,pandas_numpy;polars
fin_contract_liability_intensity,pandas_numpy;polars
fin_contract_liability_growth,pandas_numpy;polars
fin_contract_asset_liability_gap,pandas_numpy;polars
fin_lease_intensity,pandas_numpy;polars
fin_lease_asset_liability_gap,pandas_numpy;polars
fin_goodwill_intensity,pandas_numpy;polars
fin_deferred_tax_gap,pandas_numpy;polars
fin_impairment_intensity,pandas_numpy;polars
fin_goodwill_risk_score,pandas_numpy;polars
fin_net_debt_issuance,pandas_numpy;polars
fin_borrowing_intensity,pandas_numpy;polars
fin_debt_repayment_intensity,pandas_numpy;polars
fin_net_borrowing_cashflow,pandas_numpy;polars
fin_equity_capital_growth,pandas_numpy;polars
fin_financing_gap,pandas_numpy;polars
fin_interest_coverage_proxy,pandas_numpy;polars
fin_debt_service_coverage_proxy,pandas_numpy;polars
fin_cash_burn_runway,pandas_numpy;polars
fin_capex_intensity,pandas_numpy;polars
fin_capex_growth,pandas_numpy;polars
fin_acquisition_cash_intensity,pandas_numpy;polars
fin_rd_total_intensity,pandas_numpy;polars
fin_rd_capitalization_ratio,pandas_numpy;polars
piotroski_f_score,pandas_numpy;polars
piotroski_f_score_tolerant,pandas_numpy;polars
piotroski_partial_score,pandas_numpy;polars
piotroski_observed_count,pandas_numpy;polars
altman_z_score,pandas_numpy;polars
zmijewski_score,pandas_numpy;polars
fin_fundamental_strength_score,pandas_numpy;polars
fin_fundamental_strength_coverage,pandas_numpy;polars
holder_weighted_churn,pandas_numpy;polars
holder_entry_share,pandas_numpy;polars
holder_exit_share,pandas_numpy;polars
holder_net_entry_share,pandas_numpy;polars
holder_rank_stability,pandas_numpy;polars
holder_pledge_ratio,pandas_numpy;polars
holder_freeze_ratio,pandas_numpy;polars
holder_pledge_concentration,pandas_numpy;polars
holder_freeze_concentration,pandas_numpy;polars
holder_pledged_holder_count,pandas_numpy;polars
holder_pledge_change,pandas_numpy;polars
holder_pledge_churn,pandas_numpy;polars
holder_float_concentration_gap,pandas_numpy;polars
holder_locked_share_ratio,pandas_numpy;polars
holder_concentration_slope,pandas_numpy;polars
holder_concentration_acceleration,pandas_numpy;polars
holder_class_entropy,pandas_numpy;polars
holder_nature_entropy,pandas_numpy;polars
holder_common_holding_peer_return,pandas_numpy;polars
holder_peer_return_breadth,pandas_numpy;polars
holder_shareholder_network_centrality,pandas_numpy;polars
holder_shareholder_overlap_ratio,pandas_numpy;polars
holder_id_matched_churn,pandas_numpy;polars
holder_id_matched_entry_share,pandas_numpy;polars
holder_id_matched_exit_share,pandas_numpy;polars
holder_id_overlap_ratio,pandas_numpy;polars
holder_share_weighted_rank_migration,pandas_numpy;polars
holder_disclosure_count,pandas_numpy;polars
holder_disclosure_coverage,pandas_numpy;polars
holder_topk_share_sum,pandas_numpy;polars
valuation_pe_ttm_lyr_gap,pandas_numpy;polars
valuation_pcf_definition_gap,pandas_numpy;polars
valuation_pe_gap_signed_log,pandas_numpy;polars
valuation_pe_gap_positive,pandas_numpy;polars
valuation_pcf_gap_signed_log,pandas_numpy;polars
valuation_pcf_gap_positive,pandas_numpy;polars
free_float_ratio,pandas_numpy;polars
free_to_circulating_ratio,pandas_numpy;polars
a_share_cap_ratio,pandas_numpy;polars
free_float_turnover,pandas_numpy;polars
market_cap_free_cap_gap,pandas_numpy;polars
valuation_cashflow_disagreement,pandas_numpy;polars
valuation_growth_mismatch,pandas_numpy;polars
valuation_quality_mismatch,pandas_numpy;polars
capital_change_age,pandas_numpy;polars
capital_change_magnitude,pandas_numpy;polars
circulating_cap_ratio_change,pandas_numpy;polars
circulating_cap_unlock_proxy,pandas_numpy;polars
index_weight_gap_to_free_float,pandas_numpy;polars
index_reconstitution_churn,pandas_numpy;polars
multi_index_entry_intensity,pandas_numpy;polars
listing_age,pandas_numpy;polars
suspension_frequency,pandas_numpy;polars
suspension_status_coverage,pandas_numpy;polars
index_event_decay,pandas_numpy;polars
ts_lower_partial_moment,pandas_numpy;polars
ts_upper_partial_moment,pandas_numpy;polars
ts_expected_shortfall,pandas_numpy;polars
ts_quantile_skew,pandas_numpy;polars
ts_quantile_kurtosis,pandas_numpy;polars
ts_tail_ratio,pandas_numpy;polars
ts_extreme_cluster_ratio,pandas_numpy;polars
ts_distance_corr,pandas_numpy;polars
ts_distance_cov,pandas_numpy;polars
ts_mutual_information,pandas_numpy;polars
ts_lagged_mutual_information,pandas_numpy;polars
ts_upper_tail_coexceedance_probability,pandas_numpy;polars
ts_lower_tail_coexceedance_probability,pandas_numpy;polars
ts_weighted_permutation_entropy,pandas_numpy;polars
ts_permutation_transition_entropy,pandas_numpy;polars
ts_hurst_dfa,pandas_numpy;polars
ts_higuchi_fractal_dimension,pandas_numpy;polars
ts_variogram_slope,pandas_numpy;polars
ts_autocorr_decay_half_life,pandas_numpy;polars
ashare_limit_up_streak,pandas_numpy;polars
ashare_limit_down_streak,pandas_numpy;polars
ashare_days_since_limit_up,pandas_numpy;polars
ashare_days_since_limit_down,pandas_numpy;polars
ashare_limit_touch_count,pandas_numpy;polars
ashare_failed_limit_count,pandas_numpy;polars
ashare_one_price_limit_streak,pandas_numpy;polars
ashare_limit_event_density,pandas_numpy;polars
ashare_limit_asymmetry,pandas_numpy;polars
ashare_suspension_episode_length,pandas_numpy;polars
ashare_limit_open_up_streak,pandas_numpy;polars
ashare_limit_open_down_streak,pandas_numpy;polars
ashare_limit_up_volume_ratio,pandas_numpy;polars
ashare_limit_down_volume_ratio,pandas_numpy;polars
relation_topk_concentration,pandas_numpy;polars
relation_distribution_skew,pandas_numpy;polars
relation_distribution_pearson_kurtosis,pandas_numpy;polars
relation_distribution_excess_kurtosis,pandas_numpy;polars
relation_hhi_change,pandas_numpy;polars
relation_entropy_change,pandas_numpy;polars
relation_concentration_acceleration,pandas_numpy;polars
relation_rank_mobility,pandas_numpy;polars
relation_rank_entity_mobility,pandas_numpy;polars
relation_share_mobility,pandas_numpy;polars
group_skewness,pandas_numpy;polars;sql
group_kurtosis,pandas_numpy;polars;sql
group_quantile_spread,pandas_numpy;polars;sql
group_tail_ratio,pandas_numpy;polars
intra_bar_range_persistence,pandas_numpy;polars
intra_bar_range_deviation,pandas_numpy;polars
intra_tail_volume_share,pandas_numpy;polars
intra_volume_price_alignment,pandas_numpy;polars
intra_ute_high,pandas_numpy;polars
intra_ute_low,pandas_numpy;polars
intra_slot_volume_surprise,pandas_numpy;polars
intra_slot_amount_surprise,pandas_numpy;polars
intra_slot_volatility_surprise,pandas_numpy;polars
intra_market_lead_lag_ex_self,pandas_numpy;polars
intra_industry_lead_lag_ex_self,pandas_numpy;polars
intra_session_return_asymmetry,pandas_numpy;polars
intra_close_participation,pandas_numpy;polars
intra_high_low_affinity,pandas_numpy;polars
ts_run_strength,pandas_numpy;polars
ts_run_efficiency,pandas_numpy;polars
ts_run_concentration,pandas_numpy;polars
ts_hysteresis_state,pandas_numpy;polars
ts_hysteresis_age,pandas_numpy;polars
ts_state_integral,pandas_numpy;polars
ts_state_entry_strength,pandas_numpy;polars
ts_transition_intensity,pandas_numpy;polars
ts_sign_persistence,pandas_numpy;polars
ts_sign_cluster_index,pandas_numpy;polars
ts_monotonicity,pandas_numpy;polars
ts_turning_rate,pandas_numpy;polars
ts_effective_turning_rate,pandas_numpy;polars
ts_turning_intensity,pandas_numpy;polars
ts_path_efficiency,pandas_numpy;polars
ts_roughness,pandas_numpy;polars
ts_trend_break_score,pandas_numpy;polars
ts_weighted_time_centroid,pandas_numpy;polars
ts_endpoint_deviation,pandas_numpy;polars
ts_mass_concentration,pandas_numpy;polars
ts_chord_excursion_area,pandas_numpy;polars
ts_max_chord_excursion,pandas_numpy;polars
ts_tail_imbalance,pandas_numpy;polars
ts_expected_shortfall_asymmetry,pandas_numpy;polars
ts_wasserstein_shift,pandas_numpy;polars
ts_ks_shift,pandas_numpy;polars
ts_location_shift,pandas_numpy;polars
ts_scale_shift,pandas_numpy;polars
ts_quantile_transport_slope,pandas_numpy;polars
ts_quantile_transport_curvature,pandas_numpy;polars
ts_mmd_rbf_shift,pandas_numpy;polars
ts_vol_of_vol,pandas_numpy;polars;sql
ts_vol_acceleration,pandas_numpy;polars;sql
ts_vol_term_structure,pandas_numpy;polars;sql
ts_semivariance_balance,pandas_numpy;polars;sql
ts_realized_quarticity,pandas_numpy;polars;sql
ts_vol_clustering,pandas_numpy;polars
ts_leverage_effect,pandas_numpy;polars
ts_jump_bipower_proxy,pandas_numpy;polars
cs_neighbor_gap,pandas_numpy;polars
cs_local_density,pandas_numpy;polars
cs_isolation,pandas_numpy;polars
cs_local_curvature,pandas_numpy;polars
group_ex_self_std,pandas_numpy;polars
group_ex_self_mad,pandas_numpy;polars
group_ex_self_quantile,pandas_numpy;polars
relation_weighted_std_ex_self,pandas_numpy;polars
event_frequency,pandas_numpy;polars;sql
event_cluster_count,pandas_numpy;polars
event_cluster_mean_size,pandas_numpy;polars
report_rolling_mean,pandas_numpy;polars
report_yoy_lag,pandas_numpy;polars
report_change_breadth,pandas_numpy;polars
report_change_coherence,pandas_numpy;polars
state_latch,pandas_numpy;polars
state_hold,pandas_numpy;polars
state_slew_limit,pandas_numpy;polars
state_deadband,pandas_numpy;polars
event_refractory,pandas_numpy;polars
cross_event,pandas_numpy;polars
ts_cusum_pressure,pandas_numpy;polars
ts_rank_if,pandas_numpy;polars
state_ewm_if,pandas_numpy;polars
ts_lag_of_peak_corr,pandas_numpy;polars
state_since_sum,pandas_numpy;polars
state_since_mean,pandas_numpy;polars
state_since_count,pandas_numpy;polars
state_since_last,pandas_numpy;polars
directional_change_state,pandas_numpy;polars
directional_change_extent,pandas_numpy;polars
state_since_trend_tstat,pandas_numpy;polars
ts_state_age_percentile,pandas_numpy;polars
ts_state_exit_hazard,pandas_numpy;polars
ts_state_residual_life,pandas_numpy;polars
cs_rank_churn,pandas_numpy;polars
cs_rank_composition_churn,pandas_numpy;polars
cs_rank_combined_churn,pandas_numpy;polars
cs_tail_retention,pandas_numpy;polars
cs_tail_breadth,pandas_numpy;polars
ts_recovery_fraction,pandas_numpy;polars
ts_current_drawdown_area,pandas_numpy;polars
ts_turnover_reference_price,pandas_numpy;polars
ts_turnover_cost_dispersion,pandas_numpy;polars
ts_turnover_profit_share,pandas_numpy;polars
ts_turnover_holding_age,pandas_numpy;polars
ts_turnover_near_cost_mass,pandas_numpy;polars
ts_turnover_cost_quantile_distance,pandas_numpy;polars
ts_turnover_cost_entropy,pandas_numpy;polars
ts_turnover_cost_mode_distance,pandas_numpy;polars
ts_turnover_cost_skew,pandas_numpy;polars
ts_turnover_age_dispersion,pandas_numpy;polars
ts_turnover_old_mass,pandas_numpy;polars
ts_turnover_cost_entropy_vol_scaled,pandas_numpy;polars
ts_stratified_mean_spread,pandas_numpy;polars
ts_weighted_semivariance,pandas_numpy;polars
ts_weighted_downside_deviation,pandas_numpy;polars
ts_weighted_expected_shortfall,pandas_numpy;polars
ts_weighted_drawdown_area,pandas_numpy;polars
ts_cpt_value,pandas_numpy;polars
intraday_bvc_imbalance,pandas_numpy;polars
intraday_impact_beta,pandas_numpy;polars
intraday_impact_asymmetry,pandas_numpy;polars
intraday_return_wasserstein_shift,pandas_numpy;polars
micro_bvc_vpin,pandas_numpy;polars
ts_transfer_entropy,pandas_numpy;polars
ts_effective_transfer_entropy,pandas_numpy;polars
ts_score_rank_weighted_mean,pandas_numpy;polars
report_benford_js_divergence,pandas_numpy;polars
ts_transfer_entropy_peak_strength,pandas_numpy;polars
ts_transfer_entropy_peak_lag,pandas_numpy;polars
ts_transfer_entropy_peak_excess,pandas_numpy;polars
ts_bures_corr_shift,pandas_numpy;polars
ts_kramers_moyal_drift,pandas_numpy;polars
ts_kramers_moyal_diffusion,pandas_numpy;polars
cs_sliced_wasserstein_copula_shift,pandas_numpy;polars
group_spd_feature_structure_shift,pandas_numpy;polars
holder_class_js_shift,pandas_numpy;polars
intraday_wasserstein_pair_distance,pandas_numpy;polars
baseline_scaled_wasserstein_distance,pandas_numpy;polars
intraday_barrier_approach_acceleration,pandas_numpy;polars
intraday_quantile_curve_pca_score,pandas_numpy;polars
intraday_quantile_curve_pca_residual,pandas_numpy;polars
intraday_subsampled_rv_dispersion,pandas_numpy;polars
intraday_volatility_signature_slope,pandas_numpy;polars
intraday_realized_power_variation,pandas_numpy;polars
intraday_profile_surprise_energy,pandas_numpy;polars
intraday_profile_phase_shift,pandas_numpy;polars
ts_betti_1_max_persistence,pandas_numpy;polars
ts_persistence_diagram_shift,pandas_numpy;polars
ts_fisher_information_shift,pandas_numpy;polars
ts_quantilogram,pandas_numpy;polars
ts_cross_quantilogram,pandas_numpy;polars
ts_quantile_crossing_spectral_concentration,pandas_numpy;polars
ts_extremogram,pandas_numpy;polars
ts_cross_extremogram,pandas_numpy;polars
ts_extremal_dependence_decay,pandas_numpy;polars
ts_expectile,pandas_numpy;polars
ts_expectile_beta,pandas_numpy;polars
ts_dc_overshoot_ratio,pandas_numpy;polars
ts_dc_event_rate,pandas_numpy;polars
ts_dc_duration_asymmetry,pandas_numpy;polars
ts_dc_overshoot_asymmetry,pandas_numpy;polars
ts_feature_mode_share,pandas_numpy;polars
ts_feature_effective_rank,pandas_numpy;polars
ts_feature_subspace_rotation,pandas_numpy;polars
ts_beta_break_score,pandas_numpy;polars
ts_conditional_transfer_entropy,pandas_numpy;polars
ts_modwt_band_corr,pandas_numpy;polars
ohlc_corwin_schultz_spread,pandas_numpy;polars
ts_roll_effective_spread,pandas_numpy;polars
cs_knn_local_linear_residual,pandas_numpy;polars
cs_knn_local_gradient_norm,pandas_numpy;polars
cs_knn_tangent_residual,pandas_numpy;polars
cs_rank_copula_mi,pandas_numpy;polars
cs_rank_copula_entropy,pandas_numpy;polars
group_tail_centrality,pandas_numpy;polars
group_tail_lead_score,pandas_numpy;polars
relation_diffusion_score,pandas_numpy;polars
event_mark_autocorr,pandas_numpy;polars
event_interval_mark_coupling,pandas_numpy;polars
update_path_efficiency,pandas_numpy;polars
update_acceleration,pandas_numpy;polars
update_surprise,pandas_numpy;polars
update_direction_persistence,pandas_numpy;polars
ts_markov_persistence,pandas_numpy;polars
ts_markov_state_entropy,pandas_numpy;polars
ts_markov_transition_surprisal,pandas_numpy;polars
ts_markov_entropy_production,pandas_numpy;polars
ts_kramers_moyal_local_stability,pandas_numpy;polars
ts_active_information_storage,pandas_numpy;polars
ts_markov_committor,pandas_numpy;polars
ts_markov_mean_first_passage_time,pandas_numpy;polars
ts_markov_spectral_gap,pandas_numpy;polars
ts_markov_stationary_surprisal,pandas_numpy;polars
ts_km_equilibrium_distance,pandas_numpy;polars
ts_km_diffusion_gradient,pandas_numpy;polars
ts_km_quasipotential_depth,pandas_numpy;polars
ts_state_density,pandas_numpy;polars
ts_ordinal_irreversibility,pandas_numpy;polars
ts_multiscale_permutation_entropy_slope,pandas_numpy;polars
ts_first_passage_bias,pandas_numpy;polars
ts_first_passage_hit_probability,pandas_numpy;polars
ts_first_passage_conditional_time,pandas_numpy;polars
event_historical_response_mean,pandas_numpy;polars
event_historical_response_sign_balance,pandas_numpy;polars
event_hawkes_branching_ratio_proxy,pandas_numpy;polars
event_response_peak_lag,pandas_numpy;polars
event_response_decay_rate,pandas_numpy;polars
event_response_dispersion,pandas_numpy;polars
event_response_reversal_strength,pandas_numpy;polars
event_response_effective_events,pandas_numpy;polars
event_response_overlap_ratio,pandas_numpy;polars
ts_joint_energy_shift,pandas_numpy;polars
ts_energy_break_score,pandas_numpy;polars
ts_copula_central_asymmetry,pandas_numpy;polars
group_feature_valid_member_count,pandas_numpy;polars
group_feature_coverage_ratio,pandas_numpy;polars
group_feature_mode_share,pandas_numpy;polars
group_feature_effective_rank,pandas_numpy;polars
group_feature_mode_localization,pandas_numpy;polars
group_feature_spectral_gap,pandas_numpy;polars
group_feature_second_mode_localization,pandas_numpy;polars
intraday_volume_clock_path_efficiency,pandas_numpy;polars
intraday_volume_clock_roughness,pandas_numpy;polars
session_event_recovery_score,pandas_numpy;polars
cs_knn_peer_mean_ex_self,pandas_numpy;polars
cs_knn_neighbor_retention,pandas_numpy;polars
cs_knn_graph_dirichlet_energy,pandas_numpy;polars
ts_hill_tail_index,pandas_numpy;polars
ts_quantile_regression_beta,pandas_numpy;polars
ts_extremal_index,pandas_numpy;polars
ts_mean_excess_slope,pandas_numpy;polars
ts_gpd_shape_pwm,pandas_numpy;polars
ts_local_lyapunov_exponent,pandas_numpy;polars
report_filing_delay_surprise,pandas_numpy;polars
report_revision_magnitude,pandas_numpy;polars
ts_recurrence_rate,pandas_numpy;polars
ts_recurrence_diagonal_entropy,pandas_numpy;polars
ts_recurrence_trapping_time,pandas_numpy;polars
ts_recurrence_divergence,pandas_numpy;polars
ts_interval_union_coverage,pandas_numpy;polars
ts_interval_occupancy_entropy,pandas_numpy;polars
ts_interval_occupancy_mode_distance,pandas_numpy;polars
ts_interval_nesting_depth,pandas_numpy;polars
ts_interval_exploration_efficiency,pandas_numpy;polars
ts_interval_overlap_connected_component_ratio,pandas_numpy;polars
ts_structural_level_density,pandas_numpy;polars
ts_nearest_structural_level_distance,pandas_numpy;polars
ts_structural_level_strength,pandas_numpy;polars
ts_multiscale_trend_consensus,pandas_numpy;polars
ts_multiscale_trend_dispersion,pandas_numpy;polars
ts_multiscale_trend_curvature,pandas_numpy;polars
ts_envelope_compression,pandas_numpy;polars
ts_envelope_pressure,pandas_numpy;polars
ts_envelope_boundary_dwell,pandas_numpy;polars
ts_crossing_speed,pandas_numpy;polars;sql
ts_crossing_acceleration,pandas_numpy;polars;sql
ts_extrema_divergence_strength,pandas_numpy;polars
ts_extrema_confirmation_rate,pandas_numpy;polars
ts_threshold_cycle_period,pandas_numpy;polars
ts_threshold_cycle_asymmetry,pandas_numpy;polars
state_episode_mfe,pandas_numpy;polars
state_episode_mae,pandas_numpy;polars
state_episode_efficiency,pandas_numpy;polars
state_episode_retrace_ratio,pandas_numpy;polars
state_episode_excursion_balance,pandas_numpy;polars
intraday_medrv,pandas_numpy;polars
intraday_minrv,pandas_numpy;polars
intraday_jump_test_stat,pandas_numpy;polars
intraday_volatility_time_centroid,pandas_numpy;polars
intraday_volatility_concentration,pandas_numpy;polars;sql
intraday_volatility_entropy,pandas_numpy;polars;sql
intraday_realized_semivariance_balance,pandas_numpy;polars;sql
intraday_rv_signature_curvature,pandas_numpy;polars
ts_vol_pvariation_roughness,pandas_numpy;polars
ts_vol_scaling_break,pandas_numpy;polars
ts_binned_response_monotonicity,pandas_numpy;polars
ts_binned_response_curvature,pandas_numpy;polars
ts_response_slope_asymmetry,pandas_numpy;polars
ts_chatterjee_xi,pandas_numpy;polars
ts_hsic,pandas_numpy;polars
ts_conditional_mutual_information,pandas_numpy;polars
ts_distance_correlation_partial_proxy,pandas_numpy;polars
ts_vector_path_efficiency,pandas_numpy;polars
ts_vector_turning_coherence,pandas_numpy;polars
ts_vector_path_curvature,pandas_numpy;polars
ts_vector_self_intersection_rate,pandas_numpy;polars
event_interval_memory,pandas_numpy;polars
event_local_variation,pandas_numpy;polars
event_fano_factor,pandas_numpy;polars
event_fano_excess,pandas_numpy;polars
ts_lempel_ziv_complexity,pandas_numpy;polars
ts_forbidden_ordinal_pattern_excess,pandas_numpy;polars
ts_forbidden_ordinal_pattern_ratio,pandas_numpy;polars
ts_forbidden_ordinal_pattern_signed_excess,pandas_numpy;polars
ts_spectral_centroid,pandas_numpy;polars
ts_spectral_flatness,pandas_numpy;polars
ts_spectral_peak_concentration,pandas_numpy;polars
ts_spectral_quality_factor,pandas_numpy;polars
ts_hankel_effective_rank,pandas_numpy;polars
ts_hankel_singular_gap,pandas_numpy;polars
ts_ssa_reconstruction_residual,pandas_numpy;polars
ts_ssa_prior_reconstruction_error,pandas_numpy;polars
ts_generalized_hurst_exponent,pandas_numpy;polars
ts_generalized_hurst_spread_q1_q4,pandas_numpy;polars
ts_multifractal_spectrum_width,pandas_numpy;polars
ts_multifractal_curvature,pandas_numpy;polars
ts_autocorrelation_time,pandas_numpy;polars
ts_autocorrelation_time_initial_positive_sequence,pandas_numpy;polars
ts_fractional_difference,pandas_numpy;polars
ts_fractional_difference_discarded_weight_mass,pandas_numpy;polars
ts_l_skewness,pandas_numpy;polars
ts_l_kurtosis,pandas_numpy;polars
ts_hartigan_dip,pandas_numpy;polars
ts_delay_intrinsic_dimension,pandas_numpy;polars
ts_persistence_entropy_h0,pandas_numpy;polars
ts_persistence_entropy_h1,pandas_numpy;polars
cs_knn_local_moran,pandas_numpy;polars
cs_isotonic_residual,pandas_numpy;polars
cs_isotonic_residual_lagged_direction,pandas_numpy;polars
group_current_members_tail_coexceedance,pandas_numpy;polars
group_corr_mst_length,pandas_numpy;polars
intraday_session_shape_novelty,pandas_numpy;polars
intraday_profile_pca_residual,pandas_numpy;polars
group_topk_mean,pandas_numpy;polars;sql
ts_value_at_argextreme,pandas_numpy;polars
cs_weighted_percentile_rank,pandas_numpy;polars;sql
group_distribution_js_divergence,pandas_numpy;polars
event_level_survival_share,pandas_numpy;polars
ts_weighted_standardized_moment,pandas_numpy;polars
ts_cov_if,pandas_numpy;polars;sql
cs_multi_ridge_resid,pandas_numpy;polars
ts_activity_clock_lagged_value,pandas_numpy;polars
ts_activity_clock_lagged_value_prior,pandas_numpy;polars
ts_activity_clock_age,pandas_numpy;polars
ts_max_drawdown_activity_cost,pandas_numpy;polars
ts_return_spectral_entropy,pandas_numpy;polars
ts_spectral_entropy,pandas_numpy;polars
ts_detrended_level_spectral_entropy,pandas_numpy;polars
ts_dominant_cycle_period,pandas_numpy;polars
group_signal_attraction_share,pandas_numpy;polars
intraday_activity_duration_curvature,pandas_numpy;polars
ts_wavelet_lowpass_reconstruct,pandas_numpy;polars
ts_signature_mahalanobis_anomaly,pandas_numpy;polars
ts_persistence_birth_dispersion,pandas_numpy;polars
ts_hvg_degree_entropy,pandas_numpy;polars
ts_hvg_forward_backward_asymmetry,pandas_numpy;polars
ts_hvg_clustering_coefficient,pandas_numpy;polars
ts_hvg_assortativity,pandas_numpy;polars
ts_hvg_motif_entropy,pandas_numpy;polars
ts_recurrence_determinism,pandas_numpy;polars
ts_recurrence_laminarity,pandas_numpy;polars
ts_recurrence_mean_diagonal_length,pandas_numpy;polars
ts_recurrence_longest_vertical_length,pandas_numpy;polars
ts_rqa_determinism_fixed_rr,pandas_numpy;polars
ts_rqa_laminarity_fixed_rr,pandas_numpy;polars
ts_glr_mean_shift_score,pandas_numpy;polars
ts_glr_variance_shift_score,pandas_numpy;polars
ts_pettitt_change_score,pandas_numpy;polars
ts_edge_effective_spread,pandas_numpy;polars
ts_abdi_ranaldo_spread,pandas_numpy;polars
ts_pastor_stambaugh_liquidity_gamma,pandas_numpy;polars
ts_qn_scale,pandas_numpy;polars
ts_hodges_lehmann_location,pandas_numpy;polars
ts_pickands_tail_index,pandas_numpy;polars
ts_evt_threshold_stability,pandas_numpy;polars
event_allan_factor,pandas_numpy;polars
event_allan_scaling_slope,pandas_numpy;polars
event_allan_log_mean,pandas_numpy;polars
composition_clr_component,pandas_numpy;polars
composition_entropy,pandas_numpy;polars
composition_normalized_entropy,pandas_numpy;polars
composition_aitchison_distance,pandas_numpy;polars
composition_ilr_balance,pandas_numpy;polars
composition_js_divergence,pandas_numpy;polars
ts_cross_spectral_coherence,pandas_numpy;polars
ts_cross_spectral_phase,pandas_numpy;polars
cs_hartigan_dip,pandas_numpy;polars
cs_physical_panel_coverage,pandas_numpy;polars
cs_universe_coverage,pandas_numpy;polars
group_wasserstein_barycenter_distance,pandas_numpy;polars
intraday_impact_decay_rate,pandas_numpy;polars
ts_multifractal_asymmetry,pandas_numpy;polars
ts_dmd_dominant_growth_rate,pandas_numpy;polars
ts_dmd_dominant_frequency,pandas_numpy;polars
ts_dmd_mode_concentration,pandas_numpy;polars
ts_dmd_level_dominant_growth_rate,pandas_numpy;polars
ts_dmd_level_dominant_frequency,pandas_numpy;polars
ts_dmd_level_mode_concentration,pandas_numpy;polars
ts_dmd_return_dominant_growth_rate,pandas_numpy;polars
ts_dmd_return_dominant_frequency,pandas_numpy;polars
ts_dmd_return_mode_concentration,pandas_numpy;polars
ts_bicoherence_top_decile_mean,pandas_numpy;polars
ts_bicoherence_top_decile_excess,pandas_numpy;polars
ts_kernel_granger_score,pandas_numpy;polars
ts_residualized_hsic,pandas_numpy;polars
ts_bds_statistic,pandas_numpy;polars
ts_rolling_sr_gaussian_mean_shift_score,pandas_numpy;polars
intra_state_count,pandas_numpy;polars
intra_state_sum,pandas_numpy;polars
intra_state_vwap,pandas_numpy;polars
intra_state_interval_moment,pandas_numpy;polars
intra_state_follow_ratio,pandas_numpy;polars
intra_state_follow_beta,pandas_numpy;polars
intra_state_follow_corr,pandas_numpy;polars
intra_state_pair_same_slot_corr,pandas_numpy;polars
intra_state_dwell_stats,pandas_numpy;polars
intra_state_transition_entropy,pandas_numpy;polars
intra_neighbor_event_class,pandas_numpy;polars
intra_range_gap_flag,pandas_numpy;polars
intra_event_window_reduce,pandas_numpy;polars
intra_event_pre_post_contrast,pandas_numpy;polars
intra_impulse_event_detector,pandas_numpy;polars
intra_post_impulse_response,pandas_numpy;polars
intra_probe_outcome_score,pandas_numpy;polars
intra_supply_absorption_score,pandas_numpy;polars
intra_consolidation_quality,pandas_numpy;polars
intra_response_curve_features,pandas_numpy;polars
intra_liquidity_resilience_curve_fit,pandas_numpy;polars
intra_slice_mask_reduce,pandas_numpy;polars
intra_slice_mask_pair_reduce,pandas_numpy;polars
intra_multiresolution_resample_reduce,pandas_numpy;polars
intra_same_slot_zscore,pandas_numpy;polars
intra_session_boundary_jump,pandas_numpy;polars
intra_volume_at_price_profile,pandas_numpy;polars
intra_volume_profile_peak_geometry,pandas_numpy;polars
intra_volume_profile_supply_structure,pandas_numpy;polars
intra_volume_profile_value_area,pandas_numpy;polars
intra_round_price_clustering_share,pandas_numpy;polars
intra_round_price_barrier_response,pandas_numpy;polars
intra_limit_pre_hit_pressure_profile,pandas_numpy;polars
intra_eod_reversal_decomposition,pandas_numpy;polars
HMA,pandas_numpy;polars;sql
QQE,pandas_numpy;polars
RSX,pandas_numpy;polars
ALMA,pandas_numpy;polars
CoppockCurve,pandas_numpy;polars
ElderRay,pandas_numpy;polars
FisherTransform,pandas_numpy;polars
turnover_chip_age_cost_surface,pandas_numpy;polars
turnover_chip_overhang_surface,pandas_numpy;polars
panel_async_beta_ex_self,pandas_numpy;polars
panel_factor_pocket_strength,pandas_numpy;polars
cs_predictability_mosaic_score,pandas_numpy;polars
panel_predictability_mosaic_score,pandas_numpy;polars
ts_hampel_filter_causal,pandas_numpy;polars
ts_median3_causal,pandas_numpy;polars
ts_rolling_median_causal,pandas_numpy;polars
ts_robust_ema,pandas_numpy;polars
ts_super_smoother,pandas_numpy;polars
ts_kama,pandas_numpy;polars
ts_causal_local_linear_smoother,pandas_numpy;polars
ts_butterworth_lowpass_causal,pandas_numpy;polars
state_adaptive_deadband,pandas_numpy;polars
state_rank_deadband,pandas_numpy;polars
state_quantile_hysteresis,pandas_numpy;polars
state_adaptive_slew_limit,pandas_numpy;polars
state_cost_aware_deadband,pandas_numpy;polars
state_cost_aware_slew,pandas_numpy;polars
state_confidence_weighted_ema,pandas_numpy;polars
state_uncertainty_deadband,pandas_numpy;polars
state_l1_turnover_prox,pandas_numpy;polars
state_l2_partial_adjustment,pandas_numpy;polars
ts_prev_high,pandas_numpy;polars;sql
ts_prev_low,pandas_numpy;polars;sql
ts_distance_to_high,pandas_numpy;polars;sql
ts_distance_to_low,pandas_numpy;polars;sql
ts_breakout_high,pandas_numpy;polars;sql
ts_breakdown_low,pandas_numpy;polars;sql
ts_new_high,pandas_numpy;polars;sql
ts_new_low,pandas_numpy;polars;sql
ts_channel_position,pandas_numpy;polars;sql
ts_days_since_high,pandas_numpy;polars;sql
ts_days_since_low,pandas_numpy;polars;sql
ts_range_expansion,pandas_numpy;polars
ts_confirmed_pivot_high,pandas_numpy;polars
ts_confirmed_pivot_low,pandas_numpy;polars
ts_last_pivot_high,pandas_numpy;polars
ts_last_pivot_low,pandas_numpy;polars
ts_pivot_high_age,pandas_numpy;polars
ts_pivot_low_age,pandas_numpy;polars
ts_resistance_level,pandas_numpy;polars
ts_support_level,pandas_numpy;polars
ts_resistance_slope,pandas_numpy;polars
ts_support_slope,pandas_numpy;polars
ts_distance_to_resistance,pandas_numpy;polars
ts_distance_to_support,pandas_numpy;polars
ts_resistance_break,pandas_numpy;polars
ts_support_break,pandas_numpy;polars
rolling_vwap,pandas_numpy;polars;sql
vwap_deviation,pandas_numpy;polars;sql
relative_volume,pandas_numpy;polars;sql
volume_zscore,pandas_numpy;polars;sql
dollar_volume,pandas_numpy;polars;sql
dollar_volume_zscore,pandas_numpy;polars;sql
volume_momentum,pandas_numpy;polars;sql
turnover_momentum,pandas_numpy;polars;sql
turnover_zscore,pandas_numpy;polars;sql
return_volume_corr,pandas_numpy;polars;sql
abs_return_volume_corr,pandas_numpy;polars;sql
signed_volume,pandas_numpy;polars;sql
signed_dollar_volume,pandas_numpy;polars;sql
rolling_obv,pandas_numpy;polars;sql
rolling_pvt,pandas_numpy;polars;sql
CMF,pandas_numpy;polars
MFI,pandas_numpy;polars;sql
donchian_upper,pandas_numpy;polars;sql
donchian_lower,pandas_numpy;polars;sql
donchian_mid,pandas_numpy;polars;sql
donchian_position,pandas_numpy;polars;sql
bollinger_pct_b,pandas_numpy;polars;sql
bollinger_width,pandas_numpy;polars;sql
efficiency_ratio,pandas_numpy;polars;sql
choppiness_index,pandas_numpy;polars;sql
parkinson_vol,pandas_numpy;polars;sql
garman_klass_vol,pandas_numpy;polars;sql
rogers_satchell_vol,pandas_numpy;polars;sql
yang_zhang_vol,pandas_numpy;polars;sql
overnight_volatility,pandas_numpy;polars;sql
intraday_volatility,pandas_numpy;polars;sql
range_volatility,pandas_numpy;polars;sql
ulcer_index,pandas_numpy;polars;sql
candle_body,pandas_numpy;polars;sql
candle_abs_body,pandas_numpy;polars;sql
candle_range,pandas_numpy;polars;sql
candle_body_ratio,pandas_numpy;polars;sql
candle_upper_shadow,pandas_numpy;polars;sql
candle_lower_shadow,pandas_numpy;polars;sql
candle_upper_shadow_ratio,pandas_numpy;polars;sql
candle_lower_shadow_ratio,pandas_numpy;polars;sql
candle_close_location,pandas_numpy;polars;sql
candle_gap,pandas_numpy;polars;sql
candle_gap_pct,pandas_numpy;polars;sql
candle_direction,pandas_numpy;polars;sql
candle_range_atr,pandas_numpy;polars;sql
cdl_doji,pandas_numpy;polars;sql
cdl_hammer,pandas_numpy;polars
cdl_inverted_hammer,pandas_numpy;polars;sql
cdl_shooting_star,pandas_numpy;polars;sql
cdl_marubozu,pandas_numpy;polars;sql
cdl_spinning_top,pandas_numpy;polars;sql
cdl_engulfing,pandas_numpy;polars;sql
cdl_inside_bar,pandas_numpy;polars;sql
cdl_outside_bar,pandas_numpy;polars;sql
ts_resistance_log_slope,pandas_numpy;polars
ts_support_log_slope,pandas_numpy;polars
candle_body_zscore,pandas_numpy;polars;sql
candle_range_zscore,pandas_numpy;polars;sql
candle_upper_shadow_zscore,pandas_numpy;polars;sql
candle_lower_shadow_zscore,pandas_numpy;polars;sql
candle_body_percentile,pandas_numpy;polars;sql
candle_range_percentile,pandas_numpy;polars;sql
candle_gap_atr,pandas_numpy;polars;sql
candle_body_position,pandas_numpy;polars;sql
candle_overlap_ratio,pandas_numpy;polars;sql
candle_inside_ratio,pandas_numpy;polars;sql
candle_close_strength,pandas_numpy;polars;sql
candle_rejection_upper,pandas_numpy;polars;sql
candle_rejection_lower,pandas_numpy;polars;sql
cdl_dragonfly_doji,pandas_numpy;polars;sql
cdl_gravestone_doji,pandas_numpy;polars;sql
cdl_hanging_man,pandas_numpy;polars
cdl_harami,pandas_numpy;polars;sql
cdl_harami_cross,pandas_numpy;polars;sql
cdl_piercing,pandas_numpy;polars;sql
cdl_dark_cloud_cover,pandas_numpy;polars;sql
cdl_morning_star,pandas_numpy;polars;sql
cdl_evening_star,pandas_numpy;polars;sql
cdl_three_white_soldiers,pandas_numpy;polars;sql
cdl_three_black_crows,pandas_numpy;polars;sql
cdl_tweezer_top,pandas_numpy;polars;sql
cdl_tweezer_bottom,pandas_numpy;polars;sql
candlestick_pattern,pandas_numpy;polars
ts_nth_pivot_high,pandas_numpy;polars
ts_nth_pivot_low,pandas_numpy;polars
ts_nth_pivot_high_age,pandas_numpy;polars
ts_nth_pivot_low_age,pandas_numpy;polars
ts_pivot_high_count,pandas_numpy;polars
ts_pivot_low_count,pandas_numpy;polars
ts_pivot_high_spacing,pandas_numpy;polars
ts_pivot_low_spacing,pandas_numpy;polars
ts_swing_amplitude,pandas_numpy;polars
ts_swing_amplitude_pct,pandas_numpy;polars
ts_swing_duration,pandas_numpy;polars
ts_swing_velocity,pandas_numpy;polars
ts_swing_amplitude_atr,pandas_numpy;polars
ts_channel_width,pandas_numpy;polars
ts_channel_width_pct,pandas_numpy;polars
ts_channel_width_atr,pandas_numpy;polars
ts_channel_width_slope,pandas_numpy;polars
ts_line_convergence,pandas_numpy;polars
ts_line_parallelism,pandas_numpy;polars
ts_resistance_fit_r2,pandas_numpy;polars
ts_support_fit_r2,pandas_numpy;polars
ts_pattern_symmetry,pandas_numpy;polars
ts_impulse_return,pandas_numpy;polars;sql
ts_impulse_strength,pandas_numpy;polars;sql
ts_impulse_volume,pandas_numpy;polars;sql
ts_consolidation_width,pandas_numpy;polars
ts_consolidation_slope,pandas_numpy;polars
ts_consolidation_volume_decay,pandas_numpy;polars
pattern_double_top,pandas_numpy;polars
pattern_double_bottom,pandas_numpy;polars
pattern_head_shoulders,pandas_numpy;polars
pattern_inverse_head_shoulders,pandas_numpy;polars
pattern_sym_triangle,pandas_numpy;polars
pattern_ascending_triangle,pandas_numpy;polars
pattern_descending_triangle,pandas_numpy;polars
pattern_rising_wedge,pandas_numpy;polars
pattern_falling_wedge,pandas_numpy;polars
pattern_rectangle,pandas_numpy;polars
pattern_rising_channel,pandas_numpy;polars
pattern_falling_channel,pandas_numpy;polars
pattern_broadening,pandas_numpy;polars
pattern_bull_flag,pandas_numpy;polars
pattern_bear_flag,pandas_numpy;polars
pattern_triple_top,pandas_numpy;polars
pattern_triple_bottom,pandas_numpy;polars
pattern_123_bull,pandas_numpy;polars
pattern_123_bear,pandas_numpy;polars
pattern_rounding_bottom,pandas_numpy;polars
pattern_rounding_top,pandas_numpy;polars
pattern_cup,pandas_numpy;polars
pattern_cup_handle,pandas_numpy;polars
pattern_bull_pennant,pandas_numpy;polars
pattern_bear_pennant,pandas_numpy;polars
pattern_breakout_retest,pandas_numpy;polars
pattern_breakdown_retest,pandas_numpy;polars
average_turnover,pandas_numpy;polars;sql
adv,pandas_numpy;polars;sql
abnormal_volume,pandas_numpy;polars;sql
abnormal_turnover,pandas_numpy;polars;sql
volume_volatility,pandas_numpy;polars;sql
turnover_volatility,pandas_numpy;polars;sql
volume_autocorr,pandas_numpy;polars;sql
turnover_autocorr,pandas_numpy;polars;sql
amihud_illiquidity,pandas_numpy;polars;sql
price_impact,pandas_numpy;polars;sql
return_per_turnover,pandas_numpy;polars;sql
volume_shock,pandas_numpy;polars;sql
turnover_shock,pandas_numpy;polars;sql
volume_acceleration,pandas_numpy;polars;sql
turnover_acceleration,pandas_numpy;polars;sql
up_volume_ratio,pandas_numpy;polars;sql
down_volume_ratio,pandas_numpy;polars;sql
signed_volume_imbalance,pandas_numpy;polars;sql
up_down_volume_ratio,pandas_numpy;polars;sql
volume_weighted_return,pandas_numpy;polars;sql
volume_weighted_momentum,pandas_numpy;polars;sql
price_volume_divergence,pandas_numpy;polars;sql
price_turnover_divergence,pandas_numpy;polars;sql
return_volume_beta,pandas_numpy;polars;sql
return_turnover_beta,pandas_numpy;polars;sql
rolling_adl_flow,pandas_numpy;polars
ChaikinOscillator,pandas_numpy;polars
ForceIndex,pandas_numpy;polars
EaseOfMovement,pandas_numpy;polars;sql
bounded_nvi,pandas_numpy;polars;sql
bounded_pvi,pandas_numpy;polars;sql
zero_return_ratio,pandas_numpy;polars;sql
roll_spread_proxy,pandas_numpy;polars;sql
corwin_schultz_spread,pandas_numpy;polars;sql
high_low_spread_proxy,pandas_numpy;polars;sql
turnover_adjusted_volatility,pandas_numpy;polars;sql
volume_price_range_density,pandas_numpy;polars;sql
ts_average_volume,pandas_numpy;polars;sql
DMI_plus,pandas_numpy;polars
DMI_minus,pandas_numpy;polars
DX,pandas_numpy;polars
NATR,pandas_numpy;polars;sql
atr_pct,pandas_numpy;polars
atr_zscore,pandas_numpy;polars
atr_percentile,pandas_numpy;polars
true_range_pct,pandas_numpy;polars
true_range_surprise,pandas_numpy;polars
true_range_zscore,pandas_numpy;polars
atr_short_long_ratio,pandas_numpy;polars
atr_acceleration,pandas_numpy;polars
PPO,pandas_numpy;polars
PPO_signal,pandas_numpy;polars
PPO_hist,pandas_numpy;polars
PVO,pandas_numpy;polars
PVO_signal,pandas_numpy;polars
PVO_hist,pandas_numpy;polars
CMO,pandas_numpy;polars;sql
VortexPlus,pandas_numpy;polars;sql
VortexMinus,pandas_numpy;polars;sql
KeltnerMid,pandas_numpy;polars
KeltnerUpper,pandas_numpy;polars
KeltnerLower,pandas_numpy;polars
KeltnerPosition,pandas_numpy;polars
keltner_width_pct,pandas_numpy;polars
keltner_compression,pandas_numpy;polars
keltner_breakout_strength,pandas_numpy;polars
TSI,pandas_numpy;polars
TSI_signal,pandas_numpy;polars
UltimateOscillator,pandas_numpy;polars;sql
DEMA,pandas_numpy;polars
TEMA,pandas_numpy;polars
ichimoku_tenkan,pandas_numpy;polars;sql
ichimoku_kijun,pandas_numpy;polars;sql
ichimoku_senkou_a,pandas_numpy;polars;sql
ichimoku_senkou_b,pandas_numpy;polars;sql
ichimoku_cloud_width,pandas_numpy;polars;sql
ichimoku_cloud_position,pandas_numpy;polars;sql
Supertrend,pandas_numpy;polars
SupertrendDirection,pandas_numpy;polars
PSAR,pandas_numpy;polars
psar_direction,pandas_numpy;polars
psar_distance_pct,pandas_numpy;polars
psar_flip,pandas_numpy;polars
psar_days_since_flip,pandas_numpy;polars
supertrend_direction,pandas_numpy;polars
supertrend_distance_pct,pandas_numpy;polars
supertrend_flip,pandas_numpy;polars
supertrend_days_since_flip,pandas_numpy;polars
donchian_width_pct,pandas_numpy;polars
donchian_channel_position,pandas_numpy;polars
donchian_breakout_up,pandas_numpy;polars
donchian_breakout_down,pandas_numpy;polars
ema_distance_pct,pandas_numpy;polars
sma_distance_pct,pandas_numpy;polars
dema_distance_pct,pandas_numpy;polars
tema_distance_pct,pandas_numpy;polars
kama_distance_pct,pandas_numpy;polars
ma_slope_pct,pandas_numpy;polars
ema_crossover,pandas_numpy;polars
tenkan_kijun_cross,pandas_numpy;polars
chikou_distance_pct,pandas_numpy;polars
senkou_span_causal_pct,pandas_numpy;polars
vwap_distance_pct,pandas_numpy;polars
vwap_slope_pct,pandas_numpy;polars
vwap_premium_pct,pandas_numpy;polars
candle_body_strength,pandas_numpy;polars
candle_wick_balance,pandas_numpy;polars
candle_range_pct,pandas_numpy;polars
candle_pattern_count,pandas_numpy;polars
sr_distance_pct,pandas_numpy;polars
sr_touch_count,pandas_numpy;polars
consolidation_pct,pandas_numpy;polars
consolidation_range_pct,pandas_numpy;polars
spectral_energy_ratio,pandas_numpy;polars
spectral_trend_share,pandas_numpy;polars
wavelet_detail_energy_ratio,pandas_numpy;polars
reg_forecast_error_pct,pandas_numpy;polars
reg_slope_tstat,pandas_numpy;polars
reg_r2_trailing,pandas_numpy;polars
reg_residual_zscore,pandas_numpy;polars
bvc_sign_pct,pandas_numpy;polars
vpin_pct,pandas_numpy;polars
bvc_imbalance_ma,pandas_numpy;polars
event_rate_pct,pandas_numpy;polars
event_recency_z,pandas_numpy;polars
event_cluster_score,pandas_numpy;polars
state_dwell_pct,pandas_numpy;polars
state_transition_surprise,pandas_numpy;polars
event_streak,pandas_numpy;polars
event_cluster_duration,pandas_numpy;polars
event_decay_window,pandas_numpy;polars
signed_event_rate,pandas_numpy;polars
positive_event_rate,pandas_numpy;polars
negative_event_rate,pandas_numpy;polars
positive_event_age,pandas_numpy;polars
negative_event_age,pandas_numpy;polars
signed_event_decay,pandas_numpy;polars
event_direction_imbalance,pandas_numpy;polars
event_flip_density,pandas_numpy;polars
category_age,pandas_numpy;polars
category_frequency,pandas_numpy;polars
category_transition_rate,pandas_numpy;polars
category_transition_surprise,pandas_numpy;polars
event_direction_persistence,pandas_numpy;polars
state_age,pandas_numpy;polars
state_persistence,pandas_numpy;polars
state_transition_count,pandas_numpy;polars
state_transition_rate,pandas_numpy;polars
state_flip_density,pandas_numpy;polars
state_episode_age,pandas_numpy;polars
state_flip_age,pandas_numpy;polars
state_episode_age_lower_bound,pandas_numpy;polars
state_episode_age_capped,pandas_numpy;polars
state_episode_censored_flag,pandas_numpy;polars
category_age_lower_bound,pandas_numpy;polars
ex_self_mean_gap,pandas_numpy;polars
ex_self_zscore,pandas_numpy;polars
ex_self_rank_pct,pandas_numpy;polars
ex_self_mad_z,pandas_numpy;polars
beta_residual_z,pandas_numpy;polars
beta_divergence_pct,pandas_numpy;polars
relative_strength_group_pct,pandas_numpy;polars
fin_revision_delta,pandas_numpy;polars
fin_revision_pct,pandas_numpy;polars
fin_revision_direction,pandas_numpy;polars
fin_revision_count,pandas_numpy;polars
fin_revision_magnitude,pandas_numpy;polars
fin_restated_flag,pandas_numpy;polars
fin_days_since_update,pandas_numpy;polars
fin_staleness,pandas_numpy;polars
fin_ttm_quarterly,pandas_numpy;polars
fin_quarter_from_cumulative,pandas_numpy;polars
fin_ttm_cumulative,pandas_numpy;polars
fin_surprise,pandas_numpy;polars
fin_surprise_zscore,pandas_numpy;polars
fin_surprise_event_zscore,pandas_numpy;polars
fin_surprise_event_percentile,pandas_numpy;polars
fin_expectation_revision,pandas_numpy;polars
fin_expectation_revision_pct,pandas_numpy;polars
fin_expectation_revision_speed,pandas_numpy;polars
fin_expectation_revision_count,pandas_numpy;polars
fin_expectation_revision_magnitude,pandas_numpy;polars
fin_days_since_expectation_revision,pandas_numpy;polars
fin_expectation_dispersion,pandas_numpy;polars
fin_actual_expectation_divergence,pandas_numpy;polars
fin_beat_streak,pandas_numpy;polars
fin_miss_streak,pandas_numpy;polars
cs_count,pandas_numpy;polars;sql
cs_mean,pandas_numpy;polars;sql
cs_sum,pandas_numpy;polars;sql
ts_ewm_std,pandas_numpy;polars;sql
ts_ewm_var,pandas_numpy;polars;sql
