alias,canonical,tombstoned
ABS,abs,False
ADL,rolling_adl_flow,False
Beta,ts_beta,False
CAP_NEUTRALIZE,size_neutralize,False
CLIP,clip,False
COALESCE,coalesce,False
CS_DEMEAN,cs_demean,False
CS_RANK,rank,False
CS_ZSCORE,zscore,False
Corr,ts_corr,False
Cov,ts_cov,False
Covariance,ts_cov,False
DECAY_LINEAR,ts_decay_linear,False
DELAY,ts_delay,False
Delay,ts_delay,False
Delta,ts_delta,False
Diff,ts_delta,False
EMA,ts_ema,False
FP_BETA,rolling_beta_to_market,False
IIF,where,False
INDUSTRY_NEUTRAL,group_neutralize,False
INDUSTRY_NEUTRALIZE,group_neutralize,False
IND_NEUTRALIZE,group_neutralize,False
IS_INFINITE,is_infinite,False
IS_NAN,is_nan,False
IS_NOT_NULL,is_not_null,False
IS_NULL,is_null,False
Kurt,ts_kurt,False
LOG,log,False
MACD,MACD_line,False
MARKET_CAP_NEUTRALIZE,size_neutralize,False
Mad,ts_mean_abs_deviation,False
Max,ts_max,False
Mean,ts_mean,False
Median,ts_median,False
Min,ts_min,False
NEUTRALIZE,group_neutralize,False
POWER,power,False
Percentile,ts_quantile,False
RANK,rank,False
RANKCORR,rank_corr,False
RANK_CORR,rank_corr,False
ROLLING_BETA,ts_beta,False
ROLLING_BETA_TO_MARKET,rolling_beta_to_market,False
ROUND,round,False
Ref,ts_delay,False
SCALE,scale,False
SIGN,sign,False
SIZE_NEUTRALIZE,size_neutralize,False
SMA,ts_mean,False
SQRT,sqrt,False
Skew,ts_skew,False
Slope,ts_time_slope,False
Std,ts_std,False
Sum,ts_sum,False
TS_CORR,ts_corr,False
TS_COV,ts_cov,False
TS_DECAY_LINEAR,ts_decay_linear,False
TS_DELTA,ts_delta,False
TS_KURT,ts_kurt,False
TS_MAX,ts_max,False
TS_MEAN,ts_mean,False
TS_MIN,ts_min,False
TS_PCT,ts_pct,False
TS_QUANTILE,ts_quantile,False
TS_RANK,ts_rank,False
TS_REGRESSION_SLOPE,ts_regression_slope,False
TS_SKEW,ts_skew,False
TS_STD,ts_std,False
TS_SUM,ts_sum,False
TS_TIME_SLOPE,ts_time_slope,False
TS_TOPK_SUM,ts_topk_sum,False
Var,ts_var,False
WHERE,where,False
WINSORIZE,winsorize,False
WMA,ts_decay_linear,False
ZSCORE,zscore,False
activity_clock_lagged_value_prior,ts_activity_clock_lagged_value_prior,False
beta,ts_beta,False
c_count,cs_count,False
c_demean,cs_demean,False
c_mean,cs_mean,False
c_neutralize,group_neutralize,False
c_percentile,cs_quantile,False
c_rank,rank,False
c_scale,scale,False
c_std,cs_std,False
c_sum,cs_sum,False
c_winsorize,winsorize,False
c_zscore,zscore,False
cap,clip,False
cap_neutralize,size_neutralize,False
clamp,clip,False
corr,ts_corr,False
correlation,ts_corr,False
cov,ts_cov,False
cs_multi_robust_resid,cs_multi_ridge_resid,False
cs_rank,rank,False
cs_rank_01,rank,False
cs_robust_resid,cs_trimmed_ols_resid,False
cs_zscore,zscore,False
cum_rank,expanding_rank,False
decay_linear,ts_decay_linear,False
delay,ts_delay,False
delta,ts_delta,False
deltas,ts_delta,False
div_or_null,safe_div_null,False
ema,ts_ema,False
event_age,ts_days_since,False
event_compounded_return,event_return_since_last,False
event_decay,event_decay_asof,False
event_hawkes_branching_ratio,event_hawkes_branching_ratio_proxy,False
event_interval_cv,ts_event_spacing_cv,False
event_interval_mean,ts_event_spacing_mean,False
ewm,ts_ema,False
ewm_corr,ts_ewm_corr,False
ewm_cov,ts_ewm_cov,False
ewm_mean,ts_ema,False
ewm_std,ts_ewm_std,False
ewm_var,ts_ewm_var,False
fmax,maximum,False
fmin,minimum,False
fp_beta,rolling_beta_to_market,False
group_corr_effective_rank,group_feature_effective_rank,False
group_corr_mode_localization,group_feature_mode_localization,False
group_corr_mode_share,group_feature_mode_share,False
group_corr_second_mode_localization,group_feature_second_mode_localization,False
group_corr_spectral_gap,group_feature_spectral_gap,False
group_demean,group_neutralize,False
group_rank_linear_weighted_value,group_decay_linear,False
group_tail_coexceedance_density,group_current_members_tail_coexceedance,False
if,where,False
if_else,where,False
iif,where,False
ind_neutralize,group_neutralize,False
industry_neutral,group_neutralize,False
industry_neutralize,group_neutralize,False
intercept,ts_regression_intercept,False
intraday_return,open_close_return,False
intraday_signed_jump_balance,intra_signed_jump_ratio,False
inv,inverse,False
is_inf,is_infinite,False
kurt,ts_kurt,False
limit_down_state,limit_down_close,False
limit_up_state,limit_up_close,False
ln,log,False
log_returns,ts_log_return,False
m_argmax,ts_argmax,False
m_argmin,ts_argmin,False
m_avg,ts_mean,False
m_beta,ts_beta,False
m_bottom_n_avg,ts_bottomk_mean,False
m_bottom_n_sum,ts_bottomk_sum,False
m_cor,ts_corr,False
m_cov,ts_cov,False
m_delay,ts_delay,False
m_kurt,ts_kurt,False
m_mad,ts_mad,False
m_max,ts_max,False
m_median,ts_median,False
m_min,ts_min,False
m_pct_change,ts_pct,False
m_percentile,ts_quantile,False
m_rank,ts_rank,False
m_skew,ts_skew,False
m_std,ts_std,False
m_sum,ts_sum,False
m_top_n_avg,ts_topk_mean,False
m_top_n_std,ts_topk_std,False
m_top_n_sum,ts_topk_sum,False
m_var,ts_var,False
m_zscore,ts_zscore,False
ma,ts_mean,False
mad,ts_mean_abs_deviation,False
market_cap_neutralize,size_neutralize,False
max,flex_max,False
mean,ts_mean,False
median,ts_median,False
min,flex_min,False
move,ts_mean,False
negate,neg,False
neutralize,group_neutralize,False
panel_neutralize,group_neutralize,False
panel_rank,rank,False
panel_standardize,zscore,False
panel_zscore,zscore,False
pct_change,ts_pct,False
percentile,ts_quantile,False
pow,power,False
prev,ts_delay,False
quantile,cs_quantile,False
rank_pct,cs_pct_rank,False
rankcorr,rank_corr,False
ratios,ts_ratio,False
reciprocal,inverse,False
relation_distribution_kurtosis,relation_distribution_pearson_kurtosis,False
relation_pagerank_centrality,group_signal_attraction_share,False
report_age,fin_staleness,False
report_lag,fin_lag,False
report_rank,fin_percentile_history,False
report_rolling_std,fin_std,False
report_single_quarter,fin_quarter_from_cumulative,False
report_surprise_to_trend,fin_surprise_zscore,False
returns,ts_pct,False
reverse,neg,False
rolling_beta,ts_beta,False
rolling_residual,ts_regression_resid,False
running_mean,ts_mean,False
running_std,ts_std,False
running_sum,ts_sum,False
safe_div,safe_div_null,False
shift,ts_delay,False
size_industry_neutralize,industry_size_neutralize,False
skew,ts_skew,False
slope,ts_time_slope,False
sqr,square,False
standardize,zscore,False
state_since_reduce,state_since_sum,False
std,ts_std,False
std_n,ts_std,False
sum,ts_sum,False
sum_n,ts_sum,False
tm_top_n_avg,ts_topk_mean,False
tm_top_n_sum,ts_topk_sum,False
ts_adx,ADX,False
ts_arg_max,ts_argmax,False
ts_arg_min,ts_argmin,False
ts_atr_wilder,ATR_WILDER,False
ts_best_lag_corr,ts_best_lag_corr_raw,False
ts_betti_crocker_bifurcation_score,ts_persistence_birth_dispersion,False
ts_bicoherence_max,ts_bicoherence_top_decile_mean,False
ts_bottom_n_avg,ts_bottomk_mean,False
ts_bottom_n_sum,ts_bottomk_sum,False
ts_correlation,ts_corr,False
ts_covariance,ts_cov,False
ts_cusum_break_score,ts_cumulative_deviation_score,False
ts_decay,ts_decay_linear,False
ts_garch_vol_forecast,ts_garch_next_vol_forecast,False
ts_har_rv_next_forecast,ts_har_rv_next_vol_forecast,False
ts_huber_regression_resid,ts_huber_regression_in_sample_resid,False
ts_integrated_autocorrelation_time,ts_autocorrelation_time,False
ts_interval_overlap_component_ratio,ts_interval_overlap_connected_component_ratio,False
ts_kurtosis,ts_kurt,False
ts_lower_tail_dependence,ts_lower_tail_coexceedance_probability,False
ts_macd,MACD_line,False
ts_matrix_profile_motif_distance,ts_matrix_profile_discord_score,False
ts_mean_absolute_deviation,ts_mean_abs_deviation,False
ts_median_absolute_deviation,ts_median_abs_deviation,False
ts_multifractal_width,ts_generalized_hurst_spread_q1_q4,False
ts_multivariate_matrix_profile_novelty,ts_matrix_profile_novelty,False
ts_partial_distance_correlation,ts_distance_correlation_partial_proxy,False
ts_pvariation_scaling_exponent,ts_vol_pvariation_roughness,False
ts_regression,ts_regression_slope,False
ts_return,ts_pct,False
ts_ridge_regression_resid,ts_ridge_regression_in_sample_resid,False
ts_robust_zscore,ts_robust_zscore_inclusive,False
ts_rolling_beta,ts_beta,False
ts_rsi_wilder,RSI_WILDER,False
ts_skewness,ts_skew,False
ts_sr_gaussian_mean_shift_score,ts_rolling_sr_gaussian_mean_shift_score,False
ts_std_dev,ts_std,False
ts_stddev,ts_std,False
ts_top_n_avg,ts_topk_mean,False
ts_top_n_std,ts_topk_std,False
ts_upper_tail_dependence,ts_upper_tail_coexceedance_probability,False
ts_variance_ratio,ts_variance_ratio_proxy,False
ts_weighted_semivariance_sqrt,ts_weighted_downside_deviation,False
var,ts_var,False
volume_to_range,volume_price_range_density,False
window_max,ts_max,False
window_mean,ts_mean,False
window_min,ts_min,False
window_std,ts_std,False
window_sum,ts_sum,False
