name,pool,rank_ic,n_dates,drop,flipped,rank_ic_orig
fm247:5de2f47bc5cd6c66,fm247,0.1190607790495256,562,False,True,-0.1190607790495256
fm247:wzr_price_volume_035_v1_nodef,fm247,0.0994009168432017,113,False,False,0.0994009168432017
fm247:Tak_Sent_358_v1_nodef,fm247,0.0767471164032511,152,False,True,-0.0767471164032511
fm247:WQ_ALPHA_116_v1_nodef,fm247,0.076559031177119,59,False,True,-0.076559031177119
new026:vwap_squared_deviation_intensity,new026,0.0745029521883945,242,False,False,0.0745029521883945
new026:vwap_deviation_intensity_squared_amount_weighted,new026,0.0744796623947296,242,False,False,0.0744796623947296
fm247:Tak_Flow_001_v1_nodef,fm247,0.0656280792114248,129,False,True,-0.0656280792114248
new026:vol_momentum_divergence_stable,new026,0.0635075832374404,602,False,False,0.0635075832374404
new026:amount_weighted_impact,new026,0.0623302060310778,242,False,False,0.0623302060310778
fm247:wzr_price_volume_172_v1_nodef,fm247,0.0615295144864136,152,False,False,0.0615295144864136
lqtp:wzr_price_volume_035,lqtp,0.0608239796559186,2572,False,False,0.0608239796559186
fm247:alpha_20260701_66ea5325,fm247,0.0587326233137297,81,False,True,-0.0587326233137297
fm247:OAP_IdioVolAHT_v1_nodef,fm247,0.0576250345032149,129,False,False,0.0576250345032149
new026:crash_gap_fragility_signed_sqrt,new026,0.0561907944321883,607,False,False,0.0561907944321883
fm247:WQ_ALPHA_114_v1_nodef,fm247,0.0545108585024994,113,False,True,-0.0545108585024994
new026:vol_trend_stability,new026,0.0541316797934692,604,False,False,0.0541316797934692
lqtp:Tak_EWM_004,lqtp,0.0532085795242654,2573,False,True,-0.0532085795242654
fm247:alpha_20260702_873469e0,fm247,0.0532051859605464,152,False,False,0.0532051859605464
lqtp:Tak_EWM_001,lqtp,0.0510429982945861,2573,False,True,-0.0510429982945861
fm247:PriceConvergenceFactor_v1_nodef,fm247,0.0507478441189892,151,False,False,0.0507478441189892
lqtp:Tak_EWM_011,lqtp,0.0506973014405726,2573,False,True,-0.0506973014405726
lqtp:Tak_EWM_012,lqtp,0.0506973014405726,2573,False,True,-0.0506973014405726
fm247:rc_vo_ret_60_v1_nodef,fm247,0.0506633066987322,119,False,True,-0.0506633066987322
new026:overnight_gap_fragility_log,new026,0.0505010364380107,607,False,False,0.0505010364380107
lqtp:Tak_EWM_002,lqtp,0.0502785229804784,2573,False,True,-0.0502785229804784
lqtp:Tak_EWM_009,lqtp,0.0495316078636529,2573,False,True,-0.0495316078636529
fm247:T1_rc_vol_price_v1_nodef,fm247,0.0478995158831768,56,False,True,-0.0478995158831768
lqtp:wzr_price_volume_003,lqtp,0.0476384190833309,2573,False,False,0.0476384190833309
lqtp:wzr_price_volume_167,lqtp,0.0476384190833309,2573,False,False,0.0476384190833309
lqtp:JQTA_PUCU_V01_BASE,lqtp,0.0468773227242029,2574,False,True,-0.0468773227242029
fm247:wzr_price_volume_063_v1_nodef,fm247,0.0461329399927014,152,False,False,0.0461329399927014
fm247:JQ_ALPHA_056_v1_nodef,fm247,0.0456317815938927,129,False,True,-0.0456317815938927
fm247:WQ_ALPHA_107_v1_nodef,fm247,0.0455475944978648,152,False,False,0.0455475944978648
new026:vol_ret_covariance_zscore,new026,0.0452053131324644,2573,False,False,0.0452053131324644
new026:signed_vol_ret_alignment,new026,0.0451950660548342,606,False,False,0.0451950660548342
delivery:alpha_20260703_99eb3d11,delivery,0.0451260558378248,621,False,False,0.0451260558378248
fm247:Tak_Sent_038_v1_nodef,fm247,0.0450846284366056,149,False,True,-0.0450846284366056
lqtp:alpha_20260702_afd40784,lqtp,0.0446916172555685,2573,False,False,0.0446916172555685
lqtp:alpha_20260702_caa184c6,lqtp,0.0446916172555685,2573,False,True,-0.0446916172555685
new026:relative_volume_return_coherence_regime,new026,0.0443779022641764,606,False,False,0.0443779022641764
fm247:Tak_Flow_003_v1_nodef,fm247,0.0442724571887546,129,False,False,0.0442724571887546
fm247:JQ_ALPHA_084_v1_nodef,fm247,0.0441141609740874,129,False,True,-0.0441141609740874
lqtp:WQ_ALPHA_105,lqtp,0.0431612465470608,2572,False,True,-0.0431612465470608
lqtp:wzr_price_volume_007,lqtp,0.0431612465470608,2572,False,True,-0.0431612465470608
fm247:JQ_ALPHA_074_v1_nodef,fm247,0.0429190616877714,127,False,True,-0.0429190616877714
lqtp:alpha_20260702_b37f3fb9,lqtp,0.0426780486076764,2568,False,True,-0.0426780486076764
lqtp:Tak_Cpd_003,lqtp,0.0425501191315151,2573,False,True,-0.0425501191315151
lqtp:Tak_Trd_114,lqtp,0.0425355930645611,2574,False,True,-0.0425355930645611
lqtp:JQ_ALPHA_150,lqtp,0.0425355930645611,2574,False,True,-0.0425355930645611
fm247:WQ_ALPHA_117_v1_nodef,fm247,0.0424970607905896,124,False,True,-0.0424970607905896
factmat:drawdown_volume_geometry,factmat,0.0422878437614148,1884,False,False,0.0422878437614148
fm247:Tak_Rel_011_v1_nodef,fm247,0.0421298198773582,56,False,True,-0.0421298198773582
new026:high_volume_amount_weighted_impact,new026,0.0416099163071848,242,False,False,0.0416099163071848
lqtp:OAP_VERIFIED_UNIFIED_MomOffSeason,lqtp,0.0413298399948675,1335,False,False,0.0413298399948675
lqtp:OAP_AUDIT2_MomOffSeason,lqtp,0.0413298399948675,1335,False,True,-0.0413298399948675
lqtp:OAP_STD_FIX_MomOffSeason,lqtp,0.0413298399948675,1335,False,False,0.0413298399948675
lqtp:wzr_price_volume_377,lqtp,0.0407917288954167,2574,False,True,-0.0407917288954167
new026:range_amplitude_volatility,new026,0.0404450920983853,606,False,False,0.0404450920983853
new026:crash_gap_overnight_fragility,new026,0.0402779348939073,607,False,False,0.0402779348939073
new026:high_volume_amount_weighted_squared_impact,new026,0.0401943247695382,242,False,False,0.0401943247695382
new026:high_volume_squared_return_weighted_impact,new026,0.0401943247695382,242,False,False,0.0401943247695382
new026:high_volume_volume_weighted_squared_impact,new026,0.0401660371631515,242,False,False,0.0401660371631515
lqtp:Tak_EWM_008,lqtp,0.0398299080118829,2573,False,True,-0.0398299080118829
lqtp:alpha_20260702_86a7e37a,lqtp,0.0396747619094359,2573,False,True,-0.0396747619094359
lqtp:OAP_AccrualsBM_Proxy,lqtp,0.0394741129815112,2493,False,True,-0.0394741129815112
new026:overnight_gap_fragility,new026,0.0394034975894514,607,False,False,0.0394034975894514
fm247:alpha_20260702_393d28b7,fm247,0.0391722528587503,129,False,True,-0.0391722528587503
fm247:rc_amt_ret_20_v1_nodef,fm247,0.0390283897417928,117,False,True,-0.0390283897417928
delivery:559a3c3183ad9e42,delivery,0.0389768199534917,574,False,False,0.0389768199534917
fm247:OAP_RESCAN4_VolSD_v1_nodef,fm247,0.0388825392583627,129,False,False,0.0388825392583627
lqtp:Tak_Trd_097,lqtp,0.0387081430746925,2574,False,True,-0.0387081430746925
delivery:alpha_20260702_16104691,delivery,0.0386519397867628,621,False,False,0.0386519397867628
optfac:downside_vol_persistence_momentum_gated_longer,optfac,0.038634858492842,1843,False,False,0.038634858492842
lqtp:Tak_FdT_002,lqtp,0.0385898973381726,2573,False,True,-0.0385898973381726
lqtp:cand_tanh_thrust_dynamic_smooth,lqtp,0.0385867776396957,2569,False,False,0.0385867776396957
lqtp:factor_tanh_thrust_dynamic_smooth,lqtp,0.0385867776396957,2569,False,False,0.0385867776396957
fm247:overnight_intraday_decomp_v1_nodef,fm247,0.0385608800180423,129,False,False,0.0385608800180423
optfac:drawdown_vol_simple,optfac,0.0385496208712045,1843,False,False,0.0385496208712045
lqtp:wzr_price_volume_029,lqtp,0.0383559022500376,2539,False,False,0.0383559022500376
lqtp:Tak_FdT_001,lqtp,0.0379404029645868,2573,False,True,-0.0379404029645868
lqtp:Tak_EWM_005,lqtp,0.0379368338352067,2573,False,True,-0.0379368338352067
fm247:alpha_20260702_faa78249,fm247,0.0378164500413994,78,False,True,-0.0378164500413994
optfac:drawdown_volume_geometry,optfac,0.0377693360805153,1843,False,False,0.0377693360805153
fm247:Tak_Rel_010_v1_nodef,fm247,0.0377246456783476,278,False,True,-0.0377246456783476
fmqa:73a60264c7454707,fmqa,0.0374241044987498,81,False,True,-0.0374241044987498
lqtp:Tak_Vol_067,lqtp,0.0373055383111065,2573,False,True,-0.0373055383111065
fm247:627cb56ee6214186,fm247,0.0372268271671735,597,False,False,0.0372268271671735
lqtp:Tak_Flow_003,lqtp,0.0370492310061335,2573,False,False,0.0370492310061335
fm247:WQ_ALPHA_052_v1_nodef,fm247,0.036935051995984,81,False,False,0.036935051995984
fm247:factorminer_20260720203617_51a495a4,fm247,0.0369182954256884,126,False,False,0.0369182954256884
lqtp:wzr_price_volume_018,lqtp,0.0368776745916321,2539,False,False,0.0368776745916321
lqtp:Tak_Fund_039,lqtp,0.0368776745916321,2539,False,False,0.0368776745916321
lqtp:JQTA_LYJH_V01_BASE,lqtp,0.0368266342913591,2574,False,True,-0.0368266342913591
lqtp:Tak_Fund_146,lqtp,0.0366745809088003,2539,False,False,0.0366745809088003
new026:vol_range_conviction_smooth,new026,0.036519603774805,607,False,False,0.036519603774805
lqtp:ext_20260630113105_c66aad59,lqtp,0.0363401795609849,2573,False,False,0.0363401795609849
lqtp:Tak_Flow_001,lqtp,0.0362952029405824,2573,False,True,-0.0362952029405824
lqtp:JQ_ALPHA_042,lqtp,0.0361481801742562,2573,False,False,0.0361481801742562
lqtp:WQ_ALPHA_040,lqtp,0.0361481801742562,2573,False,False,0.0361481801742562
lqtp:alpha_20260703_9e3b2920,lqtp,0.0361481801742562,2573,False,False,0.0361481801742562
lqtp:alpha_20260703_99eb3d11,lqtp,0.0361481801742562,2573,False,False,0.0361481801742562
fm247:factor_drawdown_normalized_v2_nodef,fm247,0.0361269797486472,110,False,True,-0.0361269797486472
fm247:factor_drawdown_normalized_v1_nodef,fm247,0.0361269797486472,110,False,True,-0.0361269797486472
delivery:7e96d21cb38da4cd,delivery,0.0359317894114108,579,False,False,0.0359317894114108
fm247:alpha_20260702_6d5f848e,fm247,0.035758210138084,56,False,True,-0.035758210138084
lqtp:SECREV2_PVT_PARAM_V04_LOWVOL_REV_AMT,lqtp,0.0356988717892252,2573,False,True,-0.0356988717892252
lqtp:OAP_VolumeTrend,lqtp,0.0356894806729875,1314,False,False,0.0356894806729875
lqtp:Tak_EWM_003,lqtp,0.0356580068533754,2573,False,True,-0.0356580068533754
fm247:Tak_Liq_200_v1_nodef,fm247,0.0355194747726564,63,False,True,-0.0355194747726564
lqtp:alpha_20260702_efd125a8,lqtp,0.0354567119496442,2572,False,True,-0.0354567119496442
lqtp:alpha_20260701_cf427acf,lqtp,0.0353982841437805,2573,False,True,-0.0353982841437805
lqtp:alpha_20260702_57dd1981,lqtp,0.0352816619456296,2573,False,True,-0.0352816619456296
lqtp:Tak_Exp_011,lqtp,0.0352026509776015,2572,False,True,-0.0352026509776015
lqtp:PTA2_NVI_V14_STABLE_LOW_STATE,lqtp,0.0350312983372381,2573,False,False,0.0350312983372381
lqtp:T1_rc_vol_price,lqtp,0.0347883523802362,2572,False,True,-0.0347883523802362
lqtp:factor_lag_vol_ratio_smoothed_v2,lqtp,0.0346993652598939,2569,False,False,0.0346993652598939
lqtp:alpha_20260702_a1c128d5,lqtp,0.0345846452495639,2573,False,False,0.0345846452495639
lqtp:alpha_20260702_40002fd7,lqtp,0.0345621780012745,2573,False,True,-0.0345621780012745
lqtp:Tak_Vol_004,lqtp,0.0345621780012745,2573,False,True,-0.0345621780012745
lqtp:Tak_FTB_D2_003,lqtp,0.0345621780012745,2573,False,True,-0.0345621780012745
lqtp:ext_7cd58c86,lqtp,0.0345621780012745,2573,False,True,-0.0345621780012745
lqtp:wzr_price_volume_301,lqtp,0.0344280968311654,2572,False,True,-0.0344280968311654
lqtp:Tak_Liq_071,lqtp,0.034420547375211,2574,False,True,-0.034420547375211
lqtp:Tak_Cpd_004,lqtp,0.0342187340995974,2572,False,True,-0.0342187340995974
delivery:f94eb68452b1a5ea,delivery,0.0341691885654227,594,False,False,0.0341691885654227
lqtp:rc_vo_hi_20,lqtp,0.0341661478104546,2572,False,True,-0.0341661478104546
fm247:alpha_20260702_98ed259d,fm247,0.0341548182785783,76,False,True,-0.0341548182785783
new026:tail_asymmetry_volume_confirmed,new026,0.0340455907469593,607,False,False,0.0340455907469593
lqtp:T1_rc_vwap_vol,lqtp,0.033917616220713,2572,False,True,-0.033917616220713
lqtp:wzr_price_volume_063,lqtp,0.0338462230314144,2574,False,False,0.0338462230314144
lqtp:rc_amt_vw_20,lqtp,0.0337824468553584,2572,False,True,-0.0337824468553584
fm247:JQ_ALPHA_043_v1_nodef,fm247,0.0337208160868232,129,False,True,-0.0337208160868232
lqtp:cand_vw_ew_spread_responsive,lqtp,0.033600365239043,2573,False,True,-0.033600365239043
lqtp:OAP_IdioVol3F_Proxy,lqtp,0.0335123220008547,2554,False,False,0.0335123220008547
optfac:volatility_blended_momentum,optfac,0.0334727170857239,1843,False,True,-0.0334727170857239
lqtp:wzr_price_volume_357,lqtp,0.0333035933199581,2515,False,True,-0.0333035933199581
lqtp:factor_mut_hc004_volpctrank_s12_clip2_5_volwin6,lqtp,0.0332400797156008,2573,False,False,0.0332400797156008
fm247:rc_ret_lo_20_v1_nodef,fm247,0.0332186604038607,54,False,False,0.0332186604038607
factmat:lag_vol_volatility_adjusted_gate,factmat,0.0330952279350318,1865,False,True,-0.0330952279350318
lqtp:Tak_Reg_002,lqtp,0.0329045756897677,2555,False,False,0.0329045756897677
factmat:lag_vol_ratio_smoothed_v2_flipped,factmat,0.0328172187216722,1845,False,True,-0.0328172187216722
lqtp:Tak_S2B_ROIC_ACC,lqtp,0.0328067550237777,2573,False,False,0.0328067550237777
lqtp:Tak_Vol_003,lqtp,0.0326550267425571,2573,False,True,-0.0326550267425571
lqtp:Tak_Flow_002,lqtp,0.0325975452174063,2573,False,True,-0.0325975452174063
lqtp:wzr_price_volume_294,lqtp,0.0325975452174063,2573,False,True,-0.0325975452174063
lqtp:Tak_Trd_003,lqtp,0.0325975452174063,2573,False,True,-0.0325975452174063
lqtp:wzr_price_volume_306,lqtp,0.0325972363542737,2572,False,False,0.0325972363542737
lqtp:THS_NEW_MI_REVISE_V12_COMPOSITE,lqtp,0.032570699020066,2564,False,True,-0.032570699020066
factmat:volume_adaptive_momentum_smoothed_v3,factmat,0.032439804735853,1884,False,True,-0.032439804735853
lqtp:Tak_EWM_007,lqtp,0.0323601914217969,2573,False,True,-0.0323601914217969
lqtp:PTA2_PVI_V29_FLOW_DRYUP,lqtp,0.032238370166346,2573,False,False,0.032238370166346
factmat:volume_impact_elasticity_smooth_flipped,factmat,0.0322053493043094,1863,False,True,-0.0322053493043094
factmat:volume_adaptive_momentum_fast_vol,factmat,0.032169258842095,1889,False,True,-0.032169258842095
lqtp:factor_mut_hc004_volpctrank_w8,lqtp,0.0321332041121496,2573,False,False,0.0321332041121496
lqtp:factor_crossover_herding_stress_span12_volrank_clip3,lqtp,0.0321332041121496,2573,False,False,0.0321332041121496
lqtp:RunFactor_84858c,lqtp,0.0321288281004129,2553,False,True,-0.0321288281004129
lqtp:Tak_Rel_011,lqtp,0.0321177582174099,2572,False,True,-0.0321177582174099
optfac:downside_volatility_ratio_long,optfac,0.0321031821767924,1843,False,False,0.0321031821767924
lqtp:factor_lag_vol_robust_volratio,lqtp,0.0320654340992369,2569,False,False,0.0320654340992369
lqtp:PriceConvergenceFactor,lqtp,0.032033433742032,2574,False,False,0.032033433742032
lqtp:native_rc_vo_cl,lqtp,0.0320132422261815,2555,False,True,-0.0320132422261815
delivery:alpha_20260701_57e30cff,delivery,0.0319193934740308,621,False,True,-0.0319193934740308
fm247:Tak_Rel_013_v1_nodef,fm247,0.0318340355383047,50,False,True,-0.0318340355383047
lqtp:factor_corr_volume_regime,lqtp,0.0317824858665002,2572,False,False,0.0317824858665002
new026:ovni_stable_curvature,new026,0.031694213684997,607,False,False,0.031694213684997
lqtp:Tak_Liq_069,lqtp,0.0316256508402472,2574,False,True,-0.0316256508402472
factmat:asym_intraday_sma,factmat,0.031453101275037,1903,False,False,0.031453101275037
optfac:range_asymmetry_longer,optfac,0.0313455220597493,1843,False,False,0.0313455220597493
factmat:lag_response_vol_tool_adaptive,factmat,0.0313275872654307,1889,False,True,-0.0313275872654307
lqtp:alpha_20260701_e885c4b1,lqtp,0.0312812761729477,2573,False,True,-0.0312812761729477
lqtp:JQ_ALPHA_095,lqtp,0.0311493812885673,2573,False,True,-0.0311493812885673
delivery:627cb56ee6214186,delivery,0.0310976160045253,597,False,False,0.0310976160045253
lqtp:OAP_AUDIT2_MomSeason06YrPlus_fix,lqtp,0.0310258017147226,54,False,False,0.0310258017147226
lqtp:native_rc_vw_vo,lqtp,0.0307479059009718,2555,False,True,-0.0307479059009718
fm247:alpha_20260701_cf427acf,fm247,0.0306781255733649,126,False,True,-0.0306781255733649
lqtp:wzr_price_volume_172,lqtp,0.0306384314287142,2574,False,False,0.0306384314287142
fm247:alpha_20260702_55152d82,fm247,0.030594877317743,152,False,True,-0.030594877317743
lqtp:wzr_price_volume_225,lqtp,0.0303771625556188,2289,False,True,-0.0303771625556188
lqtp:Tak_Sent_262,lqtp,0.0303282331957297,2572,False,True,-0.0303282331957297
fm247:WQ_ALPHA_019_v1_nodef,fm247,0.0302797018479002,65,False,False,0.0302797018479002
lqtp:alphasage_b0e9545fa66ab30a,lqtp,0.0302182168248443,2574,False,False,0.0302182168248443
lqtp:OAP_recover_std_turn,lqtp,0.0301885015736759,2573,False,False,0.0301885015736759
lqtp:RunFactor_d79413,lqtp,0.030012307153871,2554,False,True,-0.030012307153871
lqtp:factor_herding_volume_momentum_continuous,lqtp,0.0299453550600083,2573,False,True,-0.0299453550600083
new026:intraday_phase_share_ewma_volume_quality,new026,0.0299427032411847,607,False,False,0.0299427032411847
lqtp:diag_turnover_inverse_21,lqtp,0.029831900590172,2574,False,False,0.029831900590172
lqtp:OAP_recover_IdioVolAHT,lqtp,0.0297573116764481,2573,False,False,0.0297573116764481
lqtp:OAP_IdioVolAHT,lqtp,0.0297573116764481,2573,False,False,0.0297573116764481
fm247:WQ_ALPHA_026_v1_nodef,fm247,0.0297482307540582,51,False,False,0.0297482307540582
lqtp:rc_vw_vo_10,lqtp,0.02973989880796,2572,False,True,-0.02973989880796
lqtp:WQ_ALPHA_116,lqtp,0.0296503995492009,2569,False,True,-0.0296503995492009
factmat:lag_vol_robust_volratio_flipped,factmat,0.0296300748497506,1865,False,True,-0.0296300748497506
optfac:simplified_fear_pressure,optfac,0.0296136560397858,1843,False,True,-0.0296136560397858
new026:ovni_vol_align,new026,0.0295642886371171,605,False,False,0.0295642886371171
lqtp:SW39_MEJT_JumpThrustReversal_20_V01_CORE,lqtp,0.0294573349222113,2574,False,False,0.0294573349222113
fm247:528d7da4d2bcc7bf,fm247,0.0292814620047073,152,False,True,-0.0292814620047073
optfac:vol_asym_confirmed_range,optfac,0.0292757294338346,1843,False,False,0.0292757294338346
lqtp:Tak_Cpd_001,lqtp,0.0292630246664186,2555,False,True,-0.0292630246664186
lqtp:Tak_FTB_Q4D,lqtp,0.0292595516861157,2573,False,False,0.0292595516861157
factmat:vol_asym_confirmed_range,factmat,0.0292522185431963,1844,False,False,0.0292522185431963
lqtp:week2_vol_quantile_stress,lqtp,0.0291895771936571,2573,False,False,0.0291895771936571
fm247:factorminer_20260720144458_29093052,fm247,0.0291830762495461,78,False,False,0.0291830762495461
lqtp:wzr_price_volume_332,lqtp,0.02917561070726,2574,False,False,0.02917561070726
lqtp:OAP_IntMom,lqtp,0.029167297975015,2322,False,False,0.029167297975015
lqtp:wzr_price_volume_045,lqtp,0.0291547155813906,2573,False,False,0.0291547155813906
lqtp:wzr_price_volume_073,lqtp,0.0291397057663048,2545,False,True,-0.0291397057663048
lqtp:JQTA_ZLMM_V01_BASE,lqtp,0.0291324203087987,2574,False,False,0.0291324203087987
optfac:asym_intraday_sma,optfac,0.0291164737055245,1843,False,False,0.0291164737055245
lqtp:THS_NEW_YEAR_MAX_LOSS_V12_COMPOSITE,lqtp,0.0290608624384707,2573,False,True,-0.0290608624384707
lqtp:TDX_NEW_VOLATILITY_V02_LOW_STATE_AMT,lqtp,0.0290554994854704,2573,False,False,0.0290554994854704
lqtp:wzr_price_volume_320,lqtp,0.0289802403102947,2573,False,False,0.0289802403102947
lqtp:OAP_recover_DebtIssuance,lqtp,0.028958784200438,527,False,True,-0.028958784200438
lqtp:OAP_DebtIssuance,lqtp,0.028958784200438,527,False,True,-0.028958784200438
lqtp:OAP_VERIFIED_UNIFIED_DebtIssuance,lqtp,0.028958784200438,527,False,True,-0.028958784200438
lqtp:Tak_ARC_003,lqtp,0.0289095776570302,2573,False,True,-0.0289095776570302
lqtp:rc_vo_cl_10,lqtp,0.0288473916260314,2572,False,True,-0.0288473916260314
lqtp:probe_ep,lqtp,0.0287522753048341,2448,False,False,0.0287522753048341
lqtp:OAP_EP,lqtp,0.0287522753048341,2448,False,False,0.0287522753048341
lqtp:OAP_AUDIT_EP_direct,lqtp,0.0287522753048341,2448,False,False,0.0287522753048341
lqtp:Tak_Trd_139,lqtp,0.0287285060625328,2554,False,True,-0.0287285060625328
lqtp:Tak_Sent_358,lqtp,0.0287285060625328,2554,False,True,-0.0287285060625328
lqtp:factor_vol_surge_regime_gated,lqtp,0.0286544146880754,2573,False,True,-0.0286544146880754
lqtp:cand_vol_surge_regime_gated,lqtp,0.0286544146880754,2573,False,False,0.0286544146880754
factmat:pressure_ema_mutation,factmat,0.0286194760524639,1883,False,True,-0.0286194760524639
factmat:volatility_adjusted_dollar_pressure,factmat,0.0286189556210423,1903,False,True,-0.0286189556210423
lqtp:factor_herding_pressure,lqtp,0.0286020789195351,2572,False,True,-0.0286020789195351
lqtp:RunFactor_0865f9,lqtp,0.0286014771716092,2573,False,False,0.0286014771716092
fm247:f94eb68452b1a5ea,fm247,0.0285978736536605,594,False,False,0.0285978736536605
new026:downside_upside_tail_imbalance_volume_,new026,0.0285667983057906,607,False,False,0.0285667983057906
lqtp:OAP_STD_FIX_zerotrade1M,lqtp,0.0285662612717291,2574,False,True,-0.0285662612717291
lqtp:OAP_VERIFIED_UNIFIED_zerotrade1M,lqtp,0.0285662612717291,2574,False,True,-0.0285662612717291
optfac:pressure_ema_mutation,optfac,0.0283987216636084,1843,False,True,-0.0283987216636084
lqtp:PTA2_CVI_V14_STABLE_LOW_STATE,lqtp,0.0283698819884677,2564,False,False,0.0283698819884677
optfac:volatility_adjusted_dollar_pressure,optfac,0.0283138086740741,1843,False,True,-0.0283138086740741
optfac:vol_asym_confirmed_range_v2,optfac,0.0283054117449703,1843,False,False,0.0283054117449703
lqtp:WQ_ALPHA_103,lqtp,0.0281950709483887,2573,False,True,-0.0281950709483887
fm247:factor_volume_confirmed_return_v1_nodef,fm247,0.0281137686080471,78,False,True,-0.0281137686080471
lqtp:wzr_price_volume_170,lqtp,0.0281107021193909,2573,False,False,0.0281107021193909
lqtp:wzr_price_volume_002,lqtp,0.0281107021193909,2573,False,False,0.0281107021193909
fm247:factor_volume_reversal_rank_v1_nodef,fm247,0.0280711763531604,63,False,False,0.0280711763531604
lqtp:Tak_Trd_336,lqtp,0.028036538223137,2574,False,True,-0.028036538223137
delivery:alpha_20260703_ef5302fe,delivery,0.0280159744273372,621,False,True,-0.0280159744273372
lqtp:wzr_price_volume_322,lqtp,0.0280058733524264,2573,False,False,0.0280058733524264
lqtp:factor_herding_volume_drift,lqtp,0.0278690658137609,2574,False,True,-0.0278690658137609
lqtp:ext_38cd4f77,lqtp,0.0278479822632206,2572,False,True,-0.0278479822632206
lqtp:EXT_LIB3_CONNORS_RSI_PROXY_V07_LOWVOL_MEMORY,lqtp,0.0278381004942861,2571,False,True,-0.0278381004942861
fm247:WQ_ALPHA_061_v1_nodef,fm247,0.027770539723356,126,False,True,-0.027770539723356
lqtp:rc_vo_lo_20,lqtp,0.0277509910866218,2572,False,True,-0.0277509910866218
fm247:WQ_ALPHA_113_v1_nodef,fm247,0.0276654140692502,116,False,True,-0.0276654140692502
lqtp:Tak_Hmp_001,lqtp,0.0276444531361408,2573,False,True,-0.0276444531361408
lqtp:Tak_Vol_002,lqtp,0.0276444531361408,2573,False,False,0.0276444531361408
lqtp:JQ_ALPHA_100,lqtp,0.0276444531361408,2573,False,True,-0.0276444531361408
lqtp:Tak_Vol_065,lqtp,0.0276444531361408,2573,False,True,-0.0276444531361408
lqtp:week2_herd_stress_cross,lqtp,0.0275961872776303,2569,False,False,0.0275961872776303
lqtp:OAP_VERIFIED_UNIFIED_Mom12m,lqtp,0.0275736179209009,2322,False,False,0.0275736179209009
lqtp:OAP_Mom12m,lqtp,0.0275736179209009,2322,False,False,0.0275736179209009
lqtp:OAP_ResidualMomentum,lqtp,0.0275736179209009,2322,False,False,0.0275736179209009
lqtp:ext_90298bd1,lqtp,0.0275509098467999,2573,False,True,-0.0275509098467999
lqtp:JQ_ALPHA_070,lqtp,0.027518494759028,2573,False,True,-0.027518494759028
factmat:vol_asym_confirmed_range_v2,factmat,0.0274623522411913,1864,False,False,0.0274623522411913
lqtp:JQTA_VMACD_V08_STD20,lqtp,0.0274252487537681,2562,False,False,0.0274252487537681
lqtp:TDX_NEW_HISV_V02_LOW_STATE_AMT,lqtp,0.0273792420103899,2573,False,False,0.0273792420103899
factmat:session_magnitude_imbalance_volume_weighted_42d_flipped,factmat,0.0273715444697929,1862,False,False,0.0273715444697929
lqtp:THS_NEW_LIMIT_UP_KLINE_V01_LOW_STATE_AMT,lqtp,0.0272902579370841,2574,False,False,0.0272902579370841
lqtp:Tak_Cpd_002,lqtp,0.0272737719131006,2573,False,False,0.0272737719131006
lqtp:wzr_price_volume_319,lqtp,0.0271983380504216,2573,False,False,0.0271983380504216
delivery:alpha_20260702_55152d82,delivery,0.0271941309779675,621,False,True,-0.0271941309779675
delivery:055c3f5b009618c5,delivery,0.0271743105541134,579,False,False,0.0271743105541134
cogfull:factor_volume_beta_ewm__f5cf9250d77b8ce5_v1,cogfull,0.0271652329500738,2061,False,False,0.0271652329500738
lqtp:Tak_FTB_009,lqtp,0.0271471594021087,2573,False,False,0.0271471594021087
lqtp:OAP_RESCAN_CF,lqtp,0.0271339166432263,2574,False,False,0.0271339166432263
lqtp:factor_ema_vol_asymmetry_rank,lqtp,0.0270722242361602,2573,False,True,-0.0270722242361602
lqtp:Tak_EWM_010,lqtp,0.0270330294563692,2573,False,True,-0.0270330294563692
lqtp:RunFactor_92488d,lqtp,0.0270094902811429,2573,False,False,0.0270094902811429
lqtp:factor_crossover_mom5_plus_ret_ewm6,lqtp,0.0269059977855054,2569,False,True,-0.0269059977855054
lqtp:factor_range_asym_vol_smooth,lqtp,0.0269007266506964,2573,False,False,0.0269007266506964
lqtp:JQ_ALPHA_135,lqtp,0.0268984766330379,2553,False,True,-0.0268984766330379
optfac:overnight_repricing_phase_leadership,optfac,0.0268383220916357,1843,False,False,0.0268383220916357
lqtp:wzr_price_volume_006,lqtp,0.0268373382426178,2573,False,False,0.0268373382426178
delivery:alpha_20260701_1958c186,delivery,0.0268181411112052,621,False,True,-0.0268181411112052
lqtp:Tak_FTB_GARP,lqtp,0.0267879858057419,2324,False,False,0.0267879858057419
lqtp:Tak_FTB_EBIT,lqtp,0.0267680488574311,2529,False,False,0.0267680488574311
lqtp:wzr_price_volume_337,lqtp,0.0267608350009258,2515,False,True,-0.0267608350009258
cogfull:factor_volume_beta_range_weighted__b3a25921ef4162cd_v1,cogfull,0.0267497379412759,2061,False,False,0.0267497379412759
cogfull:factor_volume_beta_range_asymmetry_gated__1e30a30d95498873_v1,cogfull,0.0267497379412759,2061,False,False,0.0267497379412759
cogfull:factor_volume_beta_asymmetric_dampen__254690a62945085e_v1,cogfull,0.0267051561482612,2061,False,False,0.0267051561482612
lqtp:Tak_GEO_S2,lqtp,0.026662673627439,2554,False,False,0.026662673627439
lqtp:Tak_FdT_003,lqtp,0.0266348782278273,2573,False,True,-0.0266348782278273
lqtp:factor_mut_cross_vwpc_z10_clip2_v3,lqtp,0.0266056641046366,2573,False,False,0.0266056641046366
fm247:WQ_ALPHA_078_v1_nodef,fm247,0.0265043998884082,127,False,True,-0.0265043998884082
lqtp:JQ_ALPHA_062,lqtp,0.0265034538221338,2573,False,False,0.0265034538221338
lqtp:WQ_ALPHA_044,lqtp,0.0265034538221338,2573,False,False,0.0265034538221338
lqtp:Tak_FTB_006,lqtp,0.0264994693224479,2573,False,False,0.0264994693224479
lqtp:Tak_FTB_001,lqtp,0.0264994693224479,2573,False,False,0.0264994693224479
cogfull:factor_volume_beta_range_asymmetry_smooth_weight__42509286cb572148_v1,cogfull,0.0264892852695109,2061,False,False,0.0264892852695109
optfac:stability_atr,optfac,0.0264602627209862,1843,False,False,0.0264602627209862
fm247:JQ_ALPHA_185_v1_nodef,fm247,0.026380885811082,152,False,False,0.026380885811082
lqtp:WQ_ALPHA_113,lqtp,0.0263463786993784,2573,False,True,-0.0263463786993784
new026:amt_vwap_elasticity_power,new026,0.0263223981180456,2514,False,False,0.0263223981180456
lqtp:Tak_GEO_CROSS,lqtp,0.0263141905635713,2554,False,False,0.0263141905635713
lqtp:JQTA_OBV_V04_VOLUME_CONFIRM,lqtp,0.0263099687158575,2573,False,True,-0.0263099687158575
lqtp:EXT_MYTT_MYTT_DFMA_V10_RANGE_CONDITIONED,lqtp,0.0263058205330037,2564,False,True,-0.0263058205330037
lqtp:factor_vol_price_log_range_gate_clipped_10day_mut_003,lqtp,0.0262535960535798,2573,False,False,0.0262535960535798
lqtp:Tak_FTB_C01,lqtp,0.0262027562197342,2564,False,False,0.0262027562197342
lqtp:Tak_Vol_005,lqtp,0.0262003642503788,2573,False,False,0.0262003642503788
lqtp:Tak_FTB_CFOE,lqtp,0.0261244202220217,2573,False,False,0.0261244202220217
optfac:downside_upside_vol_ratio_60,optfac,0.0260994961987283,1843,False,False,0.0260994961987283
optfac:downside_upside_vol_ratio_long,optfac,0.0260994961987283,1843,False,False,0.0260994961987283
lqtp:JQ_ALPHA_097,lqtp,0.0260515701040405,2573,False,True,-0.0260515701040405
lqtp:JQ_ALPHA_132,lqtp,0.0260371958065046,2574,False,True,-0.0260371958065046
lqtp:Tak_FTB_003,lqtp,0.0260305980480199,2573,False,False,0.0260305980480199
lqtp:Tak_FTB_C05,lqtp,0.0260017993156183,2573,False,False,0.0260017993156183
lqtp:STDDEV_R_60,lqtp,0.0259970411345216,2573,False,True,-0.0259970411345216
lqtp:alpha_20260703_d485a3b3,lqtp,0.0259970411345216,2573,False,True,-0.0259970411345216
lqtp:EXT_LIB3_ROGERS_SATCHELL_VOL_V09_VOLUME_CONFIRM,lqtp,0.0259772917598822,2574,False,True,-0.0259772917598822
new026:intraday_overnight_gap_smoothed,new026,0.0258913128916102,607,False,False,0.0258913128916102
lqtp:OAP_VERIFIED_UNIFIED_Mom12mOffSeason,lqtp,0.0258373553676654,2343,False,False,0.0258373553676654
lqtp:OAP_AUDIT2_Mom12mOffSeason,lqtp,0.0258373553676654,2343,False,False,0.0258373553676654
delivery:fe304ef9dfcf0fa1,delivery,0.025826383423546,595,False,False,0.025826383423546
cogfull:factor_price_volume_rolling_beta__25b9c848fddcae74_v1,cogfull,0.0257760971325531,2061,False,False,0.0257760971325531
cogfull:factor_volume_beta_pure__77d4377bdcee04ec_v1,cogfull,0.0257760971325531,2061,False,False,0.0257760971325531
cogshort:factor_left_tail_fragility_ewm__6da4174d04ea1266_v1,cogshort,0.0256960302331474,2058,False,False,0.0256960302331474
cogshort:factor_tail_risk_skewness_vol_stress_smoothed__a889c0adf410a7d5_v1,cogshort,0.0256960302331474,2058,False,False,0.0256960302331474
lqtp:wzr_price_volume_053,lqtp,0.0256403103984653,2574,False,False,0.0256403103984653
fmqa:7cd58c864b8296df,fmqa,0.0255788665548963,2573,False,True,-0.0255788665548963
factmat:volume_state_transition_carry_smooth_flipped,factmat,0.0255562356104454,1873,False,True,-0.0255562356104454
lqtp:THS_NEW_INNER_OUTER_DIFF_V01_LOW_STATE_AMT,lqtp,0.025521808036752,2574,False,False,0.025521808036752
lqtp:factor_vol_price_log_range_gate_clipped_boost_5day_mut_001,lqtp,0.0254643968984434,2573,False,False,0.0254643968984434
lqtp:Tak_MTF_VolTF,lqtp,0.0254613453805886,2573,False,False,0.0254613453805886
lqtp:WQ_ALPHA_114,lqtp,0.025424952531853,2572,False,True,-0.025424952531853
lqtp:JQ_ALPHA_081,lqtp,0.0254021229571046,2574,False,True,-0.0254021229571046
lqtp:THS_NEW_MAIN_FLOW_PROXY_V12_COMPOSITE,lqtp,0.025364931121322,2573,False,True,-0.025364931121322
lqtp:JQ_ALPHA_094,lqtp,0.0253602347934123,2573,False,True,-0.0253602347934123
lqtp:factor_asym_intraday_sma,lqtp,0.0253552932830896,2574,False,False,0.0253552932830896
lqtp:Tak_Liq_068,lqtp,0.0253122650550094,2574,False,True,-0.0253122650550094
lqtp:wzr_price_volume_308,lqtp,0.0253090078162077,2570,False,False,0.0253090078162077
lqtp:Tak_FTB_GPA,lqtp,0.025265618752909,2573,False,False,0.025265618752909
lqtp:Tak_FTB_A3A,lqtp,0.0252465027322257,2573,False,False,0.0252465027322257
lqtp:OAP_RESCAN4_zerotrade1M_proxy,lqtp,0.0252197832906573,2574,False,False,0.0252197832906573
lqtp:THS_NEW_SG_ECG_V01_LOW_STATE_AMT,lqtp,0.0251846614987802,2569,False,False,0.0251846614987802
lqtp:OAP_RESCAN4_std_turn,lqtp,0.0251794685353743,2573,False,False,0.0251794685353743
lqtp:OAP_VERIFIED_UNIFIED_std_turn,lqtp,0.0251794685353743,2573,False,False,0.0251794685353743
factmat:session_asymmetry_smooth_confirmed_30d,factmat,0.0251787777590313,1874,False,False,0.0251787777590313
lqtp:Tak_FTB_C03,lqtp,0.0251784899031283,2573,False,False,0.0251784899031283
fm247:alpha_20260702_5af301be,fm247,0.0251037423407028,129,False,False,0.0251037423407028
lqtp:RunFactor_549a83,lqtp,0.0250408479400946,2572,False,False,0.0250408479400946
lqtp:WQ_ALPHA_006,lqtp,0.0249862519563632,2573,False,False,0.0249862519563632
lqtp:ext_f9b2117b,lqtp,0.0249862519563632,2573,False,False,0.0249862519563632
lqtp:JQ_ALPHA_139,lqtp,0.0249862519563632,2573,False,False,0.0249862519563632
lqtp:alpha_95c605f3,lqtp,0.0249790342965783,2573,False,False,0.0249790342965783
lqtp:THS_NEW_INOUT_DIFF_MIN_V01_LOW_STATE_AMT,lqtp,0.0249717148444622,2574,False,False,0.0249717148444622
lqtp:factor_range_asym_log_vol,lqtp,0.0249574473625662,2573,False,False,0.0249574473625662
lqtp:JQTA_AMO_V01_BASE,lqtp,0.0249237427171656,2574,False,False,0.0249237427171656
lqtp:factor_intraday_volume_tanh,lqtp,0.0249028972111283,2574,False,False,0.0249028972111283
lqtp:Tak_FTB_E02,lqtp,0.0248913156048866,2573,False,False,0.0248913156048866
lqtp:factor_asym_ratio_pure,lqtp,0.0248849009555891,2572,False,False,0.0248849009555891
lqtp:OAP_AUDIT_EP_positive,lqtp,0.0248721378398413,2448,False,False,0.0248721378398413
lqtp:OAP_rescue_EP,lqtp,0.0248721378398413,2448,False,False,0.0248721378398413
lqtp:TDX_NEW_WSBVOL_V02_LOW_STATE_AMT,lqtp,0.0248709254119904,2574,False,False,0.0248709254119904
lqtp:wzr_price_volume_321,lqtp,0.0248145381346997,2573,False,False,0.0248145381346997
optfac:session_asymmetry_smooth_confirmed_30d,optfac,0.0247880719843026,1843,False,False,0.0247880719843026
lqtp:THS_NEW_QL_DISCRETE_V12_COMPOSITE,lqtp,0.0247854138149074,2573,False,True,-0.0247854138149074
lqtp:alphasage_43727f7f7b2ba487,lqtp,0.0247646678409041,2573,False,False,0.0247646678409041
factmat:persistent_left_tail_variance_share_flipped,factmat,0.0245989905299686,1873,False,False,0.0245989905299686
lqtp:Tak_Sent_093,lqtp,0.0245921541729489,2322,False,True,-0.0245921541729489
lqtp:factor_herding_ema_mf_over_ema_vol,lqtp,0.0245783456168343,2574,False,True,-0.0245783456168343
delivery:alpha_20260701_cf427acf,delivery,0.0245511232006177,621,False,True,-0.0245511232006177
lqtp:JQTA_SG-PF_V08_STD20,lqtp,0.0245186338743247,2573,False,False,0.0245186338743247
lqtp:wzr_price_volume_039,lqtp,0.0244825503437043,2574,False,False,0.0244825503437043
cogshort:factor_left_tail_fragility_ewm_faster__d0990a0639bfbe3a_v1,cogshort,0.0243936178093089,2058,False,False,0.0243936178093089
fm247:186f02bef23c40b7,fm247,0.0243754325825367,597,False,False,0.0243754325825367
lqtp:Tak_FTB_C04,lqtp,0.0243552075927985,2573,False,False,0.0243552075927985
delivery:43727f7f7b2ba487,delivery,0.024306745280756,1812,False,True,-0.024306745280756
lqtp:Tak_FTB_ADD,lqtp,0.0243056296146905,2573,False,False,0.0243056296146905
lqtp:SW39_MA_MultiHorizonGapReversion_60_V05_TAIL_GUARD,lqtp,0.0243033536839701,2572,False,False,0.0243033536839701
lqtp:RunFactor_bbf0c0,lqtp,0.024295368325261,2571,False,True,-0.024295368325261
lqtp:OAP_MaxRet,lqtp,0.0242569794686702,2574,False,False,0.0242569794686702
lqtp:OAP_VERIFIED_UNIFIED_MaxRet,lqtp,0.0242569794686702,2574,False,False,0.0242569794686702
lqtp:JQTA_TAPI_V08_STD20,lqtp,0.0242488433794634,2573,False,False,0.0242488433794634
lqtp:OAP_BidAskSpread,lqtp,0.0242273160597578,2574,False,True,-0.0242273160597578
lqtp:OAP_recover_BidAskSpread,lqtp,0.0242273160597578,2574,False,True,-0.0242273160597578
lqtp:factor_volume_pressure_light_crossover,lqtp,0.0241739670221855,2574,False,False,0.0241739670221855
lqtp:factor_ema_trend_simple,lqtp,0.0241676219308949,2573,False,False,0.0241676219308949
optfac:asym_vol_cont_gate_30,optfac,0.0241628573217105,1843,False,False,0.0241628573217105
new026:intraday_persistence_share_ewma,new026,0.024147172730782,606,False,False,0.024147172730782
lqtp:THS_NEW_GAME_ACCEPT_V12_COMPOSITE,lqtp,0.0241311891290264,2573,False,True,-0.0241311891290264
lqtp:factor_asym_vol_attenuate,lqtp,0.0241291889336872,2573,False,False,0.0241291889336872
delivery:alpha_20260702_5af301be,delivery,0.0241167352677688,621,False,False,0.0241167352677688
lqtp:Tak_FTB_ACC,lqtp,0.0241116752715278,2573,False,False,0.0241116752715278
fm247:alpha_20260703_6c174054,fm247,0.0241017025974665,152,False,True,-0.0241017025974665
lqtp:factor_persistence_ema,lqtp,0.0240625175680126,2572,False,False,0.0240625175680126
lqtp:week2_log_range_gate_z10,lqtp,0.0239904085115983,2573,False,False,0.0239904085115983
lqtp:Tak_Rel_010,lqtp,0.0239806539843943,2572,False,True,-0.0239806539843943
lqtp:EXT_SWING_SUPPORT_RESIST_DENSITY_60_V09_LOWVOL,lqtp,0.0239041972316893,2573,False,False,0.0239041972316893
fm247:JQ_ALPHA_053_v1_nodef,fm247,0.023902846887349,129,False,True,-0.023902846887349
lqtp:factor_vol_weighted_pct_range_clip_ema10,lqtp,0.0238997853308494,2573,False,False,0.0238997853308494
lqtp:week2_vol_weight_range_clip10,lqtp,0.0238991109782979,2573,False,False,0.0238991109782979
lqtp:factor_intraday_return_volume_surge,lqtp,0.023894333072012,2574,False,True,-0.023894333072012
lqtp:week2_intraday_vol_surge,lqtp,0.023894333072012,2574,False,False,0.023894333072012
lqtp:WQ_ALPHA_102,lqtp,0.0238510445048117,2573,False,True,-0.0238510445048117
lqtp:alpha_20260702_89d0956b,lqtp,0.0238463409188232,2573,False,False,0.0238463409188232
lqtp:OAP_VERIFIED_UNIFIED_cfp,lqtp,0.0238067374063334,2574,False,False,0.0238067374063334
lqtp:OAP_CF,lqtp,0.0238067374063333,2574,False,False,0.0238067374063333
lqtp:OAP_cfp,lqtp,0.0238067374063333,2574,False,False,0.0238067374063333
lqtp:wzr_price_volume_017,lqtp,0.0238067374063333,2574,False,False,0.0238067374063333
lqtp:TDX_NEW_LON_V02_LOW_STATE_AMT,lqtp,0.0237510160649899,2564,False,False,0.0237510160649899
optfac:size_gated_book_yield,optfac,0.0237150130989497,1843,False,False,0.0237150130989497
lqtp:factor_asym_vol_gated,lqtp,0.0236831993217987,2573,False,False,0.0236831993217987
lqtp:factor_mut_cross_vwpc_z10_clip2_span8_v1,lqtp,0.0236824616177631,2573,False,False,0.0236824616177631
factmat:impact_downside_asymmetry_smoothed_flipped,factmat,0.0235849697617384,1874,False,False,0.0235849697617384
lqtp:Tak_FTB_F05,lqtp,0.0235786530686654,2573,False,False,0.0235786530686654
fm247:WQ_ALPHA_085_v1_nodef,fm247,0.0235742765366876,51,False,False,0.0235742765366876
lqtp:factor_volume_pressure_ewm_smooth,lqtp,0.0235021645931692,2574,False,False,0.0235021645931692
lqtp:SW39_PVT_VolumeWeightedReversal_20_V04_VOLUME_CONFIRM,lqtp,0.0234982717766418,2574,False,False,0.0234982717766418
factmat:impact_asymmetry_slow_recovery_flipped,factmat,0.0234738578095308,1874,False,False,0.0234738578095308
lqtp:Tak_Rsk_002,lqtp,0.0234542041606274,2574,False,True,-0.0234542041606274
lqtp:RunFactor_fe3a8e,lqtp,0.0234435981057066,2571,False,False,0.0234435981057066
lqtp:PTA2_VOSC_V14_STABLE_LOW_STATE,lqtp,0.0234310391559547,2569,False,False,0.0234310391559547
fm247:alpha_20260702_f5562d5a,fm247,0.0234036596451633,129,False,True,-0.0234036596451633
delivery:186f02bef23c40b7,delivery,0.0233857837953101,597,False,False,0.0233857837953101
fm247:0d253a9df62e2b34,fm247,0.0233837938854835,152,False,False,0.0233837938854835
lqtp:Tak_FTB_CASH,lqtp,0.0233487555263508,2573,False,False,0.0233487555263508
cogfull:factor_vol_asym_tail_ratio__238be47aa121b597_v1,cogfull,0.0231979943608933,2061,False,False,0.0231979943608933
fm247:6209044533daa09d,fm247,0.0231708801264965,539,False,True,-0.0231708801264965
lqtp:wzr_price_volume_354,lqtp,0.0231589840649178,2323,False,True,-0.0231589840649178
fm247:OAP_Illiquidity_v1_nodef,fm247,0.023146221105578,152,False,True,-0.023146221105578
lqtp:alpha_20260702_16104691,lqtp,0.0231405800699836,2514,False,False,0.0231405800699836
lqtp:wzr_price_volume_358,lqtp,0.023138828479852,2491,False,True,-0.023138828479852
lqtp:wzr_price_volume_356,lqtp,0.023138828479852,2491,False,True,-0.023138828479852
lqtp:JQ_ALPHA_005,lqtp,0.0231313175153078,2572,False,False,0.0231313175153078
lqtp:WQ_ALPHA_026,lqtp,0.0231313175153078,2572,False,False,0.0231313175153078
lqtp:OAP_CF_Proxy,lqtp,0.0230829282307248,2448,False,False,0.0230829282307248
lqtp:OAP_OperProfRD,lqtp,0.0230788442827844,2574,False,False,0.0230788442827844
lqtp:OAP_VERIFIED_UNIFIED_OperProfRD,lqtp,0.0230788442827844,2574,False,False,0.0230788442827844
lqtp:factor_persistence,lqtp,0.0230507787413881,2572,False,False,0.0230507787413881
optfac:growth_adjusted_earnings_yield,optfac,0.0230332908444121,1843,False,False,0.0230332908444121
lqtp:Tak_NEW2_GP_Margin,lqtp,0.0230203446025484,2573,False,False,0.0230203446025484
lqtp:Tak_FTB_E09,lqtp,0.0230087388380581,2569,False,False,0.0230087388380581
lqtp:week2_log_range_gate,lqtp,0.0230022186407663,2573,False,False,0.0230022186407663
lqtp:Tak_FTB_004,lqtp,0.0229782262453787,2573,False,False,0.0229782262453787
lqtp:alpha_20260702_80bca4fc,lqtp,0.0227582292735291,2568,False,True,-0.0227582292735291
lqtp:RunFactor_505967,lqtp,0.0226663465329118,2573,False,False,0.0226663465329118
lqtp:JQTA_SG_SMX_V01_BASE,lqtp,0.0226464337964292,2573,False,True,-0.0226464337964292
lqtp:ext_62f1f060,lqtp,0.0226187780863511,2574,False,True,-0.0226187780863511
lqtp:JQTA_VOL_V01_BASE,lqtp,0.0225893468772316,2574,False,False,0.0225893468772316
optfac:asym_vol_weighted,optfac,0.0225052855847017,1843,False,False,0.0225052855847017
factmat:volume_transition_raw_carry_30d_flipped,factmat,0.0225045112295042,1873,False,True,-0.0225045112295042
lqtp:wzr_price_volume_259,lqtp,0.0225016228704701,2573,False,True,-0.0225016228704701
lqtp:WQ_ALPHA_104,lqtp,0.0225016228704701,2573,False,True,-0.0225016228704701
lqtp:wzr_price_volume_373,lqtp,0.0225016228704701,2573,False,True,-0.0225016228704701
lqtp:wzr_price_volume_372,lqtp,0.0224894188314164,2573,False,True,-0.0224894188314164
lqtp:wzr_price_volume_257,lqtp,0.0224894188314164,2573,False,True,-0.0224894188314164
factmat:volume_transition_stress_attenuated_30d_flipped,factmat,0.0224768702452661,1873,False,True,-0.0224768702452661
fm247:OAP_High52_v1_nodef,fm247,0.0224616495358318,152,False,True,-0.0224616495358318
lqtp:Tak_STR_S2_PREMELT,lqtp,0.0224612823635644,2554,False,False,0.0224612823635644
lqtp:RunFactor_0b9656,lqtp,0.0223995048390153,2553,False,False,0.0223995048390153
fm247:JQ_ALPHA_059_v1_nodef,fm247,0.0223546244949764,129,False,True,-0.0223546244949764
optfac:herding_pressure,optfac,0.0223375445179615,1843,False,True,-0.0223375445179615
lqtp:Tak_EWM_006,lqtp,0.0223157153731296,2573,False,False,0.0223157153731296
lqtp:Tak_FTB_3TB,lqtp,0.0223001880845732,2324,False,False,0.0223001880845732
lqtp:Tak_GEO_S2_DEF,lqtp,0.0222609526077239,2573,False,False,0.0222609526077239
lqtp:PTA2_LOG_RETURN_V14_STABLE_LOW_STATE,lqtp,0.0222051738896042,2574,False,False,0.0222051738896042
lqtp:JQ_ALPHA_074,lqtp,0.0221884112391586,2573,False,True,-0.0221884112391586
lqtp:Tak_ALT_VolOfVol,lqtp,0.0221806460128032,2571,False,False,0.0221806460128032
lqtp:Tak_FTB_ACGP,lqtp,0.0221632611672975,2573,False,False,0.0221632611672975
cogfull:factor_flow_regime_beta__e1dacf9ca0b20c2b_v1,cogfull,0.0221550285109624,2061,False,False,0.0221550285109624
fm247:factor_drawdown_depth_duration_range_vol_v1_nodef,fm247,0.022145190998575,142,False,True,-0.022145190998575
lqtp:JQ_ALPHA_122,lqtp,0.0220705240730934,2573,False,True,-0.0220705240730934
lqtp:JQ_ALPHA_136,lqtp,0.0220417253760299,2571,False,False,0.0220417253760299
lqtp:ext_d320b9da,lqtp,0.0220417253760299,2571,False,False,0.0220417253760299
lqtp:WQ_ALPHA_014,lqtp,0.0220417253760299,2571,False,False,0.0220417253760299
fm247:b54a384026c507e5,fm247,0.0220218455364341,579,False,True,-0.0220218455364341
lqtp:Tak_LAYER_AB1,lqtp,0.0219831742614755,2564,False,False,0.0219831742614755
lqtp:OAP_recover_EntMult,lqtp,0.0219791467592335,2574,False,False,0.0219791467592335
cogfull:factor_range_vol_of_vol_robust_mad_median__35b952fc8241220d_v1,cogfull,0.021975190046573,2062,False,False,0.021975190046573
lqtp:OAP_ChTax,lqtp,0.0219421651972693,2322,False,False,0.0219421651972693
lqtp:OAP_RESCAN4_ChTax,lqtp,0.0219421651972693,2322,False,False,0.0219421651972693
lqtp:Tak_MMT_002,lqtp,0.0219107880711099,2555,False,True,-0.0219107880711099
cogshort:factor_tail_risk_liquidity_scaled__e7295ceb926bc2ac_v1,cogshort,0.0218728560943753,2058,False,False,0.0218728560943753
lqtp:TDX_NEW_ZLJC_V02_LOW_STATE_AMT,lqtp,0.0218504161542906,2573,False,False,0.0218504161542906
lqtp:OAP_VERIFIED_UNIFIED_EBM,lqtp,0.0218074569279181,2574,False,False,0.0218074569279181
lqtp:OAP_PROXY_EBM_proxy,lqtp,0.0218074569279181,2574,False,False,0.0218074569279181
delivery:d844945d63ab4f4b,delivery,0.0218061331202673,590,False,False,0.0218061331202673
lqtp:Tak_XP_DEF_N10M20,lqtp,0.0217645937276277,2573,False,False,0.0217645937276277
lqtp:Tak_S2B_GPA_CORR,lqtp,0.0217463976194317,2573,False,False,0.0217463976194317
fm247:Tak_Trd_056_v2_nodef,fm247,0.0217245085073143,70,False,False,0.0217245085073143
lqtp:Tak_FTB_E06,lqtp,0.0216894949389611,2573,False,False,0.0216894949389611
fm247:JQ_ALPHA_003_v1_nodef,fm247,0.0216643412213404,129,False,True,-0.0216643412213404
fm247:JQ_ALPHA_010_v1_nodef,fm247,0.0216546147897996,150,False,False,0.0216546147897996
optfac:volume_trend_adjusted_impact,optfac,0.0216449362880123,1843,False,True,-0.0216449362880123
lqtp:Tak_S2_4CHAIN,lqtp,0.0216074846274359,2554,False,False,0.0216074846274359
factmat:overnight_repricing_ewm_stability,factmat,0.0215856408454161,1841,False,False,0.0215856408454161
cogneutral:factor_vw_ew_spread_responsive_v1,cogneutral,0.0215792011201515,2080,False,False,0.0215792011201515
lqtp:wzr_price_volume_055,lqtp,0.0215570343828009,2544,False,False,0.0215570343828009
lqtp:ext_e66f9da6,lqtp,0.0215446861620874,2544,False,False,0.0215446861620874
lqtp:OAP_STD_FIX_ShareVol,lqtp,0.0215378386060478,2568,False,False,0.0215378386060478
lqtp:OAP_VERIFIED_UNIFIED_ShareVol,lqtp,0.0215378386060477,2568,False,False,0.0215378386060477
lqtp:OAP_RESCAN5_ShareVol,lqtp,0.0215378386060477,2568,False,True,-0.0215378386060477
lqtp:Tak_ARC_002,lqtp,0.0215195227075432,2572,False,True,-0.0215195227075432
lqtp:WQ_ALPHA_024,lqtp,0.0215115525471133,2571,False,False,0.0215115525471133
lqtp:JQ_ALPHA_098,lqtp,0.0215115525471133,2571,False,False,0.0215115525471133
lqtp:THS_NEW_ASI_THS_V12_COMPOSITE,lqtp,0.0215058948764761,2573,False,True,-0.0215058948764761
lqtp:THS_NEW_GAME_STRENGTH_V12_COMPOSITE,lqtp,0.0215041982179317,2573,False,True,-0.0215041982179317
lqtp:THS_NEW_DD_RATE_V12_COMPOSITE,lqtp,0.0214955239802618,2559,False,True,-0.0214955239802618
lqtp:Tak_Fund_043,lqtp,0.0214689138139623,2574,False,False,0.0214689138139623
optfac:price_impact_vol_adjusted_vol_asym,optfac,0.0214675489224215,1843,False,False,0.0214675489224215
lqtp:factor_volume_trend_adjusted_impact,lqtp,0.0214671864637765,2574,False,False,0.0214671864637765
optfac:negative_skew_stress_gated,optfac,0.0214371629606528,1843,False,False,0.0214371629606528
lqtp:EXT_LIB3_INTERNAL_BAR_STRENGTH_V07_LOWVOL_MEMORY,lqtp,0.0214281654940363,2573,False,True,-0.0214281654940363
lqtp:ext_a313f83b,lqtp,0.0214195109131209,2573,False,True,-0.0214195109131209
optfac:size_gated_value_leverage,optfac,0.0214026539338252,1843,False,False,0.0214026539338252
optfac:simplified_size_adaptive_value,optfac,0.0213903282947327,1843,False,False,0.0213903282947327
optfac:size_adaptive_value,optfac,0.0213902528650537,1843,False,False,0.0213902528650537
optfac:size_adaptive_quality_value_nl,optfac,0.0213900821832832,1843,False,False,0.0213900821832832
optfac:price_impact_asymmetry,optfac,0.021383391133007,1843,False,False,0.021383391133007
lqtp:JQ_ALPHA_105,lqtp,0.0213666758749052,2573,False,False,0.0213666758749052
lqtp:WQ_ALPHA_003,lqtp,0.0213666758749052,2573,False,False,0.0213666758749052
lqtp:OAP_recover_VolSD,lqtp,0.0213645300745395,2573,False,False,0.0213645300745395
lqtp:OAP_RESCAN4_VolSD,lqtp,0.0213645300745395,2573,False,False,0.0213645300745395
lqtp:OAP_VERIFIED_UNIFIED_VolSD,lqtp,0.0213645300745395,2573,False,False,0.0213645300745395
lqtp:OAP_OperProf,lqtp,0.0213290005635059,2574,False,False,0.0213290005635059
lqtp:OAP_VERIFIED_UNIFIED_OperProf,lqtp,0.0213290005635059,2574,False,False,0.0213290005635059
lqtp:wzr_price_volume_009,lqtp,0.0213015861565134,2574,False,True,-0.0213015861565134
lqtp:Tak_FTB_ACDF,lqtp,0.021279860066806,2573,False,False,0.021279860066806
lqtp:rc_vo_ret_60,lqtp,0.0212714204959341,2572,False,True,-0.0212714204959341
lqtp:Tak_XP_CUR_N10M20,lqtp,0.0212437055353642,2573,False,False,0.0212437055353642
lqtp:Tak_FTB_002,lqtp,0.0212228732320964,2573,False,False,0.0212228732320964
lqtp:RunFactor_426efa,lqtp,0.0212080227530503,2569,False,True,-0.0212080227530503
delivery:alpha_20260702_43c76a50,delivery,0.0212007229262457,621,False,True,-0.0212007229262457
cogshort:factor_nonlinear_vp_vol_gated__3ecf323ad97b30df_v1,cogshort,0.0211463475974959,2067,False,False,0.0211463475974959
delivery:d33d0a88a5d76578,delivery,0.0211302711625738,578,False,False,0.0211302711625738
lqtp:factor_lagret_volratio_gated_smooth,lqtp,0.0211225170502056,2568,False,False,0.0211225170502056
lqtp:Tak_S2_DEF_MOM,lqtp,0.0211134613508756,2554,False,False,0.0211134613508756
lqtp:THS_NEW_HUNTER_ENERGY_V12_COMPOSITE,lqtp,0.0211096330029571,2573,False,True,-0.0211096330029571
lqtp:SECREV2_SCTR_PARAM_V01_NEG_STD20,lqtp,0.0210383279484696,2448,False,False,0.0210383279484696
lqtp:EXT_LIB3_SCTR_PROXY_V03_NEG_STD20,lqtp,0.0210383279484696,2448,False,False,0.0210383279484696
factmat:ts_size_adaptive_earnings_book_smooth,factmat,0.021032228567469,1824,False,False,0.021032228567469
lqtp:Tak_Vol_011,lqtp,0.0210121412399929,2573,False,False,0.0210121412399929
lqtp:alpha_20260702_98ed259d,lqtp,0.0209658594877939,2569,False,True,-0.0209658594877939
lqtp:THS_NEW_GAME_K_LENGTH_V12_COMPOSITE,lqtp,0.0209632755584749,2573,False,True,-0.0209632755584749
lqtp:wzr_price_volume_302,lqtp,0.0209582823253385,2573,False,False,0.0209582823253385
fm247:Tak_Trd_021_v1_nodef,fm247,0.0209231783537082,55,False,True,-0.0209231783537082
cogshort:factor_volume_stability_corr_gate_robust__eb87eda9ed92824c_v1,cogshort,0.0209200972975652,2061,False,False,0.0209200972975652
lqtp:SW39_TRIX_TripleSmoothMomentum_30_V05_TAIL_GUARD,lqtp,0.0208823001724296,2564,False,False,0.0208823001724296
lqtp:THS_NEW_COST_BANDWIDTH_PROXY_V12_COMPOSITE,lqtp,0.0208755986301739,2573,False,True,-0.0208755986301739
lqtp:TDX_NEW_ADVOL_V02_LOW_STATE_AMT,lqtp,0.0208470541540388,2574,False,False,0.0208470541540388
fm247:factor_volatility_asymmetry_spike_adj_ema5_v1_nodef,fm247,0.0208255483231149,152,False,True,-0.0208255483231149
lqtp:rc_ret_lo_20,lqtp,0.0207951156848879,2572,False,False,0.0207951156848879
lqtp:JQ_ALPHA_179,lqtp,0.0207902907811013,2573,False,True,-0.0207902907811013
lqtp:factor_volume_pressure_imbalance,lqtp,0.0207499403365,2574,False,False,0.0207499403365
fmqa:cc3b5fb05d6aba9b,fmqa,0.0207265382092487,129,False,True,-0.0207265382092487
lqtp:THS_NEW_TOWER_THS_V12_COMPOSITE,lqtp,0.0207143626701751,2573,False,True,-0.0207143626701751
optfac:price_impact_vol_adjusted_smoothed,optfac,0.0207042180200257,1843,False,False,0.0207042180200257
fm247:JQ_ALPHA_060_v1_nodef,fm247,0.0206959438188737,141,False,True,-0.0206959438188737
lqtp:TDX_NEW_M1_V01_NEG_STD20,lqtp,0.0206713475597828,2573,False,False,0.0206713475597828
fmqa:9771c33c19a14245,fmqa,0.0206703257395594,129,False,False,0.0206703257395594
optfac:price_impact_vol_adj_stable_vol,optfac,0.0206432148547238,1843,False,False,0.0206432148547238
fm247:JQ_ALPHA_037_v1_nodef,fm247,0.0206206896019734,53,False,False,0.0206206896019734
optfac:ts_size_adaptive_earnings_book_smooth,optfac,0.0205929187155365,1843,False,False,0.0205929187155365
delivery:alpha_20260701_66ea5325,delivery,0.0205807479881819,621,False,True,-0.0205807479881819
lqtp:Tak_NEW2_EpsYield,lqtp,0.0205789549371988,2573,False,False,0.0205789549371988
lqtp:OAP_IdioVol3F,lqtp,0.020572409245186,2573,False,False,0.020572409245186
lqtp:OAP_recover_IdioVol3F,lqtp,0.020572409245186,2573,False,False,0.020572409245186
lqtp:OAP_recover_RealizedVol,lqtp,0.020572409245186,2573,False,False,0.020572409245186
lqtp:OAP_RealizedVol,lqtp,0.020572409245186,2573,False,False,0.020572409245186
lqtp:TDX_NEW_HSCOL_V01_NEG_STD20,lqtp,0.0205655271500105,2573,False,False,0.0205655271500105
lqtp:OAP_RESCAN3_VolumeTrend_proxy,lqtp,0.0205338739581833,1818,False,True,-0.0205338739581833
lqtp:wzr_price_volume_156,lqtp,0.0205256098044857,2574,False,False,0.0205256098044857
lqtp:PTA2_KST_V15C_SIGNAL_INSTABILITY_EWM,lqtp,0.020519526296211,2543,False,False,0.020519526296211
lqtp:week2_herd_momentum_stress,lqtp,0.0205071950043426,2573,False,False,0.0205071950043426
lqtp:factor_herding_momentum_stress,lqtp,0.0205071950043426,2573,False,False,0.0205071950043426
lqtp:cand_herding_momentum_stress,lqtp,0.0205071950043426,2573,False,False,0.0205071950043426
fm247:Tak_Trd_055_v1_nodef,fm247,0.0204486724921729,110,False,True,-0.0204486724921729
lqtp:Tak_APR_BEST,lqtp,0.0204389205994939,2573,False,False,0.0204389205994939
lqtp:Tak_Fund_041,lqtp,0.0204387816353235,2574,False,False,0.0204387816353235
lqtp:JQ_ALPHA_159,lqtp,0.020386827800434,2573,False,True,-0.020386827800434
fm247:JQ_ALPHA_128_v1_nodef,fm247,0.0203815327489189,124,False,True,-0.0203815327489189
lqtp:Tak_Liq_200,lqtp,0.0203540925618999,2574,False,True,-0.0203540925618999
lqtp:JQ_ALPHA_036,lqtp,0.0203514376143616,2573,False,True,-0.0203514376143616
optfac:price_impact_volatility_adjusted_v2,optfac,0.0202959785634492,1843,False,False,0.0202959785634492
lqtp:factor_asym_vol_30,lqtp,0.0202945412928184,2572,False,False,0.0202945412928184
lqtp:factor_volume_confirmed_ewm,lqtp,0.0202834606008575,2573,False,True,-0.0202834606008575
optfac:asym_ratio_pure,optfac,0.0202763611941487,1843,False,False,0.0202763611941487
optfac:asym_vol_gated,optfac,0.0202763611941487,1843,False,False,0.0202763611941487
lqtp:SW39_AO_MedianPriceMomentumReversal_34_V05_TAIL_GUARD,lqtp,0.0202527489045833,2572,False,False,0.0202527489045833
fmqa:90298bd17226d029,fmqa,0.0202341569000151,2573,False,True,-0.0202341569000151
lqtp:Tak_Vol_186,lqtp,0.0202333072284395,2573,False,True,-0.0202333072284395
lqtp:Tak_Trd_017,lqtp,0.0202333072284395,2573,False,False,0.0202333072284395
lqtp:factor_negative_skew_stress_gated,lqtp,0.0202154208164235,2571,False,False,0.0202154208164235
lqtp:wzr_price_volume_115,lqtp,0.0202128926128163,2574,False,False,0.0202128926128163
lqtp:WQ_ALPHA_055,lqtp,0.0202081148883628,2573,False,False,0.0202081148883628
lqtp:JQ_ALPHA_176,lqtp,0.0202081148883628,2573,False,True,-0.0202081148883628
lqtp:wzr_price_volume_123,lqtp,0.0202080816551364,2574,False,False,0.0202080816551364
fm247:WQ_ALPHA_007_v1_nodef,fm247,0.0202012872530224,130,False,False,0.0202012872530224
lqtp:wzr_price_volume_173,lqtp,0.0201914397780224,2574,False,False,0.0201914397780224
delivery:98f0ec034ad05b66,delivery,0.0201860584420017,578,False,False,0.0201860584420017
optfac:asym_vol_attenuate,optfac,0.0201657976912182,1843,False,False,0.0201657976912182
fm247:JQ_ALPHA_127_v1_nodef,fm247,0.0201613321851585,151,False,True,-0.0201613321851585
lqtp:OAP_CompEquIss,lqtp,0.0201503150329493,1314,False,False,0.0201503150329493
lqtp:OAP_VERIFIED_UNIFIED_CompEquIss,lqtp,0.0201503150329493,1314,False,False,0.0201503150329493
lqtp:OAP_rescue_CompEquIss,lqtp,0.0201503150329493,1314,False,False,0.0201503150329493
optfac:price_impact_downside_vol_adjusted_mut,optfac,0.0201354338122703,1843,False,False,0.0201354338122703
lqtp:JQTA_PCNT_V08_STD20,lqtp,0.0201224335318,2572,False,False,0.0201224335318
fm247:JQ_ALPHA_105_v1_nodef,fm247,0.0201017809329759,128,False,False,0.0201017809329759
lqtp:OAP_GrSaleToGrInv,lqtp,0.0200464149930984,2070,False,False,0.0200464149930984
lqtp:OAP_RESCAN4_GrSaleToGrInv,lqtp,0.0200464149930984,2070,False,False,0.0200464149930984
lqtp:Tak_FTB_NCA,lqtp,0.0200086279759794,2573,False,False,0.0200086279759794
lqtp:Tak_FTB_D15,lqtp,0.0199941702455144,2573,False,False,0.0199941702455144
lqtp:ext_35b6ffaf,lqtp,0.019983075452328,2514,False,False,0.019983075452328
lqtp:Tak_S2_3CHAIN_DEF,lqtp,0.0199825834459405,2573,False,False,0.0199825834459405
fm247:JQ_ALPHA_136_v1_nodef,fm247,0.019980836941865,96,False,False,0.019980836941865
lqtp:alpha_faa78249,lqtp,0.0199755815041832,2569,False,True,-0.0199755815041832
fm247:WQ_ALPHA_002_v1_nodef,fm247,0.0198652739772645,79,False,False,0.0198652739772645
fm247:wzr_price_volume_002_v1_nodef,fm247,0.019858322297432,129,False,False,0.019858322297432
lqtp:alpha_20260701_5d58bc15,lqtp,0.0198369875670914,2574,False,True,-0.0198369875670914
fm247:JQ_ALPHA_016_v1_nodef,fm247,0.0197725617055475,128,False,False,0.0197725617055475
lqtp:cxy_factor_1,lqtp,0.0197669998833487,2573,False,False,0.0197669998833487
lqtp:RunFactor_bf6744,lqtp,0.0197554176145102,2554,False,False,0.0197554176145102
lqtp:Tak_FTB_F04,lqtp,0.0197467021273294,2573,False,False,0.0197467021273294
lqtp:Tak_NEW2_InvTurnover,lqtp,0.0197420207892057,2573,False,False,0.0197420207892057
factmat:squared_range_volume_rank_smoothed_no_cuberoot_flipped,factmat,0.0197079033219468,1875,False,True,-0.0197079033219468
lqtp:EXT_LIB3_MOMERSION_V07_LOWVOL_MEMORY,lqtp,0.0196940599393779,2571,False,True,-0.0196940599393779
lqtp:ext_14f541dd,lqtp,0.019692397814324,2569,False,False,0.019692397814324
optfac:price_impact_downside_vol_adjusted,optfac,0.0196472092462025,1843,False,False,0.0196472092462025
lqtp:Tak_FTB_F10,lqtp,0.0196361254561462,2573,False,False,0.0196361254561462
fm247:WQ_ALPHA_034_v1_nodef,fm247,0.0196345346364611,106,False,False,0.0196345346364611
optfac:price_impact_volatility_adjusted,optfac,0.0196194702809043,1843,False,False,0.0196194702809043
optfac:adaptive_volume_smoothness,optfac,0.019603632591854,1843,False,False,0.019603632591854
lqtp:OAP_RoE,lqtp,0.019584624249216,2574,False,False,0.019584624249216
lqtp:Tak_Fund_007,lqtp,0.019584624249216,2574,False,False,0.019584624249216
lqtp:OAP_VERIFIED_UNIFIED_RoE,lqtp,0.019584624249216,2574,False,False,0.019584624249216
lqtp:probe_roe,lqtp,0.019584624249216,2574,False,False,0.019584624249216
lqtp:RunFactor_e8c8ff,lqtp,0.0195668484110463,2572,False,False,0.0195668484110463
lqtp:week2_stress_dir_w25,lqtp,0.0195511249431909,2573,False,False,0.0195511249431909
optfac:price_impact_vol_adjusted_ema,optfac,0.0195363448301779,1843,False,False,0.0195363448301779
new026:intraday_downside_variance_share_logit,new026,0.0195363258055788,606,False,False,0.0195363258055788
lqtp:factor_vol_regime_trend_smoothed,lqtp,0.0195312327063626,2573,False,True,-0.0195312327063626
cogshort:factor_price_volume_rank_corr__9066ab4ef662b12c_v1,cogshort,0.0195272027898079,2042,False,False,0.0195272027898079
lqtp:Tak_FTB_MKLV,lqtp,0.0194935264261281,2573,False,False,0.0194935264261281
lqtp:SECREV_CHANNEL_PARAM_V07_LOWVOL_ADAPT,lqtp,0.019480805875388,2573,False,False,0.019480805875388
optfac:ts_size_adaptive_earnings_book,optfac,0.0194618827563081,1843,False,False,0.0194618827563081
lqtp:OAP_DelDRC,lqtp,0.0194508130796561,1765,False,False,0.0194508130796561
lqtp:cand_vol_regime_trend_smoothed,lqtp,0.0194496676303123,2573,False,False,0.0194496676303123
lqtp:Tak_STR_S6_NEST,lqtp,0.019448213042028,2554,False,False,0.019448213042028
lqtp:ext_a036d4cb,lqtp,0.0194390141490859,2573,False,False,0.0194390141490859
lqtp:wzr_price_volume_200,lqtp,0.0194354279712299,1976,False,False,0.0194354279712299
lqtp:wzr_price_volume_112,lqtp,0.0194321761981403,2574,False,False,0.0194321761981403
fm247:WQ_ALPHA_004_v1_nodef,fm247,0.0194274877192683,152,False,False,0.0194274877192683
lqtp:Tak_FTB_DEF,lqtp,0.0194255863951806,2573,False,False,0.0194255863951806
lqtp:Tak_Exp_001,lqtp,0.0194227755368768,2573,False,True,-0.0194227755368768
lqtp:Tak_S2_PRICEPOS,lqtp,0.0194141816124402,2554,False,False,0.0194141816124402
new026:pv_dir_alignment,new026,0.0193840391179052,607,False,False,0.0193840391179052
factmat:persistence_ewma,factmat,0.0193653491254616,1901,False,False,0.0193653491254616
fm247:7fde0f360636206f,fm247,0.0193352387633807,65,False,True,-0.0193352387633807
lqtp:OAP_PROXY_BM_proxy2,lqtp,0.0192664177378754,2574,False,False,0.0192664177378754
lqtp:OAP_RESCAN_BM_proxy,lqtp,0.0192664177378754,2574,False,False,0.0192664177378754
lqtp:Tak_TSC_TC_MOM63,lqtp,0.0192213028489237,2554,False,False,0.0192213028489237
lqtp:Tak_XP_DEF_N5M20,lqtp,0.0192099697986028,2573,False,False,0.0192099697986028
factmat:volume_adjusted_price_range_regime_smoothed_v2_flipped,factmat,0.0192013533721877,1903,False,True,-0.0192013533721877
delivery:alpha_20260702_98ed259d,delivery,0.0191824743033335,621,False,True,-0.0191824743033335
lqtp:week2_stress_dir_clip25,lqtp,0.019172775403942,2573,False,False,0.019172775403942
fm247:alpha_20260701_f5d88d1a,fm247,0.0191297687518873,152,False,True,-0.0191297687518873
lqtp:week2_stress_accum_dir_vol,lqtp,0.0190973134711908,2573,False,False,0.0190973134711908
lqtp:Tak_FTB_F11,lqtp,0.0190822523231038,2573,False,False,0.0190822523231038
lqtp:OAP_RESCAN4_RDcap,lqtp,0.0190260851403631,968,False,False,0.0190260851403631
lqtp:OAP_RDcap,lqtp,0.0190260851403631,968,False,False,0.0190260851403631
lqtp:THS_NEW_VSTD_THS_V21_LOWVOL_SIGNAL_CONFLICT,lqtp,0.0190216735892329,2573,False,True,-0.0190216735892329
lqtp:EXT_LIB3_HEIKIN_ASHI_STRUCTURE_V07_LOWVOL_MEMORY,lqtp,0.0190034656642379,2573,False,True,-0.0190034656642379
lqtp:JQ_ALPHA_084,lqtp,0.0189632546149806,2573,False,True,-0.0189632546149806
lqtp:Tak_Trd_018,lqtp,0.0189632546149806,2573,False,True,-0.0189632546149806
lqtp:Tak_Rel_013,lqtp,0.0189545971326719,2572,False,True,-0.0189545971326719
lqtp:wzr_price_volume_293,lqtp,0.0189389478487166,2573,False,True,-0.0189389478487166
lqtp:wzr_price_volume_177,lqtp,0.0189285092616867,2539,False,True,-0.0189285092616867
factmat:volume_adjusted_price_range_regime_v3_flipped,factmat,0.0188857423454533,1903,False,True,-0.0188857423454533
factmat:volume_adjusted_price_range_regime_smoothed_flipped,factmat,0.0188857201790994,1903,False,True,-0.0188857201790994
optfac:persistence_ewma,optfac,0.0188841713438396,1843,False,False,0.0188841713438396
lqtp:OAP_RevenueSurprise_Proxy,lqtp,0.0188809112663649,2321,False,False,0.0188809112663649
optfac:price_impact_vol_adjusted_ema_longer,optfac,0.0188557886810676,1843,False,False,0.0188557886810676
lqtp:EXT_LIB3_PRICE_MOMENTUM_OSC_V03_NEG_STD20,lqtp,0.0188109137974507,2563,False,False,0.0188109137974507
lqtp:RunFactor_7ba85d,lqtp,0.0188108396791972,2571,False,False,0.0188108396791972
lqtp:THS_NEW_WINNER_ACCEPT_PROXY_V22_SKEW_STABLE_CONFIRM,lqtp,0.0187602490630074,2572,False,False,0.0187602490630074
lqtp:RunFactor_710090,lqtp,0.0187602490630074,2572,False,False,0.0187602490630074
lqtp:Tak_Val_091,lqtp,0.0187423848010197,2574,False,False,0.0187423848010197
fm247:JQ_ALPHA_045_v1_nodef,fm247,0.0187349094432252,124,False,True,-0.0187349094432252
lqtp:cand_gpdev_volregime_ema10,lqtp,0.0187281896908173,2573,False,True,-0.0187281896908173
optfac:volatility_regime_momentum,optfac,0.0187211601933792,1843,False,False,0.0187211601933792
lqtp:OAP_STD_FIX_BM,lqtp,0.0186925915253762,2574,False,False,0.0186925915253762
lqtp:OAP_VERIFIED_UNIFIED_BM,lqtp,0.0186925915253762,2574,False,False,0.0186925915253762
lqtp:OAP_BetaFP,lqtp,0.0186585403054907,2155,False,True,-0.0186585403054907
lqtp:OAP_Beta,lqtp,0.0186585403054907,2155,False,True,-0.0186585403054907
optfac:price_impact_vol_adjusted_with_asymmetry,optfac,0.0186580589869079,1843,False,False,0.0186580589869079
lqtp:ext_3b68cb65,lqtp,0.0186467412286626,2568,False,False,0.0186467412286626
lqtp:Tak_TECH_LONG,lqtp,0.0186044736763277,2554,False,False,0.0186044736763277
factmat:smoothed_left_tail_variance_share_flipped,factmat,0.0185998666187119,1883,False,False,0.0185998666187119
new026:skew_weighted_volume_event_intensity,new026,0.018596978079062,242,False,False,0.018596978079062
new026:skew_weighted_volume_event_intensity_close,new026,0.018596978079062,242,False,False,0.018596978079062
fm247:WQ_ALPHA_017_v1_nodef,fm247,0.018534836432631,110,False,False,0.018534836432631
lqtp:Tak_FTB_CUR,lqtp,0.0185321232212414,2573,False,False,0.0185321232212414
lqtp:arch_vol_fast,lqtp,0.0185294109357499,2573,False,True,-0.0185294109357499
cogfull:factor_vol_asym_tail_volume__2f2a6ccba71accd1_v1,cogfull,0.0185182302382975,2061,False,False,0.0185182302382975
delivery:alpha_20260701_2f5c25fe,delivery,0.0184976288824051,621,False,False,0.0184976288824051
lqtp:Tak_FTB_FXTU,lqtp,0.0184944985226218,2573,False,False,0.0184944985226218
lqtp:Tak_TECH_CURR,lqtp,0.0184706389120344,2554,False,False,0.0184706389120344
optfac:impact_weighted_asymmetry_slow_30,optfac,0.0184704132598948,1843,False,False,0.0184704132598948
lqtp:JQ_ALPHA_152,lqtp,0.0184646849420789,2551,False,True,-0.0184646849420789
lqtp:ext_d09a8963,lqtp,0.0184559874668505,2572,False,False,0.0184559874668505
fm247:factor_volume_weighted_range_signed_sqrt_v1_nodef,fm247,0.0184293798414807,142,False,True,-0.0184293798414807
lqtp:JQ_ALPHA_181,lqtp,0.0184281452596317,2572,False,False,0.0184281452596317
cogshort:factor_volume_stability_corr_gate__a9d2501ff4a8144b_v1,cogshort,0.0184208550568328,2061,False,False,0.0184208550568328
lqtp:Tak_XP_CUR_N5M20,lqtp,0.0183732147898068,2573,False,False,0.0183732147898068
fm247:factor_vol_regime_vol_ratio_v1_nodef,fm247,0.0183702357851916,141,False,True,-0.0183702357851916
lqtp:RunFactor_f0e201,lqtp,0.0182943131405706,2569,False,False,0.0182943131405706
cogshort:factor_vwap_sma_vol_persistence_volnorm__7d52ba5715a5b809_v1,cogshort,0.0182527545613675,2062,False,False,0.0182527545613675
optfac:asym_vol_30,optfac,0.0182475687058153,1843,False,False,0.0182475687058153
optfac:downside_upside_vol_ratio_short,optfac,0.0182413127728,1843,False,False,0.0182413127728
lqtp:OAP_ReturnSkew3F_Proxy,lqtp,0.0182336178651801,2554,False,False,0.0182336178651801
fm247:43727f7f7b2ba487,fm247,0.0182276547692844,129,False,True,-0.0182276547692844
factmat:volume_adjusted_price_range_regime_v2_flipped,factmat,0.0182263394949659,1889,False,True,-0.0182263394949659
fm247:factor_drawdown_vol_simple_v1_nodef,fm247,0.0181711964201454,149,False,False,0.0181711964201454
lqtp:THS_NEW_ENERGY_ACC_V17_MULTI_SCALE_CONSENSUS,lqtp,0.0181570109441703,2574,False,False,0.0181570109441703
cogfull:factor_range_vol_of_vol_median_stable__3b4d309c6e53e67f_v1,cogfull,0.0181453941446587,2062,False,False,0.0181453941446587
lqtp:ext_5af301be,lqtp,0.0181285879954628,2573,False,False,0.0181285879954628
fmqa:38cd4f77966c72f5,fmqa,0.0181001816307506,2573,False,True,-0.0181001816307506
lqtp:Tak_FUS_ADD_COMBO,lqtp,0.0180983959092334,2573,False,False,0.0180983959092334
lqtp:wzr_price_volume_010,lqtp,0.0180781081163391,2573,False,False,0.0180781081163391
lqtp:Tak_Trd_022,lqtp,0.0180769557578098,2574,False,True,-0.0180769557578098
fm247:factor_volume_confirmed_ewm_v1_nodef,fm247,0.0180399368184135,146,False,True,-0.0180399368184135
delivery:alpha_20260702_2b6790b5,delivery,0.0179890550475918,621,False,False,0.0179890550475918
lqtp:JQ_ALPHA_064,lqtp,0.0179866594143357,2573,False,False,0.0179866594143357
lqtp:week2_vol_gated_surge,lqtp,0.0179821824397022,2573,False,False,0.0179821824397022
delivery:154a51fe952b5243,delivery,0.0179775184688523,119,False,True,-0.0179775184688523
lqtp:wzr_price_volume_082,lqtp,0.0179596250964569,2573,False,False,0.0179596250964569
lqtp:THS_NEW_REL_POS_2Y_V03_CROWD_REV20,lqtp,0.0179568394339107,2554,False,False,0.0179568394339107
lqtp:OAP_VERIFIED_UNIFIED_SP,lqtp,0.0179531702764532,2574,False,False,0.0179531702764532
lqtp:OAP_SP,lqtp,0.0179531702764532,2574,False,False,0.0179531702764532
lqtp:PTA2_ACOS_V15C_SIGNAL_INSTABILITY_EWM,lqtp,0.0179017800936698,2573,False,False,0.0179017800936698
lqtp:OAP_GrSaleToGrInv_Proxy,lqtp,0.0178939763189097,2574,False,False,0.0178939763189097
optfac:asymmetry_positive,optfac,0.017878770518931,1843,False,True,-0.017878770518931
lqtp:wzr_price_volume_378,lqtp,0.0178574792524674,2573,False,True,-0.0178574792524674
lqtp:SW39_TSI_DoubleSmoothImpulse_25_V05_TAIL_GUARD,lqtp,0.0178501369385417,2572,False,False,0.0178501369385417
lqtp:Tak_NEW2_AdminEfficiency,lqtp,0.0178241653453531,2573,False,False,0.0178241653453531
cogshort:factor_momentum_vol_ratio__996bf4cc6f8143b9_v1,cogshort,0.0177770656883397,2067,False,False,0.0177770656883397
optfac:float_conditioned_book_cheapness_v2,optfac,0.0177268950824407,1843,False,False,0.0177268950824407
lqtp:Tak_Sent_063,lqtp,0.0177253375739773,2574,False,False,0.0177253375739773
lqtp:Tak_Vol_066,lqtp,0.0177253375739773,2574,False,False,0.0177253375739773
lqtp:wzr_price_volume_008,lqtp,0.0177253375739773,2574,False,False,0.0177253375739773
lqtp:OAP_RevenueSurprise,lqtp,0.0176950769772138,2321,False,False,0.0176950769772138
delivery:d2599c1d50b02ad1,delivery,0.0176938564378374,579,False,False,0.0176938564378374
lqtp:wzr_price_volume_100,lqtp,0.0176875288077862,2324,False,False,0.0176875288077862
lqtp:RunFactor_f24f3f,lqtp,0.0176411359973839,2569,False,False,0.0176411359973839
lqtp:alpha_20260701_f487f8ba,lqtp,0.0175993252875002,2574,False,False,0.0175993252875002
factmat:vol_regime_impact_ema_flipped,factmat,0.0175696504171631,1894,False,True,-0.0175696504171631
optfac:float_conditioned_book_cheapness,optfac,0.017539671557839,1843,False,False,0.017539671557839
lqtp:alpha_20260701_bb4a002c,lqtp,0.0175247690113528,2573,False,True,-0.0175247690113528
optfac:size_gated_float_conditioned_cheapness,optfac,0.0175213734766022,1843,False,False,0.0175213734766022
lqtp:OAP_EarningsSurprise_Proxy,lqtp,0.0175182207969015,2551,False,False,0.0175182207969015
lqtp:THS_NEW_GAME_TREND_V12_COMPOSITE,lqtp,0.0175055514129749,2554,False,True,-0.0175055514129749
fm247:JQ_ALPHA_032_v1_nodef,fm247,0.0175046327401304,127,False,False,0.0175046327401304
lqtp:OAP_RESCAN4_ChAssetTurnover,lqtp,0.0174900124200842,2070,False,False,0.0174900124200842
lqtp:JQ_ALPHA_151,lqtp,0.0174814587719288,2554,False,True,-0.0174814587719288
lqtp:JQTA_DBLB_V08_STD20,lqtp,0.0174743036112758,2573,False,False,0.0174743036112758
lqtp:JQTA_SG-LB_V08_STD20,lqtp,0.0174743036112758,2573,False,False,0.0174743036112758
lqtp:JQTA_DMA_V04_VOLUME_CONFIRM,lqtp,0.0174739058855494,2564,False,True,-0.0174739058855494
lqtp:OAP_ShareIss5Y,lqtp,0.0174631970610622,1314,False,False,0.0174631970610622
lqtp:OAP_recover_ShareIss5Y,lqtp,0.0174631970610622,1314,False,False,0.0174631970610622
lqtp:Tak_Vol_001,lqtp,0.0174522013505486,2573,False,False,0.0174522013505486
lqtp:SW39_LeadLag_FastSlowTrendSpread_30_V04_VOLUME_CONFIRM,lqtp,0.0174502662314873,2574,False,False,0.0174502662314873
factmat:squared_range_close_ema_cuberoot_flipped,factmat,0.017441460029896,1894,False,True,-0.017441460029896
fm247:alpha_20260702_43c76a50,fm247,0.0174364334401003,152,False,True,-0.0174364334401003
fm247:JQ_ALPHA_069_v1_nodef,fm247,0.0174336870717325,129,False,True,-0.0174336870717325
lqtp:SECREV2_OBV_PARAM_V04_LOWVOL_REV_AMT,lqtp,0.0174282433276939,2573,False,True,-0.0174282433276939
factmat:persistence,factmat,0.0174272036269238,1901,False,False,0.0174272036269238
optfac:drawdown_atr_recovery,optfac,0.0174024753002444,1843,False,True,-0.0174024753002444
lqtp:EXT_LIB3_DISTANCE_HIGH_LOW_V08_RET_DIVERGENCE20,lqtp,0.0173922668872283,2554,False,False,0.0173922668872283
lqtp:JQ_ALPHA_144,lqtp,0.0173912429908091,2573,False,False,0.0173912429908091
factmat:drawdown_volume_complexity,factmat,0.01737960793351,1879,False,False,0.01737960793351
lqtp:WQ_ALPHA_108,lqtp,0.0173786980437819,2562,False,False,0.0173786980437819
lqtp:OAP_RESCAN4_CompositeDebtIssuance,lqtp,0.0173715576999527,1314,False,False,0.0173715576999527
lqtp:OAP_CompositeDebtIssuance,lqtp,0.0173715576999527,1314,False,False,0.0173715576999527
optfac:float_conditioned_cheapness_ztrim,optfac,0.0173549162767755,1843,False,False,0.0173549162767755
lqtp:SW39_MASS_RangeExpansionReversal_25_V05_TAIL_GUARD,lqtp,0.0173441619658299,2554,False,False,0.0173441619658299
optfac:float_conditioned_cheapness_winsorized,optfac,0.017316241054197,1843,False,False,0.017316241054197
lqtp:Tak_ALT_DownsideVol,lqtp,0.0172739018304493,2572,False,False,0.0172739018304493
lqtp:WQ_ALPHA_027,lqtp,0.0172627293948093,2573,False,False,0.0172627293948093
factmat:vwap_adjusted_range_tanh_smooth_flipped,factmat,0.0172478074973406,1874,False,True,-0.0172478074973406
lqtp:JQ_ALPHA_040,lqtp,0.0172387850379378,2573,False,True,-0.0172387850379378
lqtp:THS_NEW_STDERR_V01_LOW_STATE_AMT,lqtp,0.0172314564186121,2573,False,False,0.0172314564186121
lqtp:THS_NEW_BOLL_WIDTH_OPT_V01_LOW_STATE_AMT,lqtp,0.0172314564186121,2573,False,False,0.0172314564186121
lqtp:SECREV2_CCI_PARAM_V08_STABLE_LOWVOL,lqtp,0.017203198938581,2572,False,True,-0.017203198938581
optfac:persistence,optfac,0.0171640586482761,1843,False,False,0.0171640586482761
factmat:volume_adjusted_price_range_ema_gated,factmat,0.0171388872640256,1894,False,True,-0.0171388872640256
lqtp:Tak_Liq_197,lqtp,0.0171082730070798,2573,False,False,0.0171082730070798
lqtp:alpha_20260701_57e30cff,lqtp,0.0171082312216633,2573,False,True,-0.0171082312216633
fm247:d844945d63ab4f4b,fm247,0.0170999612885711,590,False,False,0.0170999612885711
lqtp:OAP_VERIFIED_UNIFIED_IntMom,lqtp,0.0170923380959973,2301,False,False,0.0170923380959973
optfac:value_small_size_quality_filter,optfac,0.0170854423887015,1843,False,False,0.0170854423887015
lqtp:RunFactor_7db49b,lqtp,0.0170809946875571,2573,False,True,-0.0170809946875571
lqtp:JQTA_JYJL_V08_STD20,lqtp,0.0170553078426746,2573,False,False,0.0170553078426746
lqtp:EXT_LIB3_RELATIVE_DAILY_VOLUME_V03_NEG_STD20,lqtp,0.0170553078426746,2573,False,False,0.0170553078426746
lqtp:wzr_price_volume_132,lqtp,0.0170505635683849,2554,False,False,0.0170505635683849
lqtp:ext_2b3d9cff,lqtp,0.0170371010621384,2572,False,True,-0.0170371010621384
lqtp:Tak_XP_DEF_N20M10,lqtp,0.0170343002568025,2573,False,False,0.0170343002568025
lqtp:SECREV2_BOLL_PARAM_V08_STABLE_LOWVOL,lqtp,0.0170193642107467,2572,False,True,-0.0170193642107467
fmqa:a313f83be74cdbde,fmqa,0.016997894667558,2573,False,True,-0.016997894667558
fm247:alpha_20260703_ef5302fe,fm247,0.0169615990573863,129,False,True,-0.0169615990573863
factmat:volume_adjusted_price_range_gated_flipped,factmat,0.0169589745935143,1894,False,True,-0.0169589745935143
factmat:volume_adjusted_price_range_regime_flipped,factmat,0.0169589745935143,1894,False,True,-0.0169589745935143
lqtp:Tak_XP_DEF_N5M10,lqtp,0.0169561948005448,2573,False,False,0.0169561948005448
lqtp:OAP_rescue_roaq,lqtp,0.0169552252686075,2574,False,False,0.0169552252686075
lqtp:OAP_VERIFIED_UNIFIED_roaq,lqtp,0.0169552252686075,2574,False,False,0.0169552252686075
factmat:volume_adjusted_price_range_ema_flipped,factmat,0.0169306757352667,1894,False,True,-0.0169306757352667
fm247:Tak_Trd_109_v1_nodef,fm247,0.0169269730384588,152,False,False,0.0169269730384588
cogfull:factor_fusion_flow_regime_beta__453c3f997f85f0ff_v1,cogfull,0.0169207829524153,2071,False,False,0.0169207829524153
optfac:book_yield_leverage_roa_simplified,optfac,0.0169143730378685,1843,False,False,0.0169143730378685
optfac:book_yield_leverage_roa,optfac,0.0169143730378685,1843,False,False,0.0169143730378685
optfac:book_yield_adjusted_for_smooth_leverage,optfac,0.0169139348828518,1843,False,False,0.0169139348828518
optfac:book_yield_adjusted_for_leverage,optfac,0.0169139348828518,1843,False,False,0.0169139348828518
optfac:book_yield_solvency,optfac,0.0169139348828518,1843,False,False,0.0169139348828518
optfac:cheapness_bv_adjusted,optfac,0.0169139348828518,1843,False,False,0.0169139348828518
optfac:levered_book_yield,optfac,0.0169139348828518,1843,False,False,0.0169139348828518
optfac:book_yield_leverage,optfac,0.0169139348828518,1843,False,False,0.0169139348828518
cogfull:factor_range_vol_of_vol_signed_power__ca8214af417bf33d_v1,cogfull,0.0169082822558873,2062,False,False,0.0169082822558873
lqtp:RunFactor_3719b9,lqtp,0.0169042998587507,2569,False,False,0.0169042998587507
optfac:simplified_leverage_adjusted_book_yield,optfac,0.0168827912517315,1843,False,False,0.0168827912517315
optfac:leverage_adjusted_book_yield,optfac,0.0168827912517315,1843,False,False,0.0168827912517315
lqtp:JQ_ALPHA_090,lqtp,0.0168656704132319,2573,False,False,0.0168656704132319
lqtp:JQ_ALPHA_103,lqtp,0.0168525395170387,2573,False,False,0.0168525395170387
lqtp:OAP_VERIFIED_UNIFIED_STreversal,lqtp,0.0168428438545095,2553,False,False,0.0168428438545095
lqtp:OAP_STreversal,lqtp,0.0168428438545095,2553,False,False,0.0168428438545095
lqtp:wzr_price_volume_162,lqtp,0.01683227937485,2574,False,False,0.01683227937485
factmat:volume_adjusted_price_range,factmat,0.0167903644953932,1899,False,True,-0.0167903644953932
lqtp:THS_NEW_QL_LONG_V12_COMPOSITE,lqtp,0.0167833339428377,2554,False,True,-0.0167833339428377
factmat:asym_vol_volume_cont_30,factmat,0.0167799384791275,1873,False,False,0.0167799384791275
optfac:value_health,optfac,0.0167713276592759,1843,False,False,0.0167713276592759
optfac:value_quality_simple,optfac,0.0167713276592759,1843,False,False,0.0167713276592759
optfac:improving_quality_value,optfac,0.0167361162415766,1843,False,False,0.0167361162415766
lqtp:wzr_price_volume_344,lqtp,0.0166997902982205,2570,False,False,0.0166997902982205
lqtp:PTA2_DRAWDOWN_V15C_SIGNAL_INSTABILITY_EWM,lqtp,0.0166933480155506,2573,False,False,0.0166933480155506
lqtp:wzr_price_volume_227,lqtp,0.0166666467816509,2574,False,False,0.0166666467816509
cogfull:factor_range_vol_of_vol_compressed__e695dcadeff49a24_v1,cogfull,0.0166428755572102,2062,False,False,0.0166428755572102
lqtp:SW39_BIAS_MeanDeviationReversion_20_V05_TAIL_GUARD,lqtp,0.0166157761509922,2572,False,False,0.0166157761509922
lqtp:JQ_ALPHA_016,lqtp,0.016579027899034,2573,False,False,0.016579027899034
lqtp:WQ_ALPHA_050,lqtp,0.016579027899034,2573,False,False,0.016579027899034
optfac:drawdown_normalized,optfac,0.0165603042897289,1843,False,True,-0.0165603042897289
optfac:drawdown_recovery,optfac,0.0165603042897289,1843,False,True,-0.0165603042897289
lqtp:EXT_REFINE_CDLMATHOLD_R08_REV20_AMT,lqtp,0.0165488857794569,2553,False,True,-0.0165488857794569
lqtp:alpha_20260702_68529a49,lqtp,0.0165391392430593,2554,False,False,0.0165391392430593
optfac:smoothed_leverage_adjusted_book_yield,optfac,0.0165389156391759,1843,False,False,0.0165389156391759
lqtp:TDX_NEW_RGBAND_V02_LOW_STATE_AMT,lqtp,0.0165165169607088,2572,False,False,0.0165165169607088
lqtp:JQTA_BRAR_V01_BASE,lqtp,0.016463389498184,2574,False,False,0.016463389498184
optfac:leverage_adjusted_book_yield_smoothed,optfac,0.0164363460835162,1843,False,False,0.0164363460835162
lqtp:Tak_Fund_045,lqtp,0.0164163272088467,2574,False,False,0.0164163272088467
optfac:drawdown_stress_smoothed,optfac,0.0163906251103584,1843,False,False,0.0163906251103584
lqtp:OAP_roaq,lqtp,0.0163784421249897,2511,False,False,0.0163784421249897
lqtp:wzr_price_volume_065,lqtp,0.0163622458252082,2562,False,False,0.0163622458252082
delivery:alpha_20260701_5685f3e9,delivery,0.016357429166015,621,False,False,0.016357429166015
lqtp:TDX_NEW_WAVEKX_V02_LOW_STATE_AMT,lqtp,0.0162889372842608,2570,False,False,0.0162889372842608
lqtp:RunFactor_f4f94e,lqtp,0.0162582303993267,2568,False,True,-0.0162582303993267
fm247:WQ_ALPHA_075_v1_nodef,fm247,0.0162532511369803,102,False,False,0.0162532511369803
optfac:asym_vol_volume_cont_30,optfac,0.0162525333806335,1843,False,False,0.0162525333806335
new026:intraday_conviction_volume_gate,new026,0.0162389612101941,607,False,False,0.0162389612101941
lqtp:EXT_LIB3_GOPALAKRISHNAN_RANGE_V08_RET_DIVERGENCE20,lqtp,0.0162177697555193,2554,False,False,0.0162177697555193
lqtp:Tak_Trd_030,lqtp,0.01620065522131,2514,False,True,-0.01620065522131
lqtp:RunFactor_ba180d,lqtp,0.0161999202857132,2573,False,False,0.0161999202857132
lqtp:ext_c2ef363a,lqtp,0.016191530979055,2514,False,False,0.016191530979055
lqtp:wzr_price_volume_099,lqtp,0.0161651551074963,2324,False,False,0.0161651551074963
lqtp:alpha_20260701_549b43e6,lqtp,0.0161641481142779,2569,False,True,-0.0161641481142779
fm247:JQ_ALPHA_123_v1_nodef,fm247,0.0161522821090005,118,False,True,-0.0161522821090005
factmat:smoothed_energy_downside_resilience_8span_flipped,factmat,0.0161375323605161,1876,False,True,-0.0161375323605161
lqtp:EXT_LIB3_HURST_RS_PROXY_V08_RET_DIVERGENCE20,lqtp,0.0161327731309443,2554,False,False,0.0161327731309443
delivery:alpha_20260702_103250fe,delivery,0.0161143902525154,621,False,False,0.0161143902525154
lqtp:RunFactor_7e140f,lqtp,0.0160958821341639,2572,False,False,0.0160958821341639
lqtp:Tak_MTF_MA_Div,lqtp,0.0160816110206712,2573,False,False,0.0160816110206712
factmat:ewma_smoothness_volume,factmat,0.0160530705029039,1892,False,False,0.0160530705029039
lqtp:RunFactor_644b32,lqtp,0.0160501103402767,2553,False,False,0.0160501103402767
lqtp:OAP_recover_DolVol,lqtp,0.0160235488048449,2532,False,False,0.0160235488048449
lqtp:OAP_DolVol,lqtp,0.0160235488048449,2532,False,False,0.0160235488048449
lqtp:OAP_VERIFIED_UNIFIED_DolVol,lqtp,0.0160235488048449,2532,False,False,0.0160235488048449
lqtp:wzr_price_volume_300,lqtp,0.0160132137282632,2574,False,False,0.0160132137282632
fm247:WQ_ALPHA_010_v1_nodef,fm247,0.0159969016030379,129,False,False,0.0159969016030379
lqtp:RunFactor_7615c4,lqtp,0.0159896774500409,2572,False,False,0.0159896774500409
lqtp:RunFactor_def0d0,lqtp,0.0159681708946084,2564,False,True,-0.0159681708946084
lqtp:factor_asym_vol_volume_cont_30,lqtp,0.0159580693502872,2572,False,False,0.0159580693502872
lqtp:OAP_AUDIT_MomRev_rankspread,lqtp,0.0159470389526368,1797,False,False,0.0159470389526368
cogfull:factor_vol_asym_tail_volume_60volwin__12a74f1402b32dd1_v1,cogfull,0.015937889218271,2061,False,False,0.015937889218271
fm247:JQ_ALPHA_191_v1_nodef,fm247,0.0159358442874733,106,False,False,0.0159358442874733
lqtp:OAP_VERIFIED_UNIFIED_DelCOL,lqtp,0.0159265899426237,2324,False,True,-0.0159265899426237
lqtp:OAP_RESCAN_DelCOL,lqtp,0.0159265899426237,2324,False,True,-0.0159265899426237
lqtp:Tak_FUS_HYB2,lqtp,0.015920737695689,2573,False,False,0.015920737695689
lqtp:RunFactor_096ba3,lqtp,0.0159195117498138,2569,False,True,-0.0159195117498138
lqtp:THS_NEW_SG_BRAIN_V01_LOW_STATE_AMT,lqtp,0.0159015531118868,2574,False,False,0.0159015531118868
fm247:fe304ef9dfcf0fa1,fm247,0.0158962707149869,596,False,False,0.0158962707149869
lqtp:JQTA_DBQRV_V08_STD20,lqtp,0.0158550317599827,2568,False,False,0.0158550317599827
lqtp:wzr_price_volume_158,lqtp,0.0158432561005179,2574,False,True,-0.0158432561005179
lqtp:TDX_NEW_PRICEV_V02_LOW_STATE_AMT,lqtp,0.0158414153388169,2573,False,False,0.0158414153388169
fm247:alpha_20260702_2ecf7333,fm247,0.0158397780551585,152,False,False,0.0158397780551585
lqtp:wzr_price_volume_328,lqtp,0.015833672770078,2561,False,False,0.015833672770078
lqtp:Tak_Trd_036,lqtp,0.0158290263884974,2554,False,False,0.0158290263884974
lqtp:wzr_price_volume_138,lqtp,0.0158290263884974,2554,False,True,-0.0158290263884974
lqtp:wzr_price_volume_137,lqtp,0.0158290263884974,2554,False,True,-0.0158290263884974
lqtp:Tak_Trd_111,lqtp,0.0158290263884974,2554,False,True,-0.0158290263884974
lqtp:Tak_Trd_248,lqtp,0.0158289827407533,2554,False,True,-0.0158289827407533
lqtp:JQ_ALPHA_088,lqtp,0.0158289827407533,2554,False,True,-0.0158289827407533
lqtp:factor_volume_surge_persistence,lqtp,0.0158221952872598,2572,False,True,-0.0158221952872598
lqtp:cand_volume_surge_persistence,lqtp,0.0158221952872598,2572,False,False,0.0158221952872598
lqtp:ext_abe447a6,lqtp,0.0158109501099382,2554,False,False,0.0158109501099382
delivery:alpha_20260701_149b529b,delivery,0.0158068575792395,621,False,False,0.0158068575792395
lqtp:alpha_20260701_5685f3e9,lqtp,0.0158064960680163,2573,False,False,0.0158064960680163
optfac:drawdown_stress_extra_smoothed,optfac,0.0157967499235529,1843,False,False,0.0157967499235529
lqtp:wzr_price_volume_023,lqtp,0.0157808053195616,2574,False,True,-0.0157808053195616
lqtp:JQ_ALPHA_032,lqtp,0.0157405338120172,2573,False,False,0.0157405338120172
lqtp:WQ_ALPHA_015,lqtp,0.0157405338120172,2573,False,False,0.0157405338120172
fm247:JQ_ALPHA_170_v1_nodef,fm247,0.0157394219596362,78,False,False,0.0157394219596362
lqtp:Tak_MTF_MomAlign,lqtp,0.015733588365536,2514,False,False,0.015733588365536
lqtp:OAP_RESCAN5_zerotrade6M,lqtp,0.0157293414976904,2469,False,False,0.0157293414976904
lqtp:Tak_XP_CUR_N5M10,lqtp,0.0157099175206665,2573,False,False,0.0157099175206665
lqtp:week2_vol_confirm_ewm,lqtp,0.0156768035860717,2569,False,False,0.0156768035860717
cogshort:factor_trend_regime_momentum__1712739e86353584_v1,cogshort,0.0156619882114865,2032,False,False,0.0156619882114865
lqtp:JQ_ALPHA_172,lqtp,0.0156535148184394,2572,False,False,0.0156535148184394
lqtp:RunFactor_71d44f,lqtp,0.0156163591712747,2573,False,True,-0.0156163591712747
cogfull:factor_price_volume_ratio_beta__fcbaa09f13f130a6_v1,cogfull,0.0156141627317368,2061,False,False,0.0156141627317368
cogfull:factor_range_vol_of_vol_ratio__d486188401c9c527_v1,cogfull,0.0156049963485952,2062,False,False,0.0156049963485952
optfac:vol_gated_momentum_v2,optfac,0.0155878097788321,1843,False,True,-0.0155878097788321
lqtp:rc_amt_ret_20,lqtp,0.0155754629152301,2572,False,True,-0.0155754629152301
lqtp:Tak_FTB_D5D,lqtp,0.0155402872037659,2573,False,False,0.0155402872037659
lqtp:OAP_VERIFIED_UNIFIED_GP,lqtp,0.0155314626054905,2574,False,False,0.0155314626054905
lqtp:OAP_GP,lqtp,0.0155314626054905,2574,False,False,0.0155314626054905
optfac:book_attention,optfac,0.0155118010360578,1843,False,False,0.0155118010360578
lqtp:THS_NEW_SHORT_MASTER_V01_LOW_STATE_AMT,lqtp,0.0154850556672352,2569,False,False,0.0154850556672352
lqtp:wzr_price_volume_330,lqtp,0.0154574675862153,2571,False,False,0.0154574675862153
lqtp:OAP_RESCAN3_dNoa_proxy,lqtp,0.0154557580163337,2324,False,False,0.0154557580163337
lqtp:Tak_NEW2_Goodwill_Risk,lqtp,0.0154302391586391,2573,False,False,0.0154302391586391
cogfull:factor_price_volume_sign_coherence__9af9c7a7f776a8f6_v1,cogfull,0.0154156773328213,2061,False,False,0.0154156773328213
cogfull:factor_price_volume_sign_coherence_simple__8dc0adc0ff1b2154_v1,cogfull,0.0154156773328213,2061,False,False,0.0154156773328213
lqtp:Tak_Fund_151,lqtp,0.0154155954612596,2322,False,False,0.0154155954612596
lqtp:THS_NEW_LEADING_BOLL_V12_COMPOSITE,lqtp,0.0154068366320452,2573,False,True,-0.0154068366320452
factmat:drawdown_depth_atr_gated,factmat,0.0154055375748745,1841,False,False,0.0154055375748745
optfac:asym_vol_regime,optfac,0.0153901978169599,1843,False,False,0.0153901978169599
lqtp:OAP_OrgCap,lqtp,0.0153670677838079,1818,False,True,-0.0153670677838079
factmat:ewm_downside_variance_resilience,factmat,0.0153593466167385,1879,False,True,-0.0153593466167385
lqtp:factor_resvol_volume_momentum,lqtp,0.0153503466854247,2569,False,False,0.0153503466854247
fm247:c63f00bca8822e7b,fm247,0.0153473732067059,597,False,False,0.0153473732067059
lqtp:Tak_FTB_F01,lqtp,0.0153374699889748,2522,False,False,0.0153374699889748
lqtp:OAP_EarningsSurprise,lqtp,0.0153117963577641,2299,False,False,0.0153117963577641
fm247:alpha_20260702_6ce5f556,fm247,0.0152805811586514,111,False,False,0.0152805811586514
fm247:alpha_20260701_1be3b8c3,fm247,0.0152519531244775,152,False,False,0.0152519531244775
lqtp:wzr_price_volume_081,lqtp,0.0152519293258632,2545,False,False,0.0152519293258632
lqtp:Tak_TECH_VOLCON,lqtp,0.0152418825394402,2554,False,False,0.0152418825394402
lqtp:alpha_20260702_6d5f848e,lqtp,0.0152204000597454,2569,False,True,-0.0152204000597454
lqtp:OAP_PctAcc,lqtp,0.0152119559146354,2574,False,False,0.0152119559146354
lqtp:OAP_VERIFIED_UNIFIED_PctAcc,lqtp,0.0152119559146354,2574,False,False,0.0152119559146354
lqtp:OAP_rescue_PctAcc,lqtp,0.0152119559146354,2574,False,False,0.0152119559146354
delivery:c63f00bca8822e7b,delivery,0.0152068547671035,597,False,False,0.0152068547671035
lqtp:wzr_price_volume_111,lqtp,0.0152040904184846,2574,False,False,0.0152040904184846
optfac:drawdown_depth_atr_smoothed,optfac,0.0152003607339599,1843,False,False,0.0152003607339599
lqtp:THS_NEW_DYNAMIC_ACCEPT_V21_LOWVOL_SIGNAL_CONFLICT,lqtp,0.0151949287604728,2573,False,True,-0.0151949287604728
optfac:vol_regime_smoothed_trend,optfac,0.0151502815102681,1843,False,True,-0.0151502815102681
lqtp:Tak_RD_VOLCHG_L21_DEF,lqtp,0.0150875822459387,2573,False,False,0.0150875822459387
lqtp:OAP_PS_Proxy,lqtp,0.0150701572122291,2322,False,False,0.0150701572122291
optfac:drawdown_vol_persistence,optfac,0.0150692360562416,1843,False,True,-0.0150692360562416
lqtp:wzr_price_volume_076,lqtp,0.0150532966170425,2324,False,True,-0.0150532966170425
optfac:ewma_smoothness_volume,optfac,0.0150414079985837,1843,False,False,0.0150414079985837
lqtp:Tak_Fund_166,lqtp,0.0150274350400009,2551,False,False,0.0150274350400009
