canonical,family,true_model_type,semantic_role,surface,lane,timing_kind,explicit_timing,feature_inputs,label_input,label_horizon,stateful,checkpointable,missing_policy,window_semantics,min_history,min_effective_obs,input_units,output_unit,parameter_domain_certified,oracle_required,oracle_pass,causality_pass,future_poison_pass,label_poison_pass,missing_gap_pass,unit_contract_pass,backend_parity_pass,batch_single_parity_pass,optimized_reference_parity_pass,performance_lane,default_searchable,final_direct_use_ready,failure_reasons,evidence_sha
arg,generic,statistical_estimator,,unsafe,DIAGNOSTIC_RESEARCH,self_fit_descriptive,False,,,,False,False,,,,,,,False,family_oracle,,,,,,,,,,,false,False,no_explicit_timing|not_production_lane|no_parameter_domain_point,6fd715953558da50d976951e9e7cc3c19f3dca36
cdl_harami,generic,statistical_estimator,,daily,DIAGNOSTIC_RESEARCH,self_fit_descriptive,False,,,,False,False,,,,,,,False,family_oracle,,,,,,,,,,,false,False,no_explicit_timing|not_production_lane|no_parameter_domain_point,6fd715953558da50d976951e9e7cc3c19f3dca36
cdl_harami_cross,generic,statistical_estimator,,daily,DIAGNOSTIC_RESEARCH,self_fit_descriptive,False,,,,False,False,,,,,,,False,family_oracle,,,,,,,,,,,false,False,no_explicit_timing|not_production_lane|no_parameter_domain_point,6fd715953558da50d976951e9e7cc3c19f3dca36
cs_autoencoder_reconstruction_error,generic,statistical_estimator,,extended,DIAGNOSTIC_RESEARCH,same_time_cross_sectional,False,,,,False,False,,,,,,,False,family_oracle,,,,,,,,,,,false,False,no_explicit_timing|not_production_lane|no_parameter_domain_point,6fd715953558da50d976951e9e7cc3c19f3dca36
cs_hartigan_dip,generic,statistical_estimator,,daily,DIAGNOSTIC_RESEARCH,same_time_cross_sectional,False,,,,False,False,,,,,,,False,family_oracle,,,,,,,,,,,false,False,no_explicit_timing|not_production_lane|no_parameter_domain_point,6fd715953558da50d976951e9e7cc3c19f3dca36
cs_huber_resid,regression,regression,,daily,DIAGNOSTIC_RESEARCH,same_time_cross_sectional,False,,,,False,False,,,,,,,False,family_oracle,,,,,,,,,,,false,False,no_explicit_timing|not_production_lane|no_parameter_domain_point,6fd715953558da50d976951e9e7cc3c19f3dca36
cs_knn_distance,kernel,kernel,,daily,DIAGNOSTIC_RESEARCH,same_time_cross_sectional,False,,,,False,False,,,,,,,False,family_oracle,,,,,,,,,,,false,False,no_explicit_timing|not_production_lane|no_parameter_domain_point,6fd715953558da50d976951e9e7cc3c19f3dca36
cs_knn_graph_dirichlet_energy,kernel,kernel,,daily,DIAGNOSTIC_RESEARCH,same_time_cross_sectional,False,,,,False,False,,,,,,,False,family_oracle,,,,,,,,,,,false,False,no_explicit_timing|not_production_lane|no_parameter_domain_point,6fd715953558da50d976951e9e7cc3c19f3dca36
cs_knn_local_gradient_norm,kernel,kernel,,extended,DIAGNOSTIC_RESEARCH,same_time_cross_sectional,False,,,,False,False,,,,,,,False,family_oracle,,,,,,,,,,,false,False,no_explicit_timing|not_production_lane|no_parameter_domain_point,6fd715953558da50d976951e9e7cc3c19f3dca36
cs_knn_local_linear_residual,kernel,kernel,,extended,DIAGNOSTIC_RESEARCH,same_time_cross_sectional,True,,,,False,False,,,,,,,False,family_oracle,,,,,,,,,,,false,False,not_production_lane|no_parameter_domain_point,6fd715953558da50d976951e9e7cc3c19f3dca36
cs_knn_local_moran,kernel,kernel,,daily,DIAGNOSTIC_RESEARCH,same_time_cross_sectional,False,,,,False,False,,,,,,,False,family_oracle,,,,,,,,,,,false,False,no_explicit_timing|not_production_lane|no_parameter_domain_point,6fd715953558da50d976951e9e7cc3c19f3dca36
cs_knn_neighbor_retention,kernel,kernel,,daily,DIAGNOSTIC_RESEARCH,same_time_cross_sectional,False,,,,False,False,,,,,,,False,family_oracle,,,,,,,,,,,false,False,no_explicit_timing|not_production_lane|no_parameter_domain_point,6fd715953558da50d976951e9e7cc3c19f3dca36
cs_knn_peer_mean_ex_self,kernel,kernel,,daily,DIAGNOSTIC_RESEARCH,same_time_cross_sectional,False,,,,False,False,,,,,,,False,family_oracle,,,,,,,,,,,false,False,no_explicit_timing|not_production_lane|no_parameter_domain_point,6fd715953558da50d976951e9e7cc3c19f3dca36
cs_knn_tangent_residual,kernel,kernel,,extended,DIAGNOSTIC_RESEARCH,same_time_cross_sectional,False,,,,False,False,,,,,,,False,family_oracle,,,,,,,,,,,false,False,no_explicit_timing|not_production_lane|no_parameter_domain_point,6fd715953558da50d976951e9e7cc3c19f3dca36
cs_multi_resid,generic,statistical_estimator,,daily,DIAGNOSTIC_RESEARCH,same_time_cross_sectional,False,,,,False,False,,,,,,,False,family_oracle,,,,,,,,,,,false,False,no_explicit_timing|not_production_lane|no_parameter_domain_point,6fd715953558da50d976951e9e7cc3c19f3dca36
cs_multi_ridge_resid,regression,regression,,extended,DIAGNOSTIC_RESEARCH,same_time_cross_sectional,False,,,,False,False,,,,,,,False,family_oracle,,,,,,,,,,,false,False,no_explicit_timing|not_production_lane|no_parameter_domain_point,6fd715953558da50d976951e9e7cc3c19f3dca36
cs_neutralize,generic,statistical_estimator,,daily,DIAGNOSTIC_RESEARCH,same_time_cross_sectional,False,,,,False,False,,,,,,,False,family_oracle,,,,,,,,,,,false,False,no_explicit_timing|not_production_lane|no_parameter_domain_point,6fd715953558da50d976951e9e7cc3c19f3dca36
cs_physical_panel_coverage,generic,statistical_estimator,,extended,DIAGNOSTIC_RESEARCH,same_time_cross_sectional,False,,,,False,False,,,,,,,False,family_oracle,,,,,,,,,,,false,False,no_explicit_timing|not_production_lane|no_parameter_domain_point,6fd715953558da50d976951e9e7cc3c19f3dca36
cs_predictability_mosaic_score,generic,statistical_estimator,,extended,DIAGNOSTIC_RESEARCH,same_time_cross_sectional,False,,,,False,False,,,,,,,False,family_oracle,,,,,,,,,,,false,False,no_explicit_timing|not_production_lane|no_parameter_domain_point,6fd715953558da50d976951e9e7cc3c19f3dca36
cs_quantile,regression,regression,,daily,DIAGNOSTIC_RESEARCH,same_time_cross_sectional,False,,,,False,False,,,,,,,False,family_oracle,,,,,,,,,,,false,False,no_explicit_timing|not_production_lane|no_parameter_domain_point,6fd715953558da50d976951e9e7cc3c19f3dca36
cs_quantile_resid,regression,regression,,daily,DIAGNOSTIC_RESEARCH,same_time_cross_sectional,False,,,,False,False,,,,,,,False,family_oracle,,,,,,,,,,,false,False,no_explicit_timing|not_production_lane|no_parameter_domain_point,6fd715953558da50d976951e9e7cc3c19f3dca36
cs_regression,regression,regression,,daily,DIAGNOSTIC_RESEARCH,same_time_cross_sectional,False,,,,False,False,,,,,,,False,family_oracle,,,,,,,,,,,false,False,no_explicit_timing|not_production_lane|no_parameter_domain_point,6fd715953558da50d976951e9e7cc3c19f3dca36
cs_ridge_resid,regression,regression,,daily,DIAGNOSTIC_RESEARCH,same_time_cross_sectional,False,,,,False,False,,,,,,,False,family_oracle,,,,,,,,,,,false,False,no_explicit_timing|not_production_lane|no_parameter_domain_point,6fd715953558da50d976951e9e7cc3c19f3dca36
cs_universe_coverage,generic,statistical_estimator,,extended,DIAGNOSTIC_RESEARCH,same_time_cross_sectional,False,,,,False,False,,,,,,,False,family_oracle,,,,,,,,,,,false,False,no_explicit_timing|not_production_lane|no_parameter_domain_point,6fd715953558da50d976951e9e7cc3c19f3dca36
cs_wls_resid,generic,statistical_estimator,,daily,DIAGNOSTIC_RESEARCH,same_time_cross_sectional,False,,,,False,False,,,,,,,False,family_oracle,,,,,,,,,,,false,False,no_explicit_timing|not_production_lane|no_parameter_domain_point,6fd715953558da50d976951e9e7cc3c19f3dca36
directional_change_extent,generic,statistical_estimator,,daily,DIAGNOSTIC_RESEARCH,self_fit_descriptive,False,,,,False,False,,,,,,,False,family_oracle,,,,,,,,,,,false,False,no_explicit_timing|not_production_lane|no_parameter_domain_point,6fd715953558da50d976951e9e7cc3c19f3dca36
directional_change_state,state,state,,daily,DIAGNOSTIC_RESEARCH,self_fit_descriptive,False,,,,False,False,,,,,,,False,family_oracle,,,,,,,,,,,false,False,no_explicit_timing|not_production_lane|no_parameter_domain_point,6fd715953558da50d976951e9e7cc3c19f3dca36
event_arithmetic_return_sum,generic,statistical_estimator,,daily,DIAGNOSTIC_RESEARCH,self_fit_descriptive,False,,,,False,False,,,,,,,False,family_oracle,,,,,,,,,,,false,False,no_explicit_timing|not_production_lane|no_parameter_domain_point,6fd715953558da50d976951e9e7cc3c19f3dca36
fiscal_ar_resid_std,ar,ar,,daily,DIAGNOSTIC_RESEARCH,self_fit_descriptive,False,,,,False,False,,,,,,,False,family_oracle,,,,,,,,,,,false,False,no_explicit_timing|not_production_lane|no_parameter_domain_point,6fd715953558da50d976951e9e7cc3c19f3dca36
fiscal_asymmetric_elasticity,regression,regression,,daily,DIAGNOSTIC_RESEARCH,self_fit_descriptive,False,,,,False,False,,,,,,,False,family_oracle,,,,,,,,,,,false,False,no_explicit_timing|not_production_lane|no_parameter_domain_point,6fd715953558da50d976951e9e7cc3c19f3dca36
fiscal_regression_resid_std,regression,regression,,daily,DIAGNOSTIC_RESEARCH,self_fit_descriptive,False,,,,False,False,,,,,,,False,family_oracle,,,,,,,,,,,false,False,no_explicit_timing|not_production_lane|no_parameter_domain_point,6fd715953558da50d976951e9e7cc3c19f3dca36
group_ex_self_quantile,regression,regression,,daily,DIAGNOSTIC_RESEARCH,self_fit_descriptive,False,,,,False,False,,,,,,,False,family_oracle,,,,,,,,,,,false,False,no_explicit_timing|not_production_lane|no_parameter_domain_point,6fd715953558da50d976951e9e7cc3c19f3dca36
group_quantile_spread,regression,regression,,daily,DIAGNOSTIC_RESEARCH,self_fit_descriptive,False,,,,False,False,,,,,,,False,family_oracle,,,,,,,,,,,false,False,no_explicit_timing|not_production_lane|no_parameter_domain_point,6fd715953558da50d976951e9e7cc3c19f3dca36
group_wasserstein_barycenter_distance,generic,statistical_estimator,,extended,DIAGNOSTIC_RESEARCH,self_fit_descriptive,False,,,,False,False,,,,,,,False,family_oracle,,,,,,,,,,,false,False,no_explicit_timing|not_production_lane|no_parameter_domain_point,6fd715953558da50d976951e9e7cc3c19f3dca36
industry_rolling_pca_loading,pca,statistical_estimator,,extended,FAST_NATIVE_ALPHA,prior_fit_predictive,True,,,,False,False,,,,,,,False,family_oracle,,,,,,,,,,fast,true,False,no_parameter_domain_point,6fd715953558da50d976951e9e7cc3c19f3dca36
intra_market_model_r2,generic,statistical_estimator,,daily,DIAGNOSTIC_RESEARCH,self_fit_descriptive,False,,,,False,False,,,,,,,False,family_oracle,,,,,,,,,,,false,False,no_explicit_timing|not_production_lane|no_parameter_domain_point,6fd715953558da50d976951e9e7cc3c19f3dca36
intra_market_model_r2_ex_self,generic,statistical_estimator,,daily,DIAGNOSTIC_RESEARCH,self_fit_descriptive,False,,,,False,False,,,,,,,False,family_oracle,,,,,,,,,,,false,False,no_explicit_timing|not_production_lane|no_parameter_domain_point,6fd715953558da50d976951e9e7cc3c19f3dca36
intra_state_count,state,state,,extended,DIAGNOSTIC_RESEARCH,self_fit_descriptive,False,,,,False,False,,,,,,,False,family_oracle,,,,,,,,,,,false,False,no_explicit_timing|not_production_lane|no_parameter_domain_point,6fd715953558da50d976951e9e7cc3c19f3dca36
intra_state_dwell_stats,state,state,,extended,DIAGNOSTIC_RESEARCH,self_fit_descriptive,False,,,,False,False,,,,,,,False,family_oracle,,,,,,,,,,,false,False,no_explicit_timing|not_production_lane|no_parameter_domain_point,6fd715953558da50d976951e9e7cc3c19f3dca36
intra_state_follow_beta,state,state,,extended,DIAGNOSTIC_RESEARCH,self_fit_descriptive,False,,,,False,False,,,,,,,False,family_oracle,,,,,,,,,,,false,False,no_explicit_timing|not_production_lane|no_parameter_domain_point,6fd715953558da50d976951e9e7cc3c19f3dca36
intra_state_follow_corr,state,state,,extended,DIAGNOSTIC_RESEARCH,self_fit_descriptive,False,,,,False,False,,,,,,,False,family_oracle,,,,,,,,,,,false,False,no_explicit_timing|not_production_lane|no_parameter_domain_point,6fd715953558da50d976951e9e7cc3c19f3dca36
intra_state_follow_ratio,state,state,,extended,DIAGNOSTIC_RESEARCH,self_fit_descriptive,False,,,,False,False,,,,,,,False,family_oracle,,,,,,,,,,,false,False,no_explicit_timing|not_production_lane|no_parameter_domain_point,6fd715953558da50d976951e9e7cc3c19f3dca36
intra_state_interval_moment,state,state,,extended,DIAGNOSTIC_RESEARCH,self_fit_descriptive,False,,,,False,False,,,,,,,False,family_oracle,,,,,,,,,,,false,False,no_explicit_timing|not_production_lane|no_parameter_domain_point,6fd715953558da50d976951e9e7cc3c19f3dca36
intra_state_pair_same_slot_corr,state,state,,extended,DIAGNOSTIC_RESEARCH,self_fit_descriptive,False,,,,False,False,,,,,,,False,family_oracle,,,,,,,,,,,false,False,no_explicit_timing|not_production_lane|no_parameter_domain_point,6fd715953558da50d976951e9e7cc3c19f3dca36
intra_state_sum,state,state,,extended,DIAGNOSTIC_RESEARCH,self_fit_descriptive,False,,,,False,False,,,,,,,False,family_oracle,,,,,,,,,,,false,False,no_explicit_timing|not_production_lane|no_parameter_domain_point,6fd715953558da50d976951e9e7cc3c19f3dca36
intra_state_transition_entropy,entropy,statistical_estimator,,extended,DIAGNOSTIC_RESEARCH,self_fit_descriptive,False,,,,False,False,,,,,,,False,family_oracle,,,,,,,,,,,false,False,no_explicit_timing|not_production_lane|no_parameter_domain_point,6fd715953558da50d976951e9e7cc3c19f3dca36
intra_state_vwap,state,state,,extended,DIAGNOSTIC_RESEARCH,self_fit_descriptive,False,,,,False,False,,,,,,,False,family_oracle,,,,,,,,,,,false,False,no_explicit_timing|not_production_lane|no_parameter_domain_point,6fd715953558da50d976951e9e7cc3c19f3dca36
intra_volume_profile_value_area,generic,statistical_estimator,,extended,DIAGNOSTIC_RESEARCH,self_fit_descriptive,False,,,,False,False,,,,,,,False,family_oracle,,,,,,,,,,,false,False,no_explicit_timing|not_production_lane|no_parameter_domain_point,6fd715953558da50d976951e9e7cc3c19f3dca36
intraday_profile_pca_residual,pca,statistical_estimator,,daily,FAST_NATIVE_ALPHA,prior_fit_predictive,True,,,,False,False,,,,,,,False,family_oracle,,,,,,,,,,fast,true,False,no_parameter_domain_point,6fd715953558da50d976951e9e7cc3c19f3dca36
intraday_quantile_curve_pca_residual,pca,statistical_estimator,,extended,FAST_NATIVE_ALPHA,prior_fit_predictive,True,,,,False,False,,,,,,,False,family_oracle,,,,,,,,,,fast,true,False,no_parameter_domain_point,6fd715953558da50d976951e9e7cc3c19f3dca36
intraday_quantile_curve_pca_score,pca,statistical_estimator,,extended,FAST_NATIVE_ALPHA,prior_fit_predictive,True,,,,False,False,,,,,,,False,family_oracle,,,,,,,,,,fast,true,False,no_parameter_domain_point,6fd715953558da50d976951e9e7cc3c19f3dca36
panel_async_beta_ex_self,generic,statistical_estimator,,extended,DIAGNOSTIC_RESEARCH,self_fit_descriptive,False,,,,False,False,,,,,,,False,family_oracle,,,,,,,,,,,false,False,no_explicit_timing|not_production_lane|no_parameter_domain_point,6fd715953558da50d976951e9e7cc3c19f3dca36
panel_factor_pocket_strength,generic,statistical_estimator,,extended,DIAGNOSTIC_RESEARCH,self_fit_descriptive,False,,,,False,False,,,,,,,False,family_oracle,,,,,,,,,,,false,False,no_explicit_timing|not_production_lane|no_parameter_domain_point,6fd715953558da50d976951e9e7cc3c19f3dca36
panel_mixture_of_experts_score,panel_model,statistical_estimator,model_score,extended,MODEL_FEATURE_SCORE,prior_fit_predictive,True,"x1,x2,x3,x4,market_state",y,label_horizon,False,False,finite_only,,,,,,False,family_oracle,,,,,,,,,,,true,False,no_parameter_domain_point,6fd715953558da50d976951e9e7cc3c19f3dca36
panel_predictability_mosaic_score,generic,statistical_estimator,,extended,DIAGNOSTIC_RESEARCH,self_fit_descriptive,False,,,,False,False,,,,,,,False,family_oracle,,,,,,,,,,,false,False,no_explicit_timing|not_production_lane|no_parameter_domain_point,6fd715953558da50d976951e9e7cc3c19f3dca36
panel_regime_conditioned_forecast,panel_model,statistical_estimator,model_score,extended,MODEL_FEATURE_SCORE,prior_fit_predictive,True,"x1,x2,x3,x4,market_state",y,label_horizon,False,False,finite_only,,,,,,False,family_oracle,,,,,,,,,,,true,False,no_parameter_domain_point,6fd715953558da50d976951e9e7cc3c19f3dca36
panel_rolling_elastic_net_forecast,panel_model,statistical_estimator,model_score,extended,MODEL_FEATURE_SCORE,prior_fit_predictive,True,"x1,x2,x3,x4",y,label_horizon,False,False,finite_only,,,,,,False,family_oracle,,,,,,,,,,,true,False,no_parameter_domain_point,6fd715953558da50d976951e9e7cc3c19f3dca36
panel_rolling_pca_explained_ratio,panel_model,statistical_estimator,,extended,FAST_NATIVE_ALPHA,prior_fit_predictive,True,,,,False,False,,,,,,,False,family_oracle,,,,,,,,,,fast,true,False,no_parameter_domain_point,6fd715953558da50d976951e9e7cc3c19f3dca36
panel_rolling_pca_loading,panel_model,statistical_estimator,,extended,FAST_NATIVE_ALPHA,prior_fit_predictive,True,,,,False,False,,,,,,,False,family_oracle,,,,,,,,,,fast,true,False,no_parameter_domain_point,6fd715953558da50d976951e9e7cc3c19f3dca36
panel_rolling_pca_resid,panel_model,statistical_estimator,,extended,FAST_NATIVE_ALPHA,prior_fit_predictive,True,,,,False,False,,,,,,,False,family_oracle,,,,,,,,,,fast,true,False,no_parameter_domain_point,6fd715953558da50d976951e9e7cc3c19f3dca36
panel_rolling_pca_resid_momentum,panel_model,statistical_estimator,,extended,FAST_NATIVE_ALPHA,prior_fit_predictive,True,,,,False,False,,,,,,,False,family_oracle,,,,,,,,,,fast,true,False,no_parameter_domain_point,6fd715953558da50d976951e9e7cc3c19f3dca36
panel_rolling_pca_resid_vol,panel_model,statistical_estimator,,extended,FAST_NATIVE_ALPHA,prior_fit_predictive,True,,,,False,False,,,,,,,False,family_oracle,,,,,,,,,,fast,true,False,no_parameter_domain_point,6fd715953558da50d976951e9e7cc3c19f3dca36
panel_rolling_pcr_forecast,panel_model,statistical_estimator,model_score,extended,MODEL_FEATURE_SCORE,prior_fit_predictive,True,"x1,x2,x3,x4",y,label_horizon,False,False,finite_only,,,,,,False,family_oracle,,,,,,,,,,,true,False,no_parameter_domain_point,6fd715953558da50d976951e9e7cc3c19f3dca36
panel_rolling_pls_forecast,panel_model,statistical_estimator,model_score,extended,MODEL_FEATURE_SCORE,prior_fit_predictive,True,"x1,x2,x3,x4",y,label_horizon,False,False,finite_only,,,,,,False,family_oracle,,,,,,,,,,,true,False,no_parameter_domain_point,6fd715953558da50d976951e9e7cc3c19f3dca36
state_deadband,state,state,,daily,DIAGNOSTIC_RESEARCH,self_fit_descriptive,False,,,,False,False,,,,,,,False,family_oracle,,,,,,,,,,,false,False,no_explicit_timing|not_production_lane|no_parameter_domain_point,6fd715953558da50d976951e9e7cc3c19f3dca36
state_episode_efficiency,state,state,,daily,DIAGNOSTIC_RESEARCH,self_fit_descriptive,False,,,,False,False,,,,,,,False,family_oracle,,,,,,,,,,,false,False,no_explicit_timing|not_production_lane|no_parameter_domain_point,6fd715953558da50d976951e9e7cc3c19f3dca36
state_episode_excursion_balance,state,state,,daily,DIAGNOSTIC_RESEARCH,self_fit_descriptive,False,,,,False,False,,,,,,,False,family_oracle,,,,,,,,,,,false,False,no_explicit_timing|not_production_lane|no_parameter_domain_point,6fd715953558da50d976951e9e7cc3c19f3dca36
state_episode_mae,state,state,,daily,DIAGNOSTIC_RESEARCH,self_fit_descriptive,False,,,,False,False,,,,,,,False,family_oracle,,,,,,,,,,,false,False,no_explicit_timing|not_production_lane|no_parameter_domain_point,6fd715953558da50d976951e9e7cc3c19f3dca36
state_episode_mfe,state,state,,daily,DIAGNOSTIC_RESEARCH,self_fit_descriptive,False,,,,False,False,,,,,,,False,family_oracle,,,,,,,,,,,false,False,no_explicit_timing|not_production_lane|no_parameter_domain_point,6fd715953558da50d976951e9e7cc3c19f3dca36
state_episode_retrace_ratio,state,state,,daily,DIAGNOSTIC_RESEARCH,self_fit_descriptive,False,,,,False,False,,,,,,,False,family_oracle,,,,,,,,,,,false,False,no_explicit_timing|not_production_lane|no_parameter_domain_point,6fd715953558da50d976951e9e7cc3c19f3dca36
state_ewm_if,state,state,,daily,DIAGNOSTIC_RESEARCH,self_fit_descriptive,False,,,,False,False,,,,,,,False,family_oracle,,,,,,,,,,,false,False,no_explicit_timing|not_production_lane|no_parameter_domain_point,6fd715953558da50d976951e9e7cc3c19f3dca36
state_hold,state,state,,daily,DIAGNOSTIC_RESEARCH,self_fit_descriptive,False,,,,False,False,,,,,,,False,family_oracle,,,,,,,,,,,false,False,no_explicit_timing|not_production_lane|no_parameter_domain_point,6fd715953558da50d976951e9e7cc3c19f3dca36
state_latch,state,state,,daily,DIAGNOSTIC_RESEARCH,self_fit_descriptive,False,,,,False,False,,,,,,,False,family_oracle,,,,,,,,,,,false,False,no_explicit_timing|not_production_lane|no_parameter_domain_point,6fd715953558da50d976951e9e7cc3c19f3dca36
state_since_count,state,state,,extended,DIAGNOSTIC_RESEARCH,self_fit_descriptive,False,,,,False,False,,,,,,,False,family_oracle,,,,,,,,,,,false,False,no_explicit_timing|not_production_lane|no_parameter_domain_point,6fd715953558da50d976951e9e7cc3c19f3dca36
state_since_last,state,state,,extended,DIAGNOSTIC_RESEARCH,self_fit_descriptive,False,,,,False,False,,,,,,,False,family_oracle,,,,,,,,,,,false,False,no_explicit_timing|not_production_lane|no_parameter_domain_point,6fd715953558da50d976951e9e7cc3c19f3dca36
state_since_mean,state,state,,extended,DIAGNOSTIC_RESEARCH,self_fit_descriptive,False,,,,False,False,,,,,,,False,family_oracle,,,,,,,,,,,false,False,no_explicit_timing|not_production_lane|no_parameter_domain_point,6fd715953558da50d976951e9e7cc3c19f3dca36
state_since_sum,state,state,,extended,DIAGNOSTIC_RESEARCH,self_fit_descriptive,False,,,,False,False,,,,,,,False,family_oracle,,,,,,,,,,,false,False,no_explicit_timing|not_production_lane|no_parameter_domain_point,6fd715953558da50d976951e9e7cc3c19f3dca36
state_since_trend_tstat,state,state,,daily,DIAGNOSTIC_RESEARCH,self_fit_descriptive,False,,,,False,False,,,,,,,False,family_oracle,,,,,,,,,,,false,False,no_explicit_timing|not_production_lane|no_parameter_domain_point,6fd715953558da50d976951e9e7cc3c19f3dca36
state_slew_limit,state,state,,daily,DIAGNOSTIC_RESEARCH,self_fit_descriptive,False,,,,False,False,,,,,,,False,family_oracle,,,,,,,,,,,false,False,no_explicit_timing|not_production_lane|no_parameter_domain_point,6fd715953558da50d976951e9e7cc3c19f3dca36
tradable_state,state,state,,daily,DIAGNOSTIC_RESEARCH,self_fit_descriptive,False,,,,False,False,,,,,,,False,family_oracle,,,,,,,,,,,false,False,no_explicit_timing|not_production_lane|no_parameter_domain_point,6fd715953558da50d976951e9e7cc3c19f3dca36
ts_active_information_storage,generic,statistical_estimator,,extended,DIAGNOSTIC_RESEARCH,self_fit_descriptive,False,,,,False,False,,,,,,,False,family_oracle,,,,,,,,,,,false,False,no_explicit_timing|not_production_lane|no_parameter_domain_point,6fd715953558da50d976951e9e7cc3c19f3dca36
ts_ar_coeff_stability,ar,ar,,daily,FAST_NATIVE_ALPHA,prior_fit_predictive,True,,,,False,False,,,,,,,False,family_oracle,,,,,,,,,,fast,true,False,no_parameter_domain_point,6fd715953558da50d976951e9e7cc3c19f3dca36
ts_ar_coefficient,ar,ar,,daily,FAST_NATIVE_ALPHA,self_fit_descriptive,True,,,,False,False,,,,,,,False,family_oracle,,,,,,,,,,fast,true,False,no_parameter_domain_point,6fd715953558da50d976951e9e7cc3c19f3dca36
ts_ar_fitted_value,ar,ar,,extended,DIAGNOSTIC_RESEARCH,self_fit_descriptive,True,,,,False,False,,,,,,,False,family_oracle,,,,,,,,,,,false,False,not_production_lane|no_parameter_domain_point,6fd715953558da50d976951e9e7cc3c19f3dca36
ts_ar_forecast,ar,ar,,daily,DIAGNOSTIC_RESEARCH,self_fit_descriptive,True,,,,False,False,,,,,,,False,family_oracle,,,,,,,,,,,false,False,not_production_lane|no_parameter_domain_point,6fd715953558da50d976951e9e7cc3c19f3dca36
ts_ar_in_sample_resid,ar,ar,,extended,DIAGNOSTIC_RESEARCH,self_fit_descriptive,True,,,,False,False,,,,,,,False,family_oracle,,,,,,,,,,,false,False,not_production_lane|no_parameter_domain_point,6fd715953558da50d976951e9e7cc3c19f3dca36
ts_ar_innovation,ar,ar,,daily,DIAGNOSTIC_RESEARCH,self_fit_descriptive,True,,,,False,False,,,,,,,False,family_oracle,,,,,,,,,,,false,False,not_production_lane|no_parameter_domain_point,6fd715953558da50d976951e9e7cc3c19f3dca36
ts_ar_innovation_z,ar,ar,,daily,DIAGNOSTIC_RESEARCH,self_fit_descriptive,True,,,,False,False,,,,,,,False,family_oracle,,,,,,,,,,,false,False,not_production_lane|no_parameter_domain_point,6fd715953558da50d976951e9e7cc3c19f3dca36
ts_ar_prior_coeff,ar,ar,,daily,FAST_NATIVE_ALPHA,prior_fit_predictive,True,,,,False,False,,,,,,,False,family_oracle,,,,,,,,,,fast,true,False,no_parameter_domain_point,6fd715953558da50d976951e9e7cc3c19f3dca36
ts_ar_prior_forecast,ar,ar,model_score,daily,FAST_NATIVE_ALPHA,prior_fit_predictive,True,,,label_horizon,False,False,finite_only,,,,,,False,family_oracle,,,,,,,,,,fast,true,False,no_parameter_domain_point,6fd715953558da50d976951e9e7cc3c19f3dca36
ts_ar_prior_innovation,ar,ar,,daily,FAST_NATIVE_ALPHA,prior_fit_predictive,True,,,,False,False,,,,,,,False,family_oracle,,,,,,,,,,fast,true,False,no_parameter_domain_point,6fd715953558da50d976951e9e7cc3c19f3dca36
ts_ar_prior_innovation_z,ar,ar,,daily,FAST_NATIVE_ALPHA,prior_fit_predictive,True,,,,False,False,,,,,,,False,family_oracle,,,,,,,,,,fast,true,False,no_parameter_domain_point,6fd715953558da50d976951e9e7cc3c19f3dca36
ts_argmax,generic,statistical_estimator,,daily,DIAGNOSTIC_RESEARCH,self_fit_descriptive,False,,,,False,False,,,,,,,False,family_oracle,,,,,,,,,,,false,False,no_explicit_timing|not_production_lane|no_parameter_domain_point,6fd715953558da50d976951e9e7cc3c19f3dca36
ts_argmax_age,generic,statistical_estimator,,daily,DIAGNOSTIC_RESEARCH,self_fit_descriptive,False,,,,False,False,,,,,,,False,family_oracle,,,,,,,,,,,false,False,no_explicit_timing|not_production_lane|no_parameter_domain_point,6fd715953558da50d976951e9e7cc3c19f3dca36
ts_argmax_index_from_oldest,generic,statistical_estimator,,daily,DIAGNOSTIC_RESEARCH,self_fit_descriptive,False,,,,False,False,,,,,,,False,family_oracle,,,,,,,,,,,false,False,no_explicit_timing|not_production_lane|no_parameter_domain_point,6fd715953558da50d976951e9e7cc3c19f3dca36
ts_argmin,generic,statistical_estimator,,daily,DIAGNOSTIC_RESEARCH,self_fit_descriptive,False,,,,False,False,,,,,,,False,family_oracle,,,,,,,,,,,false,False,no_explicit_timing|not_production_lane|no_parameter_domain_point,6fd715953558da50d976951e9e7cc3c19f3dca36
ts_argmin_age,generic,statistical_estimator,,daily,DIAGNOSTIC_RESEARCH,self_fit_descriptive,False,,,,False,False,,,,,,,False,family_oracle,,,,,,,,,,,false,False,no_explicit_timing|not_production_lane|no_parameter_domain_point,6fd715953558da50d976951e9e7cc3c19f3dca36
ts_argmin_index_from_oldest,generic,statistical_estimator,,daily,DIAGNOSTIC_RESEARCH,self_fit_descriptive,False,,,,False,False,,,,,,,False,family_oracle,,,,,,,,,,,false,False,no_explicit_timing|not_production_lane|no_parameter_domain_point,6fd715953558da50d976951e9e7cc3c19f3dca36
ts_bicoherence_top_decile_excess,generic,statistical_estimator,,extended,DIAGNOSTIC_RESEARCH,self_fit_descriptive,False,,,,False,False,,,,,,,False,family_oracle,,,,,,,,,,,false,False,no_explicit_timing|not_production_lane|no_parameter_domain_point,6fd715953558da50d976951e9e7cc3c19f3dca36
ts_bicoherence_top_decile_mean,generic,statistical_estimator,,extended,DIAGNOSTIC_RESEARCH,self_fit_descriptive,False,,,,False,False,,,,,,,False,family_oracle,,,,,,,,,,,false,False,no_explicit_timing|not_production_lane|no_parameter_domain_point,6fd715953558da50d976951e9e7cc3c19f3dca36
ts_change_point_probability,generic,statistical_estimator,,extended,DIAGNOSTIC_RESEARCH,self_fit_descriptive,False,,,,False,False,,,,,,,False,family_oracle,,,,,,,,,,,false,False,no_explicit_timing|not_production_lane|no_parameter_domain_point,6fd715953558da50d976951e9e7cc3c19f3dca36
ts_chord_excursion_area,generic,statistical_estimator,,daily,DIAGNOSTIC_RESEARCH,self_fit_descriptive,False,,,,False,False,,,,,,,False,family_oracle,,,,,,,,,,,false,False,no_explicit_timing|not_production_lane|no_parameter_domain_point,6fd715953558da50d976951e9e7cc3c19f3dca36
ts_conditional_transfer_entropy,entropy,statistical_estimator,,extended,DIAGNOSTIC_RESEARCH,self_fit_descriptive,False,,,,False,False,,,,,,,False,family_oracle,,,,,,,,,,,false,False,no_explicit_timing|not_production_lane|no_parameter_domain_point,6fd715953558da50d976951e9e7cc3c19f3dca36
ts_cross_spectral_coherence,spectral,statistical_estimator,,daily,DIAGNOSTIC_RESEARCH,self_fit_descriptive,False,,,,False,False,,,,,,,False,family_oracle,,,,,,,,,,,false,False,no_explicit_timing|not_production_lane|no_parameter_domain_point,6fd715953558da50d976951e9e7cc3c19f3dca36
ts_cross_spectral_phase,spectral,statistical_estimator,,daily,DIAGNOSTIC_RESEARCH,self_fit_descriptive,False,,,,False,False,,,,,,,False,family_oracle,,,,,,,,,,,false,False,no_explicit_timing|not_production_lane|no_parameter_domain_point,6fd715953558da50d976951e9e7cc3c19f3dca36
ts_cumulative_deviation_score,generic,statistical_estimator,,extended,DIAGNOSTIC_RESEARCH,self_fit_descriptive,False,,,,False,False,,,,,,,False,family_oracle,,,,,,,,,,,false,False,no_explicit_timing|not_production_lane|no_parameter_domain_point,6fd715953558da50d976951e9e7cc3c19f3dca36
ts_current_drawdown_area,generic,statistical_estimator,,daily,DIAGNOSTIC_RESEARCH,self_fit_descriptive,False,,,,False,False,,,,,,,False,family_oracle,,,,,,,,,,,false,False,no_explicit_timing|not_production_lane|no_parameter_domain_point,6fd715953558da50d976951e9e7cc3c19f3dca36
ts_cusum_pressure,generic,statistical_estimator,,daily,DIAGNOSTIC_RESEARCH,self_fit_descriptive,False,,,,False,False,,,,,,,False,family_oracle,,,,,,,,,,,false,False,no_explicit_timing|not_production_lane|no_parameter_domain_point,6fd715953558da50d976951e9e7cc3c19f3dca36
ts_cusum_vol_break_score,generic,statistical_estimator,,extended,DIAGNOSTIC_RESEARCH,self_fit_descriptive,False,,,,False,False,,,,,,,False,family_oracle,,,,,,,,,,,false,False,no_explicit_timing|not_production_lane|no_parameter_domain_point,6fd715953558da50d976951e9e7cc3c19f3dca36
ts_detrended_level_spectral_entropy,entropy,statistical_estimator,,extended,DIAGNOSTIC_RESEARCH,self_fit_descriptive,False,,,,False,False,,,,,,,False,family_oracle,,,,,,,,,,,false,False,no_explicit_timing|not_production_lane|no_parameter_domain_point,6fd715953558da50d976951e9e7cc3c19f3dca36
ts_dfa_hurst,generic,statistical_estimator,,extended,DIAGNOSTIC_RESEARCH,self_fit_descriptive,False,,,,False,False,,,,,,,False,family_oracle,,,,,,,,,,,false,False,no_explicit_timing|not_production_lane|no_parameter_domain_point,6fd715953558da50d976951e9e7cc3c19f3dca36
ts_dmd_dominant_frequency,dmd,dmd,,research,EXPENSIVE_CERTIFIED_ALPHA,self_fit_descriptive,True,,,,False,False,,,,,,,False,family_oracle,,,,,,,,,,expensive,true,False,no_parameter_domain_point,6fd715953558da50d976951e9e7cc3c19f3dca36
ts_dmd_dominant_growth_rate,dmd,dmd,,research,EXPENSIVE_CERTIFIED_ALPHA,self_fit_descriptive,True,,,,False,False,,,,,,,False,family_oracle,,,,,,,,,,expensive,true,False,no_parameter_domain_point,6fd715953558da50d976951e9e7cc3c19f3dca36
ts_dmd_level_dominant_frequency,dmd,dmd,,extended,EXPENSIVE_CERTIFIED_ALPHA,self_fit_descriptive,True,,,,False,False,,,,,,,False,family_oracle,,,,,,,,,,expensive,true,False,no_parameter_domain_point,6fd715953558da50d976951e9e7cc3c19f3dca36
ts_dmd_level_dominant_growth_rate,dmd,dmd,,extended,EXPENSIVE_CERTIFIED_ALPHA,self_fit_descriptive,True,,,,False,False,,,,,,,False,family_oracle,,,,,,,,,,expensive,true,False,no_parameter_domain_point,6fd715953558da50d976951e9e7cc3c19f3dca36
ts_dmd_level_mode_concentration,dmd,dmd,,extended,EXPENSIVE_CERTIFIED_ALPHA,self_fit_descriptive,True,,,,False,False,,,,,,,False,family_oracle,,,,,,,,,,expensive,true,False,no_parameter_domain_point,6fd715953558da50d976951e9e7cc3c19f3dca36
ts_dmd_mode_concentration,dmd,dmd,,research,EXPENSIVE_CERTIFIED_ALPHA,self_fit_descriptive,True,,,,False,False,,,,,,,False,family_oracle,,,,,,,,,,expensive,true,False,no_parameter_domain_point,6fd715953558da50d976951e9e7cc3c19f3dca36
ts_dmd_return_dominant_frequency,dmd,dmd,,extended,EXPENSIVE_CERTIFIED_ALPHA,self_fit_descriptive,True,,,,False,False,,,,,,,False,family_oracle,,,,,,,,,,expensive,true,False,no_parameter_domain_point,6fd715953558da50d976951e9e7cc3c19f3dca36
ts_dmd_return_dominant_growth_rate,dmd,dmd,,extended,EXPENSIVE_CERTIFIED_ALPHA,self_fit_descriptive,True,,,,False,False,,,,,,,False,family_oracle,,,,,,,,,,expensive,true,False,no_parameter_domain_point,6fd715953558da50d976951e9e7cc3c19f3dca36
ts_dmd_return_mode_concentration,dmd,dmd,,extended,EXPENSIVE_CERTIFIED_ALPHA,self_fit_descriptive,True,,,,False,False,,,,,,,False,family_oracle,,,,,,,,,,expensive,true,False,no_parameter_domain_point,6fd715953558da50d976951e9e7cc3c19f3dca36
ts_dominant_cycle_period,generic,statistical_estimator,,daily,DIAGNOSTIC_RESEARCH,self_fit_descriptive,False,,,,False,False,,,,,,,False,family_oracle,,,,,,,,,,,false,False,no_explicit_timing|not_production_lane|no_parameter_domain_point,6fd715953558da50d976951e9e7cc3c19f3dca36
ts_effective_transfer_entropy,entropy,statistical_estimator,,extended,DIAGNOSTIC_RESEARCH,self_fit_descriptive,False,,,,False,False,,,,,,,False,family_oracle,,,,,,,,,,,false,False,no_explicit_timing|not_production_lane|no_parameter_domain_point,6fd715953558da50d976951e9e7cc3c19f3dca36
ts_expectile,regression,regression,,extended,DIAGNOSTIC_RESEARCH,self_fit_descriptive,False,,,,False,False,,,,,,,False,family_oracle,,,,,,,,,,,false,False,no_explicit_timing|not_production_lane|no_parameter_domain_point,6fd715953558da50d976951e9e7cc3c19f3dca36
ts_expectile_beta,regression,regression,,extended,DIAGNOSTIC_RESEARCH,self_fit_descriptive,False,,,,False,False,,,,,,,False,family_oracle,,,,,,,,,,,false,False,no_explicit_timing|not_production_lane|no_parameter_domain_point,6fd715953558da50d976951e9e7cc3c19f3dca36
ts_expectile_beta_spread,regression,regression,,daily,DIAGNOSTIC_RESEARCH,self_fit_descriptive,False,,,,False,False,,,,,,,False,family_oracle,,,,,,,,,,,false,False,no_explicit_timing|not_production_lane|no_parameter_domain_point,6fd715953558da50d976951e9e7cc3c19f3dca36
ts_expectile_regression_coeff,regression,regression,,daily,DIAGNOSTIC_RESEARCH,self_fit_descriptive,False,,,,False,False,,,,,,,False,family_oracle,,,,,,,,,,,false,False,no_explicit_timing|not_production_lane|no_parameter_domain_point,6fd715953558da50d976951e9e7cc3c19f3dca36
ts_expectile_regression_coeff_prior,regression,regression,,daily,FAST_NATIVE_ALPHA,prior_fit_predictive,True,,,,False,False,,,,,,,False,family_oracle,,,,,,,,,,fast,true,False,no_parameter_domain_point,6fd715953558da50d976951e9e7cc3c19f3dca36
ts_expectile_regression_forecast_error,regression,regression,,daily,FAST_NATIVE_ALPHA,prior_fit_predictive,True,,,,False,False,,,,,,,False,family_oracle,,,,,,,,,,fast,true,False,no_parameter_domain_point,6fd715953558da50d976951e9e7cc3c19f3dca36
ts_expectile_regression_resid,regression,regression,,daily,DIAGNOSTIC_RESEARCH,self_fit_descriptive,False,,,,False,False,,,,,,,False,family_oracle,,,,,,,,,,,false,False,no_explicit_timing|not_production_lane|no_parameter_domain_point,6fd715953558da50d976951e9e7cc3c19f3dca36
ts_feature_pca_reconstruction_error,pca,statistical_estimator,,extended,DIAGNOSTIC_RESEARCH,self_fit_descriptive,False,,,,False,False,,,,,,,False,family_oracle,,,,,,,,,,,false,False,no_explicit_timing|not_production_lane|no_parameter_domain_point,6fd715953558da50d976951e9e7cc3c19f3dca36
ts_first_passage_bias,dmd,dmd,,daily,DIAGNOSTIC_RESEARCH,matured_historical_outcome,False,,,,False,False,,,,,,,False,family_oracle,,,,,,,,,,,false,False,no_explicit_timing|not_production_lane|no_parameter_domain_point,6fd715953558da50d976951e9e7cc3c19f3dca36
ts_first_passage_conditional_time,dmd,dmd,,daily,DIAGNOSTIC_RESEARCH,matured_historical_outcome,False,,,,False,False,,,,,,,False,family_oracle,,,,,,,,,,,false,False,no_explicit_timing|not_production_lane|no_parameter_domain_point,6fd715953558da50d976951e9e7cc3c19f3dca36
ts_first_passage_hit_probability,dmd,dmd,,daily,DIAGNOSTIC_RESEARCH,matured_historical_outcome,False,,,,False,False,,,,,,,False,family_oracle,,,,,,,,,,,false,False,no_explicit_timing|not_production_lane|no_parameter_domain_point,6fd715953558da50d976951e9e7cc3c19f3dca36
ts_garch_next_vol_forecast,garch,garch,model_score,extended,EXPENSIVE_CERTIFIED_ALPHA,prior_fit_predictive,True,,,,False,False,finite_only,,,,,,False,family_oracle,,,,,,,,,,expensive,true,False,no_parameter_domain_point,6fd715953558da50d976951e9e7cc3c19f3dca36
ts_garch_persistence,garch,garch,,extended,EXPENSIVE_CERTIFIED_ALPHA,prior_fit_predictive,True,,,,False,False,,,,,,,False,family_oracle,,,,,,,,,,expensive,true,False,no_parameter_domain_point,6fd715953558da50d976951e9e7cc3c19f3dca36
ts_garch_standardized_shock,garch,garch,model_feature,extended,EXPENSIVE_CERTIFIED_ALPHA,prior_fit_predictive,True,,,label_horizon,False,False,finite_only,,,,,,False,family_oracle,,,,,,,,,,expensive,true,False,no_parameter_domain_point,6fd715953558da50d976951e9e7cc3c19f3dca36
ts_garch_vol_surprise,garch,garch,,extended,EXPENSIVE_CERTIFIED_ALPHA,prior_fit_predictive,True,,,,False,False,,,,,,,False,family_oracle,,,,,,,,,,expensive,true,False,no_parameter_domain_point,6fd715953558da50d976951e9e7cc3c19f3dca36
ts_gjr_garch_vol_forecast,garch,garch,,extended,EXPENSIVE_CERTIFIED_ALPHA,prior_fit_predictive,True,,,,False,False,,,,,,,False,family_oracle,,,,,,,,,,expensive,true,False,no_parameter_domain_point,6fd715953558da50d976951e9e7cc3c19f3dca36
ts_gjr_leverage,garch,garch,,extended,DIAGNOSTIC_RESEARCH,self_fit_descriptive,True,,,,False,False,,,,,,,False,family_oracle,,,,,,,,,,,false,False,not_production_lane|no_parameter_domain_point,6fd715953558da50d976951e9e7cc3c19f3dca36
ts_hankel_effective_rank,dmd,dmd,,daily,EXPENSIVE_CERTIFIED_ALPHA,self_fit_descriptive,True,,,,False,False,,,,,,,False,family_oracle,,,,,,,,,,expensive,true,False,no_parameter_domain_point,6fd715953558da50d976951e9e7cc3c19f3dca36
ts_hankel_singular_gap,dmd,dmd,,daily,EXPENSIVE_CERTIFIED_ALPHA,self_fit_descriptive,True,,,,False,False,,,,,,,False,family_oracle,,,,,,,,,,expensive,true,False,no_parameter_domain_point,6fd715953558da50d976951e9e7cc3c19f3dca36
ts_har_from_return_forecast_error_z,garch,garch,,extended,FAST_NATIVE_ALPHA,prior_fit_predictive,True,,,,False,False,,,,,,,False,family_oracle,,,,,,,,,,fast,true,False,no_parameter_domain_point,6fd715953558da50d976951e9e7cc3c19f3dca36
ts_har_from_return_next_vol,garch,garch,,extended,FAST_NATIVE_ALPHA,prior_fit_predictive,True,,,,False,False,,,,,,,False,family_oracle,,,,,,,,,,fast,true,False,no_parameter_domain_point,6fd715953558da50d976951e9e7cc3c19f3dca36
ts_har_rv_forecast_error_z,garch,garch,,extended,FAST_NATIVE_ALPHA,prior_fit_predictive,True,,,,False,False,,,,,,,False,family_oracle,,,,,,,,,,fast,true,False,no_parameter_domain_point,6fd715953558da50d976951e9e7cc3c19f3dca36
ts_har_rv_next_var_forecast,garch,garch,,extended,FAST_NATIVE_ALPHA,prior_fit_predictive,True,,,,False,False,,,,,,,False,family_oracle,,,,,,,,,,fast,true,False,no_parameter_domain_point,6fd715953558da50d976951e9e7cc3c19f3dca36
ts_har_rv_next_vol_forecast,garch,garch,model_score,extended,FAST_NATIVE_ALPHA,prior_fit_predictive,True,,,,False,False,finite_only,,,,,,False,family_oracle,,,,,,,,,,fast,true,False,no_parameter_domain_point,6fd715953558da50d976951e9e7cc3c19f3dca36
ts_hartigan_dip,generic,statistical_estimator,,daily,DIAGNOSTIC_RESEARCH,self_fit_descriptive,False,,,,False,False,,,,,,,False,family_oracle,,,,,,,,,,,false,False,no_explicit_timing|not_production_lane|no_parameter_domain_point,6fd715953558da50d976951e9e7cc3c19f3dca36
ts_hsic,kernel,kernel,,daily,DIAGNOSTIC_RESEARCH,self_fit_descriptive,False,,,,False,False,,,,,,,False,family_oracle,,,,,,,,,,,false,False,no_explicit_timing|not_production_lane|no_parameter_domain_point,6fd715953558da50d976951e9e7cc3c19f3dca36
ts_huber_regression_coeff,regression,regression,,daily,DIAGNOSTIC_RESEARCH,self_fit_descriptive,False,,,,False,False,,,,,,,False,family_oracle,,,,,,,,,,,false,False,no_explicit_timing|not_production_lane|no_parameter_domain_point,6fd715953558da50d976951e9e7cc3c19f3dca36
ts_huber_regression_coeff_prior,regression,regression,,daily,FAST_NATIVE_ALPHA,prior_fit_predictive,True,,,,False,False,,,,,,,False,family_oracle,,,,,,,,,,fast,true,False,no_parameter_domain_point,6fd715953558da50d976951e9e7cc3c19f3dca36
ts_huber_regression_forecast_error,regression,regression,,daily,FAST_NATIVE_ALPHA,prior_fit_predictive,True,,,,False,False,,,,,,,False,family_oracle,,,,,,,,,,fast,true,False,no_parameter_domain_point,6fd715953558da50d976951e9e7cc3c19f3dca36
ts_huber_regression_forecast_error_z,regression,regression,,daily,FAST_NATIVE_ALPHA,prior_fit_predictive,True,,,,False,False,,,,,,,False,family_oracle,,,,,,,,,,fast,true,False,no_parameter_domain_point,6fd715953558da50d976951e9e7cc3c19f3dca36
ts_huber_regression_in_sample_resid,regression,regression,,extended,DIAGNOSTIC_RESEARCH,self_fit_descriptive,False,,,,False,False,,,,,,,False,family_oracle,,,,,,,,,,,false,False,no_explicit_timing|not_production_lane|no_parameter_domain_point,6fd715953558da50d976951e9e7cc3c19f3dca36
ts_huber_regression_predictive_resid,regression,regression,,extended,FAST_NATIVE_ALPHA,prior_fit_predictive,True,,,,False,False,,,,,,,False,family_oracle,,,,,,,,,,fast,true,False,no_parameter_domain_point,6fd715953558da50d976951e9e7cc3c19f3dca36
ts_huber_regression_resid_z,regression,regression,,daily,DIAGNOSTIC_RESEARCH,self_fit_descriptive,False,,,,False,False,,,,,,,False,family_oracle,,,,,,,,,,,false,False,no_explicit_timing|not_production_lane|no_parameter_domain_point,6fd715953558da50d976951e9e7cc3c19f3dca36
ts_hvg_assortativity,entropy,statistical_estimator,,extended,DIAGNOSTIC_RESEARCH,self_fit_descriptive,False,,,,False,False,,,,,,,False,family_oracle,,,,,,,,,,,false,False,no_explicit_timing|not_production_lane|no_parameter_domain_point,6fd715953558da50d976951e9e7cc3c19f3dca36
ts_hvg_clustering_coefficient,entropy,statistical_estimator,,extended,DIAGNOSTIC_RESEARCH,self_fit_descriptive,False,,,,False,False,,,,,,,False,family_oracle,,,,,,,,,,,false,False,no_explicit_timing|not_production_lane|no_parameter_domain_point,6fd715953558da50d976951e9e7cc3c19f3dca36
ts_hvg_degree_entropy,entropy,statistical_estimator,,daily,DIAGNOSTIC_RESEARCH,self_fit_descriptive,False,,,,False,False,,,,,,,False,family_oracle,,,,,,,,,,,false,False,no_explicit_timing|not_production_lane|no_parameter_domain_point,6fd715953558da50d976951e9e7cc3c19f3dca36
ts_hvg_forward_backward_asymmetry,entropy,statistical_estimator,,daily,DIAGNOSTIC_RESEARCH,self_fit_descriptive,False,,,,False,False,,,,,,,False,family_oracle,,,,,,,,,,,false,False,no_explicit_timing|not_production_lane|no_parameter_domain_point,6fd715953558da50d976951e9e7cc3c19f3dca36
ts_hvg_motif_entropy,rqa,rqa,,extended,DIAGNOSTIC_RESEARCH,self_fit_descriptive,False,,,,False,False,,,,,,,False,family_oracle,,,,,,,,,,,false,False,no_explicit_timing|not_production_lane|no_parameter_domain_point,6fd715953558da50d976951e9e7cc3c19f3dca36
ts_hysteresis_age,generic,statistical_estimator,,daily,DIAGNOSTIC_RESEARCH,self_fit_descriptive,False,,,,False,False,,,,,,,False,family_oracle,,,,,,,,,,,false,False,no_explicit_timing|not_production_lane|no_parameter_domain_point,6fd715953558da50d976951e9e7cc3c19f3dca36
ts_hysteresis_state,state,state,,daily,DIAGNOSTIC_RESEARCH,self_fit_descriptive,False,,,,False,False,,,,,,,False,family_oracle,,,,,,,,,,,false,False,no_explicit_timing|not_production_lane|no_parameter_domain_point,6fd715953558da50d976951e9e7cc3c19f3dca36
ts_kalman_beta,kalman,kalman,model_feature,extended,FAST_NATIVE_ALPHA,recursive_causal_filter,True,,,label_horizon,True,True,finite_only,,,,,,False,family_oracle,,,,,,,,,,fast,true,False,no_parameter_domain_point,6fd715953558da50d976951e9e7cc3c19f3dca36
ts_kalman_beta_change,kalman,kalman,model_feature,extended,FAST_NATIVE_ALPHA,recursive_causal_filter,True,,,label_horizon,True,True,finite_only,,,,,,False,family_oracle,,,,,,,,,,fast,true,False,no_parameter_domain_point,6fd715953558da50d976951e9e7cc3c19f3dca36
ts_kalman_beta_uncertainty,kalman,kalman,model_feature,extended,FAST_NATIVE_ALPHA,recursive_causal_filter,True,,,label_horizon,True,True,finite_only,,,,,,False,family_oracle,,,,,,,,,,fast,true,False,no_parameter_domain_point,6fd715953558da50d976951e9e7cc3c19f3dca36
ts_kalman_innovation_z,kalman,kalman,model_feature,extended,FAST_NATIVE_ALPHA,recursive_causal_filter,True,,,label_horizon,True,True,finite_only,,,,,,False,family_oracle,,,,,,,,,,fast,true,False,no_parameter_domain_point,6fd715953558da50d976951e9e7cc3c19f3dca36
ts_kalman_level,kalman,kalman,model_feature,extended,FAST_NATIVE_ALPHA,recursive_causal_filter,True,,,label_horizon,True,True,finite_only,,,,,,False,family_oracle,,,,,,,,,,fast,true,False,no_parameter_domain_point,6fd715953558da50d976951e9e7cc3c19f3dca36
ts_kalman_trend,kalman,kalman,model_feature,extended,FAST_NATIVE_ALPHA,recursive_causal_filter,True,,,label_horizon,True,True,finite_only,,,,,,False,family_oracle,,,,,,,,,,fast,true,False,no_parameter_domain_point,6fd715953558da50d976951e9e7cc3c19f3dca36
ts_kernel_granger_score,kernel,kernel,,extended,DIAGNOSTIC_RESEARCH,prior_reference_current_query,False,,,,False,False,,,,,,,False,family_oracle,,,,,,,,,,,false,False,no_explicit_timing|not_production_lane|no_parameter_domain_point,6fd715953558da50d976951e9e7cc3c19f3dca36
ts_km_diffusion_gradient,generic,statistical_estimator,,daily,DIAGNOSTIC_RESEARCH,self_fit_descriptive,False,,,,False,False,,,,,,,False,family_oracle,,,,,,,,,,,false,False,no_explicit_timing|not_production_lane|no_parameter_domain_point,6fd715953558da50d976951e9e7cc3c19f3dca36
ts_km_equilibrium_distance,generic,statistical_estimator,,daily,DIAGNOSTIC_RESEARCH,self_fit_descriptive,False,,,,False,False,,,,,,,False,family_oracle,,,,,,,,,,,false,False,no_explicit_timing|not_production_lane|no_parameter_domain_point,6fd715953558da50d976951e9e7cc3c19f3dca36
ts_km_quasipotential_depth,generic,statistical_estimator,,daily,DIAGNOSTIC_RESEARCH,self_fit_descriptive,False,,,,False,False,,,,,,,False,family_oracle,,,,,,,,,,,false,False,no_explicit_timing|not_production_lane|no_parameter_domain_point,6fd715953558da50d976951e9e7cc3c19f3dca36
ts_kramers_moyal_local_stability,generic,statistical_estimator,,daily,DIAGNOSTIC_RESEARCH,self_fit_descriptive,False,,,,False,False,,,,,,,False,family_oracle,,,,,,,,,,,false,False,no_explicit_timing|not_production_lane|no_parameter_domain_point,6fd715953558da50d976951e9e7cc3c19f3dca36
ts_level_shift_score,generic,statistical_estimator,,daily,DIAGNOSTIC_RESEARCH,self_fit_descriptive,False,,,,False,False,,,,,,,False,family_oracle,,,,,,,,,,,false,False,no_explicit_timing|not_production_lane|no_parameter_domain_point,6fd715953558da50d976951e9e7cc3c19f3dca36
ts_lo_mackinlay_vr,generic,statistical_estimator,,extended,DIAGNOSTIC_RESEARCH,self_fit_descriptive,False,,,,False,False,,,,,,,False,family_oracle,,,,,,,,,,,false,False,no_explicit_timing|not_production_lane|no_parameter_domain_point,6fd715953558da50d976951e9e7cc3c19f3dca36
ts_lo_mackinlay_z,generic,statistical_estimator,,extended,DIAGNOSTIC_RESEARCH,self_fit_descriptive,False,,,,False,False,,,,,,,False,family_oracle,,,,,,,,,,,false,False,no_explicit_timing|not_production_lane|no_parameter_domain_point,6fd715953558da50d976951e9e7cc3c19f3dca36
ts_local_lyapunov_exponent,kernel,kernel,,extended,DIAGNOSTIC_RESEARCH,self_fit_descriptive,False,,,,False,False,,,,,,,False,family_oracle,,,,,,,,,,,false,False,no_explicit_timing|not_production_lane|no_parameter_domain_point,6fd715953558da50d976951e9e7cc3c19f3dca36
ts_lz_complexity,generic,statistical_estimator,,extended,DIAGNOSTIC_RESEARCH,self_fit_descriptive,False,,,,False,False,,,,,,,False,family_oracle,,,,,,,,,,,false,False,no_explicit_timing|not_production_lane|no_parameter_domain_point,6fd715953558da50d976951e9e7cc3c19f3dca36
ts_markov_committor,state,state,,daily,STATE_CONDITION_EVENT,self_fit_descriptive,True,,,,False,False,,,,,,,False,family_oracle,,,,,,,,,,,true,False,no_parameter_domain_point,6fd715953558da50d976951e9e7cc3c19f3dca36
ts_markov_entropy_production,entropy,statistical_estimator,,extended,STATE_CONDITION_EVENT,self_fit_descriptive,True,,,,False,False,,,,,,,False,family_oracle,,,,,,,,,,,true,False,no_parameter_domain_point,6fd715953558da50d976951e9e7cc3c19f3dca36
ts_markov_mean_first_passage_time,dmd,dmd,,daily,STATE_CONDITION_EVENT,matured_historical_outcome,True,,,,False,False,,,,,,,False,family_oracle,,,,,,,,,,,true,False,no_parameter_domain_point,6fd715953558da50d976951e9e7cc3c19f3dca36
ts_markov_persistence,state,state,,daily,STATE_CONDITION_EVENT,self_fit_descriptive,True,,,,False,False,,,,,,,False,family_oracle,,,,,,,,,,,true,False,no_parameter_domain_point,6fd715953558da50d976951e9e7cc3c19f3dca36
ts_markov_spectral_gap,state,state,,daily,STATE_CONDITION_EVENT,self_fit_descriptive,True,,,,False,False,,,,,,,False,family_oracle,,,,,,,,,,,true,False,no_parameter_domain_point,6fd715953558da50d976951e9e7cc3c19f3dca36
ts_markov_state_entropy,entropy,statistical_estimator,,daily,STATE_CONDITION_EVENT,self_fit_descriptive,True,,,,False,False,,,,,,,False,family_oracle,,,,,,,,,,,true,False,no_parameter_domain_point,6fd715953558da50d976951e9e7cc3c19f3dca36
ts_markov_stationary_surprisal,state,state,,daily,STATE_CONDITION_EVENT,self_fit_descriptive,True,,,,False,False,,,,,,,False,family_oracle,,,,,,,,,,,true,False,no_parameter_domain_point,6fd715953558da50d976951e9e7cc3c19f3dca36
ts_markov_transition_surprisal,state,state,,daily,STATE_CONDITION_EVENT,self_fit_descriptive,True,,,,False,False,,,,,,,False,family_oracle,,,,,,,,,,,true,False,no_parameter_domain_point,6fd715953558da50d976951e9e7cc3c19f3dca36
ts_matrix_profile_discord_score,rqa,rqa,,extended,EXPENSIVE_CERTIFIED_ALPHA,prior_reference_current_query,True,,,,False,False,,,,,,,False,family_oracle,,,,,,,,,,expensive,true,False,no_parameter_domain_point,6fd715953558da50d976951e9e7cc3c19f3dca36
ts_matrix_profile_motif_age,rqa,rqa,,daily,EXPENSIVE_CERTIFIED_ALPHA,prior_reference_current_query,True,,,,False,False,,,,,,,False,family_oracle,,,,,,,,,,expensive,true,False,no_parameter_domain_point,6fd715953558da50d976951e9e7cc3c19f3dca36
ts_matrix_profile_motif_frequency,rqa,rqa,,extended,EXPENSIVE_CERTIFIED_ALPHA,prior_reference_current_query,True,,,,False,False,,,,,,,False,family_oracle,,,,,,,,,,expensive,true,False,no_parameter_domain_point,6fd715953558da50d976951e9e7cc3c19f3dca36
ts_matrix_profile_neighbor_dispersion,rqa,rqa,,extended,EXPENSIVE_CERTIFIED_ALPHA,prior_reference_current_query,True,,,,False,False,,,,,,,False,family_oracle,,,,,,,,,,expensive,true,False,no_parameter_domain_point,6fd715953558da50d976951e9e7cc3c19f3dca36
ts_matrix_profile_novelty,rqa,rqa,,daily,EXPENSIVE_CERTIFIED_ALPHA,prior_reference_current_query,True,,,,False,False,,,,,,,False,family_oracle,,,,,,,,,,expensive,true,False,no_parameter_domain_point,6fd715953558da50d976951e9e7cc3c19f3dca36
ts_mean_reversion_half_life,ar,ar,,daily,DIAGNOSTIC_RESEARCH,self_fit_descriptive,True,,,,False,False,,,,,,,False,family_oracle,,,,,,,,,,,false,False,not_production_lane|no_parameter_domain_point,6fd715953558da50d976951e9e7cc3c19f3dca36
ts_mean_reversion_ou_approx_half_life,ar,ar,,extended,DIAGNOSTIC_RESEARCH,self_fit_descriptive,True,,,,False,False,,,,,,,False,family_oracle,,,,,,,,,,,false,False,not_production_lane|no_parameter_domain_point,6fd715953558da50d976951e9e7cc3c19f3dca36
ts_motif_recurrence_count,rqa,rqa,,extended,EXPENSIVE_CERTIFIED_ALPHA,prior_reference_current_query,True,,,,False,False,,,,,,,False,family_oracle,,,,,,,,,,expensive,true,False,no_parameter_domain_point,6fd715953558da50d976951e9e7cc3c19f3dca36
ts_multi_regression_adjusted_r2_prior,regression,regression,,daily,FAST_NATIVE_ALPHA,prior_fit_predictive,True,,,,False,False,,,,,,,False,family_oracle,,,,,,,,,,fast,true,False,no_parameter_domain_point,6fd715953558da50d976951e9e7cc3c19f3dca36
ts_multi_regression_coeff,regression,regression,,daily,DIAGNOSTIC_RESEARCH,self_fit_descriptive,False,,,,False,False,,,,,,,False,family_oracle,,,,,,,,,,,false,False,no_explicit_timing|not_production_lane|no_parameter_domain_point,6fd715953558da50d976951e9e7cc3c19f3dca36
ts_multi_regression_coeff_prior,regression,regression,,daily,FAST_NATIVE_ALPHA,prior_fit_predictive,True,,,,False,False,,,,,,,False,family_oracle,,,,,,,,,,fast,true,False,no_parameter_domain_point,6fd715953558da50d976951e9e7cc3c19f3dca36
ts_multi_regression_coeff_stability,regression,regression,,daily,FAST_NATIVE_ALPHA,prior_fit_predictive,True,,,,False,False,,,,,,,False,family_oracle,,,,,,,,,,fast,true,False,no_parameter_domain_point,6fd715953558da50d976951e9e7cc3c19f3dca36
ts_multi_regression_forecast_error,regression,regression,,daily,FAST_NATIVE_ALPHA,prior_fit_predictive,True,,,,False,False,,,,,,,False,family_oracle,,,,,,,,,,fast,true,False,no_parameter_domain_point,6fd715953558da50d976951e9e7cc3c19f3dca36
ts_multi_regression_forecast_error_z,regression,regression,,daily,FAST_NATIVE_ALPHA,prior_fit_predictive,True,,,,False,False,,,,,,,False,family_oracle,,,,,,,,,,fast,true,False,no_parameter_domain_point,6fd715953558da50d976951e9e7cc3c19f3dca36
ts_multi_regression_r2,regression,regression,,daily,DIAGNOSTIC_RESEARCH,self_fit_descriptive,False,,,,False,False,,,,,,,False,family_oracle,,,,,,,,,,,false,False,no_explicit_timing|not_production_lane|no_parameter_domain_point,6fd715953558da50d976951e9e7cc3c19f3dca36
ts_multi_regression_r2_prior,regression,regression,,daily,FAST_NATIVE_ALPHA,prior_fit_predictive,True,,,,False,False,,,,,,,False,family_oracle,,,,,,,,,,fast,true,False,no_parameter_domain_point,6fd715953558da50d976951e9e7cc3c19f3dca36
ts_multi_regression_resid,regression,regression,,daily,DIAGNOSTIC_RESEARCH,self_fit_descriptive,False,,,,False,False,,,,,,,False,family_oracle,,,,,,,,,,,false,False,no_explicit_timing|not_production_lane|no_parameter_domain_point,6fd715953558da50d976951e9e7cc3c19f3dca36
ts_multi_regression_resid_z,regression,regression,,daily,DIAGNOSTIC_RESEARCH,self_fit_descriptive,False,,,,False,False,,,,,,,False,family_oracle,,,,,,,,,,,false,False,no_explicit_timing|not_production_lane|no_parameter_domain_point,6fd715953558da50d976951e9e7cc3c19f3dca36
ts_multiscale_entropy_slope,entropy,statistical_estimator,,extended,DIAGNOSTIC_RESEARCH,self_fit_descriptive,False,,,,False,False,,,,,,,False,family_oracle,,,,,,,,,,,false,False,no_explicit_timing|not_production_lane|no_parameter_domain_point,6fd715953558da50d976951e9e7cc3c19f3dca36
ts_multiscale_permutation_entropy_slope,entropy,statistical_estimator,,extended,DIAGNOSTIC_RESEARCH,self_fit_descriptive,False,,,,False,False,,,,,,,False,family_oracle,,,,,,,,,,,false,False,no_explicit_timing|not_production_lane|no_parameter_domain_point,6fd715953558da50d976951e9e7cc3c19f3dca36
ts_ordinal_irreversibility,generic,statistical_estimator,,daily,DIAGNOSTIC_RESEARCH,self_fit_descriptive,False,,,,False,False,,,,,,,False,family_oracle,,,,,,,,,,,false,False,no_explicit_timing|not_production_lane|no_parameter_domain_point,6fd715953558da50d976951e9e7cc3c19f3dca36
ts_partial_corr,generic,statistical_estimator,,daily,DIAGNOSTIC_RESEARCH,self_fit_descriptive,False,,,,False,False,,,,,,,False,family_oracle,,,,,,,,,,,false,False,no_explicit_timing|not_production_lane|no_parameter_domain_point,6fd715953558da50d976951e9e7cc3c19f3dca36
ts_path_leadlag_area,generic,statistical_estimator,,extended,DIAGNOSTIC_RESEARCH,self_fit_descriptive,True,,,,False,False,,,,,,,False,family_oracle,,,,,,,,,,,false,False,not_production_lane|no_parameter_domain_point,6fd715953558da50d976951e9e7cc3c19f3dca36
ts_path_signature_area,generic,statistical_estimator,,extended,DIAGNOSTIC_RESEARCH,self_fit_descriptive,True,,,,False,False,,,,,,,False,family_oracle,,,,,,,,,,,false,False,not_production_lane|no_parameter_domain_point,6fd715953558da50d976951e9e7cc3c19f3dca36
ts_path_signature_depth2_norm,generic,statistical_estimator,,extended,DIAGNOSTIC_RESEARCH,self_fit_descriptive,True,,,,False,False,,,,,,,False,family_oracle,,,,,,,,,,,false,False,not_production_lane|no_parameter_domain_point,6fd715953558da50d976951e9e7cc3c19f3dca36
ts_poly2_forecast_error,generic,statistical_estimator,,extended,FAST_NATIVE_ALPHA,prior_fit_predictive,True,,,,False,False,,,,,,,False,family_oracle,,,,,,,,,,fast,true,False,no_parameter_domain_point,6fd715953558da50d976951e9e7cc3c19f3dca36
ts_poly2_forecast_error_z,generic,statistical_estimator,,extended,FAST_NATIVE_ALPHA,prior_fit_predictive,True,,,,False,False,,,,,,,False,family_oracle,,,,,,,,,,fast,true,False,no_parameter_domain_point,6fd715953558da50d976951e9e7cc3c19f3dca36
ts_pseudocount_sample_entropy,entropy,statistical_estimator,,extended,DIAGNOSTIC_RESEARCH,self_fit_descriptive,False,,,,False,False,,,,,,,False,family_oracle,,,,,,,,,,,false,False,no_explicit_timing|not_production_lane|no_parameter_domain_point,6fd715953558da50d976951e9e7cc3c19f3dca36
ts_quantile,regression,regression,,daily,DIAGNOSTIC_RESEARCH,self_fit_descriptive,False,,,,False,False,,,,,,,False,family_oracle,,,,,,,,,,,false,False,no_explicit_timing|not_production_lane|no_parameter_domain_point,6fd715953558da50d976951e9e7cc3c19f3dca36
ts_quantile_beta_spread,regression,regression,,daily,DIAGNOSTIC_RESEARCH,self_fit_descriptive,False,,,,False,False,,,,,,,False,family_oracle,,,,,,,,,,,false,False,no_explicit_timing|not_production_lane|no_parameter_domain_point,6fd715953558da50d976951e9e7cc3c19f3dca36
ts_quantile_beta_spread_prior,regression,regression,,extended,FAST_NATIVE_ALPHA,prior_fit_predictive,True,,,,False,False,,,,,,,False,family_oracle,,,,,,,,,,fast,true,False,no_parameter_domain_point,6fd715953558da50d976951e9e7cc3c19f3dca36
ts_quantile_crossing_spectral_concentration,regression,regression,,extended,DIAGNOSTIC_RESEARCH,self_fit_descriptive,False,,,,False,False,,,,,,,False,family_oracle,,,,,,,,,,,false,False,no_explicit_timing|not_production_lane|no_parameter_domain_point,6fd715953558da50d976951e9e7cc3c19f3dca36
ts_quantile_if,regression,regression,,daily,DIAGNOSTIC_RESEARCH,self_fit_descriptive,False,,,,False,False,,,,,,,False,family_oracle,,,,,,,,,,,false,False,no_explicit_timing|not_production_lane|no_parameter_domain_point,6fd715953558da50d976951e9e7cc3c19f3dca36
ts_quantile_kurtosis,regression,regression,,daily,DIAGNOSTIC_RESEARCH,self_fit_descriptive,False,,,,False,False,,,,,,,False,family_oracle,,,,,,,,,,,false,False,no_explicit_timing|not_production_lane|no_parameter_domain_point,6fd715953558da50d976951e9e7cc3c19f3dca36
ts_quantile_range,regression,regression,,daily,DIAGNOSTIC_RESEARCH,self_fit_descriptive,False,,,,False,False,,,,,,,False,family_oracle,,,,,,,,,,,false,False,no_explicit_timing|not_production_lane|no_parameter_domain_point,6fd715953558da50d976951e9e7cc3c19f3dca36
ts_quantile_regression_beta,regression,regression,,research,DIAGNOSTIC_RESEARCH,self_fit_descriptive,False,,,,False,False,,,,,,,False,family_oracle,,,,,,,,,,,false,False,no_explicit_timing|not_production_lane|no_parameter_domain_point,6fd715953558da50d976951e9e7cc3c19f3dca36
ts_quantile_regression_coeff,regression,regression,,daily,DIAGNOSTIC_RESEARCH,self_fit_descriptive,False,,,,False,False,,,,,,,False,family_oracle,,,,,,,,,,,false,False,no_explicit_timing|not_production_lane|no_parameter_domain_point,6fd715953558da50d976951e9e7cc3c19f3dca36
ts_quantile_regression_coeff_prior,regression,regression,,extended,FAST_NATIVE_ALPHA,prior_fit_predictive,True,,,,False,False,,,,,,,False,family_oracle,,,,,,,,,,fast,true,False,no_parameter_domain_point,6fd715953558da50d976951e9e7cc3c19f3dca36
ts_quantile_regression_resid,regression,regression,,daily,DIAGNOSTIC_RESEARCH,self_fit_descriptive,False,,,,False,False,,,,,,,False,family_oracle,,,,,,,,,,,false,False,no_explicit_timing|not_production_lane|no_parameter_domain_point,6fd715953558da50d976951e9e7cc3c19f3dca36
ts_quantile_regression_slope,regression,regression,,daily,DIAGNOSTIC_RESEARCH,self_fit_descriptive,False,,,,False,False,,,,,,,False,family_oracle,,,,,,,,,,,false,False,no_explicit_timing|not_production_lane|no_parameter_domain_point,6fd715953558da50d976951e9e7cc3c19f3dca36
ts_quantile_skew,regression,regression,,daily,DIAGNOSTIC_RESEARCH,self_fit_descriptive,False,,,,False,False,,,,,,,False,family_oracle,,,,,,,,,,,false,False,no_explicit_timing|not_production_lane|no_parameter_domain_point,6fd715953558da50d976951e9e7cc3c19f3dca36
ts_quantile_transport_curvature,regression,regression,,daily,DIAGNOSTIC_RESEARCH,self_fit_descriptive,False,,,,False,False,,,,,,,False,family_oracle,,,,,,,,,,,false,False,no_explicit_timing|not_production_lane|no_parameter_domain_point,6fd715953558da50d976951e9e7cc3c19f3dca36
ts_quantile_transport_slope,regression,regression,,daily,DIAGNOSTIC_RESEARCH,self_fit_descriptive,False,,,,False,False,,,,,,,False,family_oracle,,,,,,,,,,,false,False,no_explicit_timing|not_production_lane|no_parameter_domain_point,6fd715953558da50d976951e9e7cc3c19f3dca36
ts_recurrence_determinism,rqa,rqa,,daily,DIAGNOSTIC_RESEARCH,self_fit_descriptive,False,,,,False,False,,,,,,,False,family_oracle,,,,,,,,,,,false,False,no_explicit_timing|not_production_lane|no_parameter_domain_point,6fd715953558da50d976951e9e7cc3c19f3dca36
ts_recurrence_diagonal_entropy,rqa,rqa,,daily,DIAGNOSTIC_RESEARCH,self_fit_descriptive,False,,,,False,False,,,,,,,False,family_oracle,,,,,,,,,,,false,False,no_explicit_timing|not_production_lane|no_parameter_domain_point,6fd715953558da50d976951e9e7cc3c19f3dca36
ts_recurrence_divergence,rqa,rqa,,daily,DIAGNOSTIC_RESEARCH,self_fit_descriptive,False,,,,False,False,,,,,,,False,family_oracle,,,,,,,,,,,false,False,no_explicit_timing|not_production_lane|no_parameter_domain_point,6fd715953558da50d976951e9e7cc3c19f3dca36
ts_recurrence_laminarity,rqa,rqa,,daily,DIAGNOSTIC_RESEARCH,self_fit_descriptive,False,,,,False,False,,,,,,,False,family_oracle,,,,,,,,,,,false,False,no_explicit_timing|not_production_lane|no_parameter_domain_point,6fd715953558da50d976951e9e7cc3c19f3dca36
ts_recurrence_longest_vertical_length,rqa,rqa,,extended,DIAGNOSTIC_RESEARCH,self_fit_descriptive,False,,,,False,False,,,,,,,False,family_oracle,,,,,,,,,,,false,False,no_explicit_timing|not_production_lane|no_parameter_domain_point,6fd715953558da50d976951e9e7cc3c19f3dca36
ts_recurrence_mean_diagonal_length,rqa,rqa,,extended,DIAGNOSTIC_RESEARCH,self_fit_descriptive,False,,,,False,False,,,,,,,False,family_oracle,,,,,,,,,,,false,False,no_explicit_timing|not_production_lane|no_parameter_domain_point,6fd715953558da50d976951e9e7cc3c19f3dca36
ts_recurrence_rate,rqa,rqa,,daily,DIAGNOSTIC_RESEARCH,self_fit_descriptive,False,,,,False,False,,,,,,,False,family_oracle,,,,,,,,,,,false,False,no_explicit_timing|not_production_lane|no_parameter_domain_point,6fd715953558da50d976951e9e7cc3c19f3dca36
ts_recurrence_trapping_time,rqa,rqa,,daily,DIAGNOSTIC_RESEARCH,self_fit_descriptive,False,,,,False,False,,,,,,,False,family_oracle,,,,,,,,,,,false,False,no_explicit_timing|not_production_lane|no_parameter_domain_point,6fd715953558da50d976951e9e7cc3c19f3dca36
ts_regime_duration,state,state,,extended,STATE_CONDITION_EVENT,self_fit_descriptive,True,,,,False,False,,,,,,,False,family_oracle,,,,,,,,,,,true,False,no_parameter_domain_point,6fd715953558da50d976951e9e7cc3c19f3dca36
ts_regression_forecast_error,regression,regression,,daily,FAST_NATIVE_ALPHA,prior_fit_predictive,True,,,,False,False,,,,,,,False,family_oracle,,,,,,,,,,fast,true,False,no_parameter_domain_point,6fd715953558da50d976951e9e7cc3c19f3dca36
ts_regression_forecast_error_z,regression,regression,,daily,FAST_NATIVE_ALPHA,prior_fit_predictive,True,,,,False,False,,,,,,,False,family_oracle,,,,,,,,,,fast,true,False,no_parameter_domain_point,6fd715953558da50d976951e9e7cc3c19f3dca36
ts_regression_in_sample_resid,regression,regression,,daily,DIAGNOSTIC_RESEARCH,self_fit_descriptive,False,,,,False,False,,,,,,,False,family_oracle,,,,,,,,,,,false,False,no_explicit_timing|not_production_lane|no_parameter_domain_point,6fd715953558da50d976951e9e7cc3c19f3dca36
ts_regression_intercept,regression,regression,,daily,DIAGNOSTIC_RESEARCH,self_fit_descriptive,False,,,,False,False,,,,,,,False,family_oracle,,,,,,,,,,,false,False,no_explicit_timing|not_production_lane|no_parameter_domain_point,6fd715953558da50d976951e9e7cc3c19f3dca36
ts_regression_r2,regression,regression,,daily,DIAGNOSTIC_RESEARCH,self_fit_descriptive,False,,,,False,False,,,,,,,False,family_oracle,,,,,,,,,,,false,False,no_explicit_timing|not_production_lane|no_parameter_domain_point,6fd715953558da50d976951e9e7cc3c19f3dca36
ts_regression_resid,regression,regression,,daily,DIAGNOSTIC_RESEARCH,self_fit_descriptive,False,,,,False,False,,,,,,,False,family_oracle,,,,,,,,,,,false,False,no_explicit_timing|not_production_lane|no_parameter_domain_point,6fd715953558da50d976951e9e7cc3c19f3dca36
ts_regression_resid_if,regression,regression,,daily,DIAGNOSTIC_RESEARCH,self_fit_descriptive,False,,,,False,False,,,,,,,False,family_oracle,,,,,,,,,,,false,False,no_explicit_timing|not_production_lane|no_parameter_domain_point,6fd715953558da50d976951e9e7cc3c19f3dca36
ts_regression_resid_mean,regression,regression,,daily,DIAGNOSTIC_RESEARCH,self_fit_descriptive,False,,,,False,False,,,,,,,False,family_oracle,,,,,,,,,,,false,False,no_explicit_timing|not_production_lane|no_parameter_domain_point,6fd715953558da50d976951e9e7cc3c19f3dca36
ts_regression_slope,regression,regression,,daily,FAST_NATIVE_ALPHA,self_fit_descriptive,True,,,,False,False,,,,,,,False,family_oracle,,,,,,,,,,fast,true,False,no_parameter_domain_point,6fd715953558da50d976951e9e7cc3c19f3dca36
ts_regression_tstat,regression,regression,,daily,DIAGNOSTIC_RESEARCH,self_fit_descriptive,False,,,,False,False,,,,,,,False,family_oracle,,,,,,,,,,,false,False,no_explicit_timing|not_production_lane|no_parameter_domain_point,6fd715953558da50d976951e9e7cc3c19f3dca36
ts_residualized_hsic,kernel,kernel,,extended,DIAGNOSTIC_RESEARCH,prior_fit_predictive,True,,,,False,False,,,,,,,False,family_oracle,,,,,,,,,,,false,False,not_production_lane|no_parameter_domain_point,6fd715953558da50d976951e9e7cc3c19f3dca36
ts_return_spectral_entropy,entropy,statistical_estimator,,extended,DIAGNOSTIC_RESEARCH,self_fit_descriptive,False,,,,False,False,,,,,,,False,family_oracle,,,,,,,,,,,false,False,no_explicit_timing|not_production_lane|no_parameter_domain_point,6fd715953558da50d976951e9e7cc3c19f3dca36
ts_ridge_regression_coeff,regression,regression,,daily,DIAGNOSTIC_RESEARCH,self_fit_descriptive,False,,,,False,False,,,,,,,False,family_oracle,,,,,,,,,,,false,False,no_explicit_timing|not_production_lane|no_parameter_domain_point,6fd715953558da50d976951e9e7cc3c19f3dca36
ts_ridge_regression_coeff_prior,regression,regression,,daily,FAST_NATIVE_ALPHA,prior_fit_predictive,True,,,,False,False,,,,,,,False,family_oracle,,,,,,,,,,fast,true,False,no_parameter_domain_point,6fd715953558da50d976951e9e7cc3c19f3dca36
ts_ridge_regression_forecast_error,regression,regression,,daily,FAST_NATIVE_ALPHA,prior_fit_predictive,True,,,,False,False,,,,,,,False,family_oracle,,,,,,,,,,fast,true,False,no_parameter_domain_point,6fd715953558da50d976951e9e7cc3c19f3dca36
ts_ridge_regression_forecast_error_z,regression,regression,,daily,FAST_NATIVE_ALPHA,prior_fit_predictive,True,,,,False,False,,,,,,,False,family_oracle,,,,,,,,,,fast,true,False,no_parameter_domain_point,6fd715953558da50d976951e9e7cc3c19f3dca36
ts_ridge_regression_in_sample_resid,regression,regression,,extended,DIAGNOSTIC_RESEARCH,self_fit_descriptive,False,,,,False,False,,,,,,,False,family_oracle,,,,,,,,,,,false,False,no_explicit_timing|not_production_lane|no_parameter_domain_point,6fd715953558da50d976951e9e7cc3c19f3dca36
ts_ridge_regression_predictive_resid,regression,regression,,extended,FAST_NATIVE_ALPHA,prior_fit_predictive,True,,,,False,False,,,,,,,False,family_oracle,,,,,,,,,,fast,true,False,no_parameter_domain_point,6fd715953558da50d976951e9e7cc3c19f3dca36
ts_ridge_regression_resid_z,regression,regression,,daily,DIAGNOSTIC_RESEARCH,self_fit_descriptive,False,,,,False,False,,,,,,,False,family_oracle,,,,,,,,,,,false,False,no_explicit_timing|not_production_lane|no_parameter_domain_point,6fd715953558da50d976951e9e7cc3c19f3dca36
ts_rqa_determinism_fixed_rr,rqa,rqa,,extended,DIAGNOSTIC_RESEARCH,self_fit_descriptive,False,,,,False,False,,,,,,,False,family_oracle,,,,,,,,,,,false,False,no_explicit_timing|not_production_lane|no_parameter_domain_point,6fd715953558da50d976951e9e7cc3c19f3dca36
ts_rqa_laminarity_fixed_rr,rqa,rqa,,extended,DIAGNOSTIC_RESEARCH,self_fit_descriptive,False,,,,False,False,,,,,,,False,family_oracle,,,,,,,,,,,false,False,no_explicit_timing|not_production_lane|no_parameter_domain_point,6fd715953558da50d976951e9e7cc3c19f3dca36
ts_run_concentration,generic,statistical_estimator,,daily,DIAGNOSTIC_RESEARCH,self_fit_descriptive,False,,,,False,False,,,,,,,False,family_oracle,,,,,,,,,,,false,False,no_explicit_timing|not_production_lane|no_parameter_domain_point,6fd715953558da50d976951e9e7cc3c19f3dca36
ts_run_efficiency,generic,statistical_estimator,,daily,DIAGNOSTIC_RESEARCH,self_fit_descriptive,False,,,,False,False,,,,,,,False,family_oracle,,,,,,,,,,,false,False,no_explicit_timing|not_production_lane|no_parameter_domain_point,6fd715953558da50d976951e9e7cc3c19f3dca36
ts_run_strength,generic,statistical_estimator,,daily,DIAGNOSTIC_RESEARCH,self_fit_descriptive,False,,,,False,False,,,,,,,False,family_oracle,,,,,,,,,,,false,False,no_explicit_timing|not_production_lane|no_parameter_domain_point,6fd715953558da50d976951e9e7cc3c19f3dca36
ts_sign_cluster_index,generic,statistical_estimator,,daily,DIAGNOSTIC_RESEARCH,self_fit_descriptive,False,,,,False,False,,,,,,,False,family_oracle,,,,,,,,,,,false,False,no_explicit_timing|not_production_lane|no_parameter_domain_point,6fd715953558da50d976951e9e7cc3c19f3dca36
ts_sign_persistence,generic,statistical_estimator,,daily,DIAGNOSTIC_RESEARCH,self_fit_descriptive,False,,,,False,False,,,,,,,False,family_oracle,,,,,,,,,,,false,False,no_explicit_timing|not_production_lane|no_parameter_domain_point,6fd715953558da50d976951e9e7cc3c19f3dca36
ts_signature_mahalanobis_anomaly,generic,statistical_estimator,,extended,EXPENSIVE_CERTIFIED_ALPHA,prior_reference_current_query,True,,,,False,False,,,,,,,False,family_oracle,,,,,,,,,,expensive,true,False,no_parameter_domain_point,6fd715953558da50d976951e9e7cc3c19f3dca36
ts_spectral_centroid,spectral,statistical_estimator,,daily,DIAGNOSTIC_RESEARCH,self_fit_descriptive,False,,,,False,False,,,,,,,False,family_oracle,,,,,,,,,,,false,False,no_explicit_timing|not_production_lane|no_parameter_domain_point,6fd715953558da50d976951e9e7cc3c19f3dca36
ts_spectral_entropy,entropy,statistical_estimator,,daily,DIAGNOSTIC_RESEARCH,self_fit_descriptive,False,,,,False,False,,,,,,,False,family_oracle,,,,,,,,,,,false,False,no_explicit_timing|not_production_lane|no_parameter_domain_point,6fd715953558da50d976951e9e7cc3c19f3dca36
ts_spectral_flatness,spectral,statistical_estimator,,daily,DIAGNOSTIC_RESEARCH,self_fit_descriptive,False,,,,False,False,,,,,,,False,family_oracle,,,,,,,,,,,false,False,no_explicit_timing|not_production_lane|no_parameter_domain_point,6fd715953558da50d976951e9e7cc3c19f3dca36
ts_spectral_low_frequency_ratio,spectral,statistical_estimator,,extended,DIAGNOSTIC_RESEARCH,self_fit_descriptive,False,,,,False,False,,,,,,,False,family_oracle,,,,,,,,,,,false,False,no_explicit_timing|not_production_lane|no_parameter_domain_point,6fd715953558da50d976951e9e7cc3c19f3dca36
ts_spectral_peak_concentration,spectral,statistical_estimator,,daily,DIAGNOSTIC_RESEARCH,self_fit_descriptive,False,,,,False,False,,,,,,,False,family_oracle,,,,,,,,,,,false,False,no_explicit_timing|not_production_lane|no_parameter_domain_point,6fd715953558da50d976951e9e7cc3c19f3dca36
ts_spectral_quality_factor,spectral,statistical_estimator,,daily,DIAGNOSTIC_RESEARCH,self_fit_descriptive,False,,,,False,False,,,,,,,False,family_oracle,,,,,,,,,,,false,False,no_explicit_timing|not_production_lane|no_parameter_domain_point,6fd715953558da50d976951e9e7cc3c19f3dca36
ts_ssa_prior_reconstruction_error,dmd,dmd,,extended,FAST_NATIVE_ALPHA,prior_fit_predictive,True,,,,False,False,,,,,,,False,family_oracle,,,,,,,,,,fast,true,False,no_parameter_domain_point,6fd715953558da50d976951e9e7cc3c19f3dca36
ts_ssa_reconstruction_residual,dmd,dmd,,daily,DIAGNOSTIC_RESEARCH,self_fit_descriptive,True,,,,False,False,,,,,,,False,family_oracle,,,,,,,,,,,false,False,not_production_lane|no_parameter_domain_point,6fd715953558da50d976951e9e7cc3c19f3dca36
ts_state_age_percentile,state,state,,daily,DIAGNOSTIC_RESEARCH,self_fit_descriptive,False,,,,False,False,,,,,,,False,family_oracle,,,,,,,,,,,false,False,no_explicit_timing|not_production_lane|no_parameter_domain_point,6fd715953558da50d976951e9e7cc3c19f3dca36
ts_state_density,state,state,,daily,DIAGNOSTIC_RESEARCH,prior_reference_current_query,False,,,,False,False,,,,,,,False,family_oracle,,,,,,,,,,,false,False,no_explicit_timing|not_production_lane|no_parameter_domain_point,6fd715953558da50d976951e9e7cc3c19f3dca36
ts_state_entry_strength,state,state,,daily,DIAGNOSTIC_RESEARCH,self_fit_descriptive,False,,,,False,False,,,,,,,False,family_oracle,,,,,,,,,,,false,False,no_explicit_timing|not_production_lane|no_parameter_domain_point,6fd715953558da50d976951e9e7cc3c19f3dca36
ts_state_exit_hazard,state,state,,daily,DIAGNOSTIC_RESEARCH,self_fit_descriptive,False,,,,False,False,,,,,,,False,family_oracle,,,,,,,,,,,false,False,no_explicit_timing|not_production_lane|no_parameter_domain_point,6fd715953558da50d976951e9e7cc3c19f3dca36
ts_state_integral,state,state,,daily,DIAGNOSTIC_RESEARCH,self_fit_descriptive,False,,,,False,False,,,,,,,False,family_oracle,,,,,,,,,,,false,False,no_explicit_timing|not_production_lane|no_parameter_domain_point,6fd715953558da50d976951e9e7cc3c19f3dca36
ts_state_residual_life,state,state,,daily,DIAGNOSTIC_RESEARCH,self_fit_descriptive,False,,,,False,False,,,,,,,False,family_oracle,,,,,,,,,,,false,False,no_explicit_timing|not_production_lane|no_parameter_domain_point,6fd715953558da50d976951e9e7cc3c19f3dca36
ts_time_slope,generic,statistical_estimator,,daily,DIAGNOSTIC_RESEARCH,self_fit_descriptive,False,,,,False,False,,,,,,,False,family_oracle,,,,,,,,,,,false,False,no_explicit_timing|not_production_lane|no_parameter_domain_point,6fd715953558da50d976951e9e7cc3c19f3dca36
ts_transfer_entropy,entropy,statistical_estimator,,extended,DIAGNOSTIC_RESEARCH,self_fit_descriptive,False,,,,False,False,,,,,,,False,family_oracle,,,,,,,,,,,false,False,no_explicit_timing|not_production_lane|no_parameter_domain_point,6fd715953558da50d976951e9e7cc3c19f3dca36
ts_transfer_entropy_peak_excess,entropy,statistical_estimator,,extended,DIAGNOSTIC_RESEARCH,self_fit_descriptive,False,,,,False,False,,,,,,,False,family_oracle,,,,,,,,,,,false,False,no_explicit_timing|not_production_lane|no_parameter_domain_point,6fd715953558da50d976951e9e7cc3c19f3dca36
ts_transfer_entropy_peak_lag,entropy,statistical_estimator,,daily,DIAGNOSTIC_RESEARCH,self_fit_descriptive,False,,,,False,False,,,,,,,False,family_oracle,,,,,,,,,,,false,False,no_explicit_timing|not_production_lane|no_parameter_domain_point,6fd715953558da50d976951e9e7cc3c19f3dca36
ts_transfer_entropy_peak_strength,entropy,statistical_estimator,,daily,DIAGNOSTIC_RESEARCH,self_fit_descriptive,False,,,,False,False,,,,,,,False,family_oracle,,,,,,,,,,,false,False,no_explicit_timing|not_production_lane|no_parameter_domain_point,6fd715953558da50d976951e9e7cc3c19f3dca36
ts_transition_intensity,generic,statistical_estimator,,daily,DIAGNOSTIC_RESEARCH,self_fit_descriptive,False,,,,False,False,,,,,,,False,family_oracle,,,,,,,,,,,false,False,no_explicit_timing|not_production_lane|no_parameter_domain_point,6fd715953558da50d976951e9e7cc3c19f3dca36
ts_trend_tstat,generic,statistical_estimator,,daily,DIAGNOSTIC_RESEARCH,self_fit_descriptive,False,,,,False,False,,,,,,,False,family_oracle,,,,,,,,,,,false,False,no_explicit_timing|not_production_lane|no_parameter_domain_point,6fd715953558da50d976951e9e7cc3c19f3dca36
ts_turning_point_ratio,generic,statistical_estimator,,extended,DIAGNOSTIC_RESEARCH,self_fit_descriptive,False,,,,False,False,,,,,,,False,family_oracle,,,,,,,,,,,false,False,no_explicit_timing|not_production_lane|no_parameter_domain_point,6fd715953558da50d976951e9e7cc3c19f3dca36
ts_turnover_cost_quantile_distance,regression,regression,,daily,DIAGNOSTIC_RESEARCH,self_fit_descriptive,False,,,,False,False,,,,,,,False,family_oracle,,,,,,,,,,,false,False,no_explicit_timing|not_production_lane|no_parameter_domain_point,6fd715953558da50d976951e9e7cc3c19f3dca36
ts_two_state_regime_probability,state,state,,extended,STATE_CONDITION_EVENT,self_fit_descriptive,True,,,,False,False,,,,,,,False,family_oracle,,,,,,,,,,,true,False,no_parameter_domain_point,6fd715953558da50d976951e9e7cc3c19f3dca36
ts_value_at_argextreme,generic,statistical_estimator,,daily,DIAGNOSTIC_RESEARCH,self_fit_descriptive,False,,,,False,False,,,,,,,False,family_oracle,,,,,,,,,,,false,False,no_explicit_timing|not_production_lane|no_parameter_domain_point,6fd715953558da50d976951e9e7cc3c19f3dca36
ts_variance_ratio_proxy,ar,ar,,extended,DIAGNOSTIC_RESEARCH,self_fit_descriptive,False,,,,False,False,,,,,,,False,family_oracle,,,,,,,,,,,false,False,no_explicit_timing|not_production_lane|no_parameter_domain_point,6fd715953558da50d976951e9e7cc3c19f3dca36
ts_variance_ratio_slope,ar,ar,,daily,DIAGNOSTIC_RESEARCH,self_fit_descriptive,False,,,,False,False,,,,,,,False,family_oracle,,,,,,,,,,,false,False,no_explicit_timing|not_production_lane|no_parameter_domain_point,6fd715953558da50d976951e9e7cc3c19f3dca36
ts_vector_state_local_density,state,state,,daily,DIAGNOSTIC_RESEARCH,self_fit_descriptive,False,,,,False,False,,,,,,,False,family_oracle,,,,,,,,,,,false,False,no_explicit_timing|not_production_lane|no_parameter_domain_point,6fd715953558da50d976951e9e7cc3c19f3dca36
ts_vector_state_mahalanobis,state,state,,daily,DIAGNOSTIC_RESEARCH,self_fit_descriptive,False,,,,False,False,,,,,,,False,family_oracle,,,,,,,,,,,false,False,no_explicit_timing|not_production_lane|no_parameter_domain_point,6fd715953558da50d976951e9e7cc3c19f3dca36
ts_vol_shift_score,generic,statistical_estimator,,daily,DIAGNOSTIC_RESEARCH,self_fit_descriptive,False,,,,False,False,,,,,,,False,family_oracle,,,,,,,,,,,false,False,no_explicit_timing|not_production_lane|no_parameter_domain_point,6fd715953558da50d976951e9e7cc3c19f3dca36
ts_wavelet_energy_slope,spectral,statistical_estimator,,extended,DIAGNOSTIC_RESEARCH,self_fit_descriptive,False,,,,False,False,,,,,,,False,family_oracle,,,,,,,,,,,false,False,no_explicit_timing|not_production_lane|no_parameter_domain_point,6fd715953558da50d976951e9e7cc3c19f3dca36
ts_wavelet_entropy,entropy,statistical_estimator,,extended,DIAGNOSTIC_RESEARCH,self_fit_descriptive,False,,,,False,False,,,,,,,False,family_oracle,,,,,,,,,,,false,False,no_explicit_timing|not_production_lane|no_parameter_domain_point,6fd715953558da50d976951e9e7cc3c19f3dca36
ts_wavelet_high_frequency_ratio,spectral,statistical_estimator,,extended,DIAGNOSTIC_RESEARCH,self_fit_descriptive,False,,,,False,False,,,,,,,False,family_oracle,,,,,,,,,,,false,False,no_explicit_timing|not_production_lane|no_parameter_domain_point,6fd715953558da50d976951e9e7cc3c19f3dca36
ts_wavelet_low_frequency_ratio,spectral,statistical_estimator,,extended,DIAGNOSTIC_RESEARCH,self_fit_descriptive,False,,,,False,False,,,,,,,False,family_oracle,,,,,,,,,,,false,False,no_explicit_timing|not_production_lane|no_parameter_domain_point,6fd715953558da50d976951e9e7cc3c19f3dca36
ts_weighted_drawdown_area,generic,statistical_estimator,,daily,DIAGNOSTIC_RESEARCH,self_fit_descriptive,False,,,,False,False,,,,,,,False,family_oracle,,,,,,,,,,,false,False,no_explicit_timing|not_production_lane|no_parameter_domain_point,6fd715953558da50d976951e9e7cc3c19f3dca36
