canonical,model_family,category,source_file,surface,descriptive_or_predictive,fit_cutoff_offset,feature_cutoff,score_time,forecast_horizon,label_horizon,label_used,label_maturity_enforced,purge,embargo,scaler_scope,pca_scope,hyperparam_scope,filter_or_smoother,timing_contract_source,in_sample_looks_predictive
calendar_day_diff,generic,event,cleaned_operators.relation.ops,daily,descriptive,0,0,0,0,,False,False,0,0,full,full,full,none,generated,False
cs_autoencoder_reconstruction_error,generic,panel_model,cleaned_operators.cross_section.panel_model,extended,descriptive,0,0,0,0,,False,False,0,0,full,full,full,none,generated,False
cs_hartigan_dip,generic,cross_sectional_state,cleaned_operators.gemini_v2_common,daily,descriptive,0,0,0,0,,False,False,0,0,full,full,full,none,generated,False
cs_huber_resid,regression,cross_sectional,cleaned_operators.group_ext,daily,descriptive,0,0,0,0,,False,False,0,0,full,full,full,none,generated,False
cs_knn_distance,kernel,cross_sectional,cleaned_operators.cross_section.robust_cs,daily,descriptive,0,0,0,0,,False,False,0,0,full,full,full,none,generated,False
cs_knn_graph_dirichlet_energy,kernel,cross_sectional,cleaned_operators.dynamic_knn,daily,descriptive,0,0,0,0,,False,False,0,0,full,full,full,none,generated,False
cs_knn_local_gradient_norm,kernel,cross_sectional,cleaned_operators.cross_section_local,extended,descriptive,0,0,0,0,,False,False,0,0,full,full,full,none,generated,False
cs_knn_local_linear_residual,kernel,cross_sectional,cleaned_operators.cross_section_local,extended,predictive,1,1,0,0,,False,False,0,0,full,full,full,none,explicit,False
cs_knn_local_moran,kernel,cross_sectional,cleaned_operators.cross_section_ext,daily,descriptive,0,0,0,0,,False,False,0,0,full,full,full,none,generated,False
cs_knn_neighbor_retention,kernel,cross_sectional,cleaned_operators.dynamic_knn,daily,descriptive,0,0,0,0,,False,False,0,0,full,full,full,none,generated,False
cs_knn_peer_mean_ex_self,kernel,cross_sectional,cleaned_operators.dynamic_knn,daily,descriptive,0,0,0,0,,False,False,0,0,full,full,full,none,generated,False
cs_knn_tangent_residual,kernel,cross_sectional,cleaned_operators.cross_section_local,extended,descriptive,0,0,0,0,,False,False,0,0,full,full,full,none,generated,False
cs_multi_resid,generic,cross_sectional_regression,cleaned_operators.overhaul.base,daily,descriptive,0,0,0,0,,False,False,0,0,full,full,full,none,generated,False
cs_multi_ridge_resid,regression,cross_sectional_regression,cleaned_operators.weighted_moment_ext,extended,descriptive,0,0,0,0,,False,False,0,0,full,full,full,none,generated,False
cs_neutralize,generic,cross_sectional_regression,cleaned_operators.overhaul.base,daily,descriptive,0,0,0,0,,False,False,0,0,full,full,full,none,generated,False
cs_physical_panel_coverage,generic,cross_sectional_state,cleaned_operators.gemini_v2_common,extended,descriptive,0,0,0,0,,False,False,0,0,full,full,full,none,generated,False
cs_quantile,regression,cross_sectional,cleaned_operators.common.cross_sectional,daily,descriptive,0,0,0,0,,False,False,0,0,full,full,full,none,generated,False
cs_quantile_resid,regression,cross_sectional,cleaned_operators.cross_section.robust_cs,daily,descriptive,0,0,0,0,,False,False,0,0,full,full,full,none,generated,False
cs_regression,regression,cross_sectional,cleaned_operators.common.cross_sectional,daily,descriptive,0,0,0,0,,False,False,0,0,full,full,full,none,generated,False
cs_ridge_resid,regression,cross_sectional,cleaned_operators.cross_section.robust_cs,daily,descriptive,0,0,0,0,,False,False,0,0,full,full,full,none,generated,False
cs_universe_coverage,generic,cross_sectional_state,cleaned_operators.gemini_v2_common,extended,descriptive,0,0,0,0,,False,False,0,0,full,full,full,none,generated,False
cs_wls_resid,generic,cross_sectional_regression,cleaned_operators.overhaul.base,daily,descriptive,0,0,0,0,,False,False,0,0,full,full,full,none,generated,False
directional_change_extent,generic,time_series_state,cleaned_operators.stateful.episode,daily,descriptive,0,0,0,0,,False,False,0,0,full,full,full,none,generated,False
directional_change_state,state,time_series_state,cleaned_operators.stateful.episode,daily,descriptive,0,0,0,0,,False,False,0,0,full,full,full,none,generated,False
dollar_volume,generic,price_volume_extension,cleaned_operators.price_volume.technical_extensions,daily,descriptive,0,0,0,0,,False,False,0,0,full,full,full,none,generated,False
dollar_volume_zscore,generic,price_volume_extension,cleaned_operators.price_volume.technical_extensions,daily,descriptive,0,0,0,0,,False,False,0,0,full,full,full,none,generated,False
fin_period_restated,state,fundamental_period,cleaned_operators.fundamental.ledger,extended,descriptive,0,0,0,0,,False,False,0,0,full,full,full,none,generated,False
fin_restated_flag,state,fundamental_period,cleaned_operators.fundamental.transforms_repairs_v2,daily,descriptive,0,0,0,0,,False,False,0,0,full,full,full,none,generated,False
fiscal_ar_resid_std,ar,fundamental_period,cleaned_operators.fiscal_event_ops,daily,descriptive,0,0,0,0,,False,False,0,0,full,full,full,none,generated,False
fiscal_asymmetric_elasticity,regression,fundamental_period,cleaned_operators.fiscal_event_ops,daily,descriptive,0,0,0,0,,False,False,0,0,full,full,full,none,generated,False
fiscal_regression_resid_std,regression,fundamental_period,cleaned_operators.fiscal_event_ops,daily,descriptive,0,0,0,0,,False,False,0,0,full,full,full,none,generated,False
group_ex_self_quantile,regression,group_neutralization,cleaned_operators.alpha_language_cross,daily,descriptive,0,0,0,0,,False,False,0,0,full,full,full,none,generated,False
group_quantile_spread,regression,cross_sectional,cleaned_operators.relation.distribution,daily,descriptive,0,0,0,0,,False,False,0,0,full,full,full,none,generated,False
group_wasserstein_barycenter_distance,generic,cross_sectional_state,cleaned_operators.gemini_v2_common,extended,descriptive,0,0,0,0,,False,False,0,0,full,full,full,none,generated,False
industry_rolling_pca_loading,pca,panel_model,cleaned_operators.cross_section.panel_model,extended,predictive,1,1,0,0,,False,False,0,0,full,full,full,none,explicit,False
intra_bar_range_deviation,generic,intraday_microstructure,cleaned_operators.intraday.time_structure_v2,daily,descriptive,0,0,0,0,,False,False,0,0,full,full,full,none,generated,False
intra_bar_range_persistence,generic,intraday_microstructure,cleaned_operators.intraday.time_structure_v2,daily,descriptive,0,0,0,0,,False,False,0,0,full,full,full,none,generated,False
intra_extreme_bar_return,generic,intraday_microstructure,cleaned_operators.microstructure.intraday_agg,daily,descriptive,0,0,0,0,,False,False,0,0,full,full,full,none,generated,False
intra_market_model_r2,generic,intraday_microstructure,cleaned_operators.intraday.realized_beta,daily,descriptive,0,0,0,0,,False,False,0,0,full,full,full,none,generated,False
intra_market_model_r2_ex_self,generic,intraday_microstructure,cleaned_operators.intraday.realized_beta,daily,descriptive,0,0,0,0,,False,False,0,0,full,full,full,none,generated,False
intraday_profile_pca_residual,pca,intraday_session,cleaned_operators.intraday_session,daily,predictive,1,1,0,0,,False,False,0,0,full,full,full,none,explicit,False
intraday_quantile_curve_pca_residual,pca,intraday_microstructure,cleaned_operators.advanced_intraday,extended,predictive,1,1,0,0,,False,False,0,0,full,full,full,none,explicit,False
intraday_quantile_curve_pca_score,pca,intraday_microstructure,cleaned_operators.advanced_intraday,extended,predictive,1,1,0,0,,False,False,0,0,full,full,full,none,explicit,False
panel_mixture_of_experts_score,panel_model,panel_model,cleaned_operators.cross_section.panel_model,extended,predictive,1,1,0,1,1,True,True,0,0,train,train,train,none,explicit,False
panel_regime_conditioned_forecast,panel_model,panel_model,cleaned_operators.cross_section.panel_model,extended,predictive,1,1,0,1,1,True,True,0,0,train,train,train,filter,explicit,False
panel_rolling_elastic_net_forecast,panel_model,panel_model,cleaned_operators.cross_section.panel_model,extended,predictive,1,1,0,1,1,True,True,0,0,train,train,train,none,explicit,False
panel_rolling_pca_explained_ratio,panel_model,panel_model,cleaned_operators.cross_section.panel_model,extended,predictive,1,1,0,0,,False,False,0,0,full,full,full,none,explicit,False
panel_rolling_pca_loading,panel_model,panel_model,cleaned_operators.cross_section.panel_model,extended,predictive,1,1,0,0,,False,False,0,0,full,full,full,none,explicit,False
panel_rolling_pca_resid,panel_model,panel_model,cleaned_operators.cross_section.panel_model,extended,predictive,1,1,0,0,,False,False,0,0,full,full,full,none,explicit,False
panel_rolling_pca_resid_momentum,panel_model,panel_model,cleaned_operators.cross_section.panel_model,extended,predictive,1,1,0,0,,False,False,0,0,full,full,full,none,explicit,False
panel_rolling_pca_resid_vol,panel_model,panel_model,cleaned_operators.cross_section.panel_model,extended,predictive,1,1,0,0,,False,False,0,0,full,full,full,none,explicit,False
panel_rolling_pcr_forecast,panel_model,panel_model,cleaned_operators.cross_section.panel_model,extended,predictive,1,1,0,1,1,True,True,0,0,train,train,train,none,explicit,False
panel_rolling_pls_forecast,panel_model,panel_model,cleaned_operators.cross_section.panel_model,extended,predictive,1,1,0,1,1,True,True,0,0,train,train,train,none,explicit,False
pattern_bear_flag,generic,chart_pattern,cleaned_operators.price_volume.structure_patterns_v2,daily,descriptive,0,0,0,0,,False,False,0,0,full,full,full,none,generated,False
pattern_bear_pennant,generic,chart_pattern,cleaned_operators.price_volume.structure_patterns_extra_v2,daily,descriptive,0,0,0,0,,False,False,0,0,full,full,full,none,generated,False
signed_dollar_volume,generic,price_volume_extension,cleaned_operators.price_volume.technical_extensions,daily,descriptive,0,0,0,0,,False,False,0,0,full,full,full,none,generated,False
state_deadband,state,time_series_state,cleaned_operators.stateful.rule_language,daily,descriptive,0,0,0,0,,False,False,0,0,full,full,full,none,generated,False
state_episode_efficiency,state,state_episode_excursion,cleaned_operators.state_episode_excursion,daily,descriptive,0,0,0,0,,False,False,0,0,full,full,full,none,generated,False
state_episode_excursion_balance,state,state_episode_excursion,cleaned_operators.state_episode_excursion,daily,descriptive,0,0,0,0,,False,False,0,0,full,full,full,none,generated,False
state_episode_mae,state,state_episode_excursion,cleaned_operators.state_episode_excursion,daily,descriptive,0,0,0,0,,False,False,0,0,full,full,full,none,generated,False
state_episode_mfe,state,state_episode_excursion,cleaned_operators.state_episode_excursion,daily,descriptive,0,0,0,0,,False,False,0,0,full,full,full,none,generated,False
state_episode_retrace_ratio,state,state_episode_excursion,cleaned_operators.state_episode_excursion,daily,descriptive,0,0,0,0,,False,False,0,0,full,full,full,none,generated,False
state_ewm_if,state,time_series_state,cleaned_operators.stateful.sequential,daily,descriptive,0,0,0,0,,False,False,0,0,full,full,full,none,generated,False
state_hold,state,time_series_state,cleaned_operators.stateful.rule_language,daily,descriptive,0,0,0,0,,False,False,0,0,full,full,full,none,generated,False
state_latch,state,time_series_state,cleaned_operators.stateful.rule_language,daily,descriptive,0,0,0,0,,False,False,0,0,full,full,full,none,generated,False
state_since_count,state,time_series_state,cleaned_operators.stateful.episode,extended,descriptive,0,0,0,0,,False,False,0,0,full,full,full,none,generated,False
state_since_last,state,time_series_state,cleaned_operators.stateful.episode,extended,descriptive,0,0,0,0,,False,False,0,0,full,full,full,none,generated,False
state_since_mean,state,time_series_state,cleaned_operators.stateful.episode,extended,descriptive,0,0,0,0,,False,False,0,0,full,full,full,none,generated,False
state_since_sum,state,time_series_state,cleaned_operators.stateful.episode,extended,descriptive,0,0,0,0,,False,False,0,0,full,full,full,none,generated,False
state_since_trend_tstat,state,time_series_regression,cleaned_operators.stateful.episode,daily,descriptive,0,0,0,0,,False,False,0,0,full,full,full,none,generated,False
state_slew_limit,state,time_series_state,cleaned_operators.stateful.rule_language,daily,descriptive,0,0,0,0,,False,False,0,0,full,full,full,none,generated,False
tradable_state,state,math,cleaned_operators.common.polars_cs_misc,daily,descriptive,0,0,0,0,,False,False,0,0,full,full,full,none,generated,False
ts_active_information_storage,generic,state_dynamics,cleaned_operators.markov_dynamics,extended,descriptive,0,0,0,0,,False,False,0,0,full,full,full,none,generated,False
ts_ar_coeff_stability,ar,time_series_regression,cleaned_operators.ts_model.ar_meanrev,daily,predictive,1,1,0,0,,False,False,0,0,full,full,full,none,explicit,False
ts_ar_coefficient,ar,time_series_regression,cleaned_operators.regression_models,daily,predictive,1,1,0,0,,False,False,0,0,full,full,full,none,explicit,False
ts_ar_fitted_value,ar,time_series_regression,cleaned_operators.ts_model.ar_meanrev,extended,descriptive,0,0,0,0,,False,False,0,0,full,full,full,none,explicit,False
ts_ar_forecast,ar,time_series_regression,cleaned_operators.ts_model.ar_meanrev,daily,descriptive,0,0,0,0,,False,False,0,0,full,full,full,none,explicit,True
ts_ar_in_sample_resid,ar,time_series_regression,cleaned_operators.ts_model.ar_meanrev,extended,descriptive,0,0,0,0,,False,False,0,0,full,full,full,none,explicit,False
ts_ar_innovation,ar,time_series_regression,cleaned_operators.ts_model.ar_meanrev,daily,descriptive,0,0,0,0,,False,False,0,0,full,full,full,none,explicit,True
ts_ar_innovation_z,ar,time_series_regression,cleaned_operators.ts_model.ar_meanrev,daily,predictive,1,1,0,0,,False,False,0,0,train,train,train,none,generated,False
ts_ar_prior_coeff,ar,time_series_regression,cleaned_operators.ts_model.ar_meanrev,daily,predictive,1,1,0,0,,False,False,0,0,full,full,full,none,explicit,False
ts_ar_prior_forecast,ar,time_series_regression,cleaned_operators.ts_model.ar_meanrev,daily,predictive,1,1,0,1,,False,False,0,0,full,full,full,none,explicit,False
ts_ar_prior_innovation,ar,time_series_regression,cleaned_operators.ts_model.ar_meanrev,daily,predictive,1,1,0,1,,False,False,0,0,full,full,full,none,explicit,False
ts_ar_prior_innovation_z,ar,time_series_regression,cleaned_operators.ts_model.ar_meanrev,daily,predictive,1,1,0,1,,False,False,0,0,full,full,full,none,explicit,False
ts_bicoherence_top_decile_excess,generic,research_spectral,cleaned_operators.gemini_v2_common,extended,descriptive,0,0,0,0,,False,False,0,0,full,full,full,none,generated,False
ts_bicoherence_top_decile_mean,generic,research_spectral,cleaned_operators.gemini_v2_common,extended,descriptive,0,0,0,0,,False,False,0,0,full,full,full,none,generated,False
ts_change_point_probability,generic,time_series_regression,cleaned_operators.ts_model.complexity,extended,descriptive,0,0,0,0,,False,False,0,0,full,full,full,none,generated,False
ts_conditional_transfer_entropy,entropy,conditional_dependence,cleaned_operators.conditional_dependence,extended,descriptive,0,0,0,0,,False,False,0,0,full,full,full,none,generated,False
ts_cross_spectral_coherence,spectral,time_series_spectral,cleaned_operators.gemini_v2_common,daily,descriptive,0,0,0,0,,False,False,0,0,full,full,full,none,generated,False
ts_cross_spectral_phase,spectral,time_series_spectral,cleaned_operators.gemini_v2_common,daily,descriptive,0,0,0,0,,False,False,0,0,full,full,full,none,generated,False
ts_cumulative_deviation_score,generic,time_series_regression,cleaned_operators.regression_models,extended,descriptive,0,0,0,0,,False,False,0,0,full,full,full,none,generated,False
ts_cusum_pressure,generic,time_series_regression,cleaned_operators.stateful.sequential,daily,descriptive,0,0,0,0,,False,False,0,0,full,full,full,none,generated,False
ts_cusum_vol_break_score,generic,time_series_regression,cleaned_operators.ts_model.complexity,extended,descriptive,0,0,0,0,,False,False,0,0,full,full,full,none,generated,False
ts_detrended_level_spectral_entropy,entropy,spectral,cleaned_operators.spectral_ext,extended,descriptive,0,0,0,0,,False,False,0,0,full,full,full,none,generated,False
ts_dfa_hurst,generic,time_series_regression,cleaned_operators.ts_model.complexity,extended,descriptive,0,0,0,0,,False,False,0,0,full,full,full,none,generated,False
ts_dmd_dominant_frequency,dmd,dynamic_mode,cleaned_operators.gemini_v2_common,research,descriptive,0,0,0,0,,False,False,0,0,full,full,full,none,explicit,False
ts_dmd_dominant_growth_rate,dmd,dynamic_mode,cleaned_operators.gemini_v2_common,research,descriptive,0,0,0,0,,False,False,0,0,full,full,full,none,explicit,False
ts_dmd_level_dominant_frequency,dmd,dynamic_mode,cleaned_operators.gemini_v2_common,extended,descriptive,0,0,0,0,,False,False,0,0,full,full,full,none,explicit,False
ts_dmd_level_dominant_growth_rate,dmd,dynamic_mode,cleaned_operators.gemini_v2_common,extended,descriptive,0,0,0,0,,False,False,0,0,full,full,full,none,explicit,False
ts_dmd_level_mode_concentration,dmd,dynamic_mode,cleaned_operators.gemini_v2_common,extended,descriptive,0,0,0,0,,False,False,0,0,full,full,full,none,explicit,False
ts_dmd_mode_concentration,dmd,dynamic_mode,cleaned_operators.gemini_v2_common,research,descriptive,0,0,0,0,,False,False,0,0,full,full,full,none,explicit,False
ts_dmd_return_dominant_frequency,dmd,dynamic_mode,cleaned_operators.gemini_v2_common,extended,descriptive,0,0,0,0,,False,False,0,0,full,full,full,none,explicit,False
ts_dmd_return_dominant_growth_rate,dmd,dynamic_mode,cleaned_operators.gemini_v2_common,extended,descriptive,0,0,0,0,,False,False,0,0,full,full,full,none,explicit,False
ts_dmd_return_mode_concentration,dmd,dynamic_mode,cleaned_operators.gemini_v2_common,extended,descriptive,0,0,0,0,,False,False,0,0,full,full,full,none,explicit,False
ts_dominant_cycle_period,generic,spectral,cleaned_operators.spectral_ext,daily,descriptive,0,0,0,0,,False,False,0,0,full,full,full,none,generated,False
ts_effective_transfer_entropy,entropy,information_theory,cleaned_operators.advanced_information,extended,descriptive,0,0,0,0,,False,False,0,0,full,full,full,none,generated,False
ts_expectile,regression,expectile,cleaned_operators.advanced_expectile,extended,descriptive,0,0,0,0,,False,False,0,0,full,full,full,none,generated,False
ts_expectile_beta,regression,expectile,cleaned_operators.advanced_expectile,extended,descriptive,0,0,0,0,,False,False,0,0,full,full,full,none,generated,False
ts_expectile_beta_spread,regression,time_series_regression,cleaned_operators.ts_model.dynamic_regression,daily,descriptive,0,0,0,0,,False,False,0,0,full,full,full,none,generated,False
ts_expectile_regression_coeff,regression,time_series_regression,cleaned_operators.ts_model.dynamic_regression,daily,descriptive,0,0,0,0,,False,False,0,0,full,full,full,none,generated,False
ts_expectile_regression_coeff_prior,regression,time_series_regression,cleaned_operators.ts_model.dynamic_regression,daily,predictive,1,1,0,0,,False,False,0,0,train,train,train,none,generated,False
ts_expectile_regression_forecast_error,regression,time_series_regression,cleaned_operators.ts_model.dynamic_regression,daily,predictive,1,1,0,1,1,True,True,0,0,train,train,train,none,generated,False
ts_expectile_regression_resid,regression,time_series_regression,cleaned_operators.ts_model.dynamic_regression,daily,descriptive,0,0,0,0,,False,False,0,0,full,full,full,none,generated,False
ts_feature_pca_reconstruction_error,pca,panel_model,cleaned_operators.cross_section.panel_model,extended,descriptive,0,0,0,0,,False,False,0,0,full,full,full,none,generated,False
ts_first_passage_bias,dmd,first_passage,cleaned_operators.first_passage,daily,descriptive,0,0,0,0,,False,False,0,0,full,full,full,none,generated,False
ts_first_passage_conditional_time,dmd,first_passage,cleaned_operators.first_passage,daily,descriptive,0,0,0,0,,False,False,0,0,full,full,full,none,generated,False
ts_first_passage_hit_probability,dmd,first_passage,cleaned_operators.first_passage,daily,descriptive,0,0,0,0,,False,False,0,0,full,full,full,none,generated,False
ts_garch_next_vol_forecast,garch,time_series_regression,cleaned_operators.ts_model.volatility,extended,predictive,1,1,0,1,,False,False,0,0,full,full,full,none,explicit,False
ts_garch_persistence,garch,time_series_regression,cleaned_operators.ts_model.volatility,extended,predictive,1,1,0,0,,False,False,0,0,full,full,full,none,explicit,False
ts_garch_standardized_shock,garch,time_series_regression,cleaned_operators.ts_model.volatility,extended,predictive,1,1,0,0,,False,False,0,0,full,full,full,none,explicit,False
ts_garch_vol_surprise,garch,time_series_regression,cleaned_operators.ts_model.volatility,extended,predictive,1,1,0,0,,False,False,0,0,full,full,full,none,explicit,False
ts_gjr_garch_vol_forecast,garch,time_series_regression,cleaned_operators.ts_model.volatility,extended,predictive,1,1,0,1,,False,False,0,0,full,full,full,none,explicit,False
ts_gjr_leverage,garch,time_series_regression,cleaned_operators.ts_model.volatility,extended,descriptive,0,0,0,0,,False,False,0,0,full,full,full,none,generated,False
ts_hankel_effective_rank,dmd,hankel,cleaned_operators.hankel,daily,descriptive,0,0,0,0,,False,False,0,0,full,full,full,none,explicit,False
ts_hankel_singular_gap,dmd,hankel,cleaned_operators.hankel,daily,descriptive,0,0,0,0,,False,False,0,0,full,full,full,none,explicit,False
ts_har_from_return_forecast_error_z,garch,time_series_regression,cleaned_operators.ts_model.volatility,extended,predictive,1,1,0,0,,False,False,0,0,full,full,full,none,explicit,False
ts_har_from_return_next_vol,garch,time_series_regression,cleaned_operators.ts_model.volatility,extended,predictive,1,1,0,1,,False,False,0,0,full,full,full,none,explicit,False
ts_har_rv_forecast,garch,time_series_regression,cleaned_operators.ts_model.volatility,extended,predictive,1,1,0,1,,False,False,0,0,full,full,full,none,explicit,False
ts_har_rv_forecast_error_z,garch,time_series_regression,cleaned_operators.ts_model.volatility,extended,predictive,1,1,0,0,,False,False,0,0,full,full,full,none,explicit,False
ts_har_rv_innovation_z,garch,time_series_regression,cleaned_operators.ts_model.volatility,extended,predictive,1,1,0,0,,False,False,0,0,full,full,full,none,explicit,False
ts_har_rv_next_var_forecast,garch,time_series_regression,cleaned_operators.ts_model.volatility,extended,predictive,1,1,0,1,,False,False,0,0,full,full,full,none,explicit,False
ts_har_rv_next_vol_forecast,garch,time_series_regression,cleaned_operators.ts_model.volatility,extended,predictive,1,1,0,1,,False,False,0,0,full,full,full,none,explicit,False
ts_hsic,kernel,dependence_ext,cleaned_operators.dependence_ext,daily,descriptive,0,0,0,0,,False,False,0,0,full,full,full,none,generated,False
ts_huber_regression_coeff,regression,time_series_regression,cleaned_operators.ts_model.dynamic_regression,daily,descriptive,0,0,0,0,,False,False,0,0,full,full,full,none,generated,False
ts_huber_regression_coeff_prior,regression,time_series_regression,cleaned_operators.ts_model.dynamic_regression,daily,predictive,1,1,0,0,,False,False,0,0,train,train,train,none,generated,False
ts_huber_regression_forecast_error,regression,time_series_regression,cleaned_operators.ts_model.dynamic_regression,daily,predictive,1,1,0,1,1,True,True,0,0,train,train,train,none,generated,False
ts_huber_regression_forecast_error_z,regression,time_series_regression,cleaned_operators.ts_model.dynamic_regression,daily,predictive,1,1,0,1,1,True,True,0,0,train,train,train,none,generated,False
ts_huber_regression_in_sample_resid,regression,time_series_regression,cleaned_operators.regression_models,extended,descriptive,0,0,0,0,,False,False,0,0,full,full,full,none,generated,False
ts_huber_regression_predictive_resid,regression,time_series_regression,cleaned_operators.regression_models,extended,predictive,1,1,0,0,,False,False,0,0,train,train,train,none,generated,False
ts_huber_regression_resid_z,regression,time_series_regression,cleaned_operators.ts_model.dynamic_regression,daily,descriptive,0,0,0,0,,False,False,0,0,full,full,full,none,generated,False
ts_hvg_assortativity,entropy,time_series_network,cleaned_operators.gemini_v2_common,extended,descriptive,0,0,0,0,,False,False,0,0,full,full,full,none,generated,False
ts_hvg_clustering_coefficient,entropy,time_series_network,cleaned_operators.gemini_v2_common,extended,descriptive,0,0,0,0,,False,False,0,0,full,full,full,none,generated,False
ts_hvg_degree_entropy,entropy,time_series_network,cleaned_operators.gemini_v2_common,daily,descriptive,0,0,0,0,,False,False,0,0,full,full,full,none,generated,False
ts_hvg_forward_backward_asymmetry,entropy,time_series_network,cleaned_operators.gemini_v2_common,daily,descriptive,0,0,0,0,,False,False,0,0,full,full,full,none,generated,False
ts_hvg_motif_entropy,rqa,time_series_network,cleaned_operators.gemini_v2_common,extended,descriptive,0,0,0,0,,False,False,0,0,full,full,full,none,generated,False
ts_hysteresis_age,generic,time_series_state,cleaned_operators.alpha_language_state,daily,descriptive,0,0,0,0,,False,False,0,0,full,full,full,none,generated,False
ts_hysteresis_state,state,time_series_state,cleaned_operators.alpha_language_state,daily,descriptive,0,0,0,0,,False,False,0,0,full,full,full,none,generated,False
ts_kalman_beta,kalman,time_series_regression,cleaned_operators.ts_model.state_space,extended,descriptive,0,0,0,0,,False,False,0,0,full,full,full,filter,explicit,False
ts_kalman_beta_change,kalman,time_series_regression,cleaned_operators.ts_model.state_space,extended,descriptive,0,0,0,0,,False,False,0,0,full,full,full,filter,explicit,False
ts_kalman_beta_uncertainty,kalman,time_series_regression,cleaned_operators.ts_model.state_space,extended,descriptive,0,0,0,0,,False,False,0,0,full,full,full,filter,explicit,False
ts_kalman_innovation_z,kalman,time_series_regression,cleaned_operators.ts_model.state_space,extended,descriptive,0,0,0,0,,False,False,0,0,full,full,full,filter,explicit,True
ts_kalman_level,kalman,time_series_regression,cleaned_operators.ts_model.state_space,extended,descriptive,0,0,0,0,,False,False,0,0,full,full,full,filter,explicit,False
ts_kalman_trend,kalman,time_series_regression,cleaned_operators.ts_model.state_space,extended,descriptive,0,0,0,0,,False,False,0,0,full,full,full,filter,explicit,False
ts_kernel_granger_score,kernel,research_nonlinear,cleaned_operators.gemini_v2_common,extended,descriptive,0,0,0,0,,False,False,0,0,full,full,full,none,generated,False
ts_km_diffusion_gradient,generic,state_dynamics,cleaned_operators.markov_dynamics,daily,descriptive,0,0,0,0,,False,False,0,0,full,full,full,none,generated,False
ts_km_equilibrium_distance,generic,state_dynamics,cleaned_operators.markov_dynamics,daily,descriptive,0,0,0,0,,False,False,0,0,full,full,full,none,generated,False
ts_km_quasipotential_depth,generic,state_dynamics,cleaned_operators.markov_dynamics,daily,descriptive,0,0,0,0,,False,False,0,0,full,full,full,none,generated,False
ts_kramers_moyal_local_stability,generic,state_dynamics,cleaned_operators.markov_dynamics,daily,descriptive,0,0,0,0,,False,False,0,0,full,full,full,none,generated,False
ts_level_shift_score,generic,time_series_regression,cleaned_operators.regression_models,daily,descriptive,0,0,0,0,,False,False,0,0,full,full,full,none,generated,False
ts_lo_mackinlay_vr,generic,time_series_regression,cleaned_operators.regression_models,extended,descriptive,0,0,0,0,,False,False,0,0,full,full,full,none,generated,False
ts_lo_mackinlay_z,generic,time_series_regression,cleaned_operators.regression_models,extended,descriptive,0,0,0,0,,False,False,0,0,full,full,full,none,generated,False
ts_local_lyapunov_exponent,kernel,nonlinear_dynamics,cleaned_operators.local_lyapunov,extended,descriptive,0,0,0,0,,False,False,0,0,full,full,full,none,generated,False
ts_lz_complexity,generic,time_series_regression,cleaned_operators.ts_model.complexity,extended,descriptive,0,0,0,0,,False,False,0,0,full,full,full,none,generated,False
ts_markov_committor,state,state_dynamics,cleaned_operators.markov_dynamics,daily,descriptive,0,0,0,0,,False,False,0,0,full,full,full,none,generated,False
ts_markov_entropy_production,entropy,state_dynamics,cleaned_operators.markov_dynamics,extended,descriptive,0,0,0,0,,False,False,0,0,full,full,full,none,generated,False
ts_markov_mean_first_passage_time,dmd,state_dynamics,cleaned_operators.markov_dynamics,daily,descriptive,0,0,0,0,,False,False,0,0,full,full,full,none,generated,False
ts_markov_persistence,state,state_dynamics,cleaned_operators.markov_dynamics,daily,descriptive,0,0,0,0,,False,False,0,0,full,full,full,none,generated,False
ts_markov_spectral_gap,state,state_dynamics,cleaned_operators.markov_dynamics,daily,descriptive,0,0,0,0,,False,False,0,0,full,full,full,none,generated,False
ts_markov_state_entropy,entropy,state_dynamics,cleaned_operators.markov_dynamics,daily,descriptive,0,0,0,0,,False,False,0,0,full,full,full,none,generated,False
ts_markov_stationary_surprisal,state,state_dynamics,cleaned_operators.markov_dynamics,daily,descriptive,0,0,0,0,,False,False,0,0,full,full,full,none,generated,False
ts_markov_transition_surprisal,state,state_dynamics,cleaned_operators.markov_dynamics,daily,descriptive,0,0,0,0,,False,False,0,0,full,full,full,none,generated,False
ts_matrix_profile_discord_score,rqa,time_series_regression,cleaned_operators.ts_model.sequence_anomaly,extended,descriptive,0,0,0,0,,False,False,0,0,full,full,full,none,explicit,False
ts_matrix_profile_motif_age,rqa,candle_state_space,cleaned_operators.candle_state_space,daily,descriptive,0,0,0,0,,False,False,0,0,full,full,full,none,explicit,False
ts_matrix_profile_motif_frequency,rqa,candle_state_space,cleaned_operators.candle_state_space,extended,descriptive,0,0,0,0,,False,False,0,0,full,full,full,none,explicit,False
ts_matrix_profile_neighbor_dispersion,rqa,candle_state_space,cleaned_operators.candle_state_space,extended,descriptive,0,0,0,0,,False,False,0,0,full,full,full,none,explicit,False
ts_matrix_profile_novelty,rqa,candle_state_space,cleaned_operators.candle_state_space,daily,descriptive,0,0,0,0,,False,False,0,0,full,full,full,none,explicit,False
ts_mean_reversion_half_life,ar,time_series_regression,cleaned_operators.ts_model.ar_meanrev,daily,descriptive,0,0,0,0,,False,False,0,0,full,full,full,none,generated,False
ts_mean_reversion_ou_approx_half_life,ar,time_series_regression,cleaned_operators.ts_model.ar_meanrev,extended,descriptive,0,0,0,0,,False,False,0,0,full,full,full,none,generated,False
ts_motif_recurrence_count,rqa,time_series_regression,cleaned_operators.ts_model.sequence_anomaly,extended,descriptive,0,0,0,0,,False,False,0,0,full,full,full,none,explicit,False
ts_multi_regression_adjusted_r2_prior,regression,time_series_regression,cleaned_operators.ts_model.dynamic_regression,daily,predictive,1,1,0,0,,False,False,0,0,train,train,train,none,generated,False
ts_multi_regression_coeff,regression,time_series_regression,cleaned_operators.ts_model.dynamic_regression,daily,descriptive,0,0,0,0,,False,False,0,0,full,full,full,none,generated,False
ts_multi_regression_coeff_prior,regression,time_series_regression,cleaned_operators.ts_model.dynamic_regression,daily,predictive,1,1,0,0,,False,False,0,0,train,train,train,none,generated,False
ts_multi_regression_coeff_stability,regression,time_series_regression,cleaned_operators.ts_model.dynamic_regression,daily,descriptive,0,0,0,0,,False,False,0,0,full,full,full,none,generated,False
ts_multi_regression_forecast_error,regression,time_series_regression,cleaned_operators.ts_model.dynamic_regression,daily,predictive,1,1,0,1,1,True,True,0,0,train,train,train,none,generated,False
ts_multi_regression_forecast_error_z,regression,time_series_regression,cleaned_operators.ts_model.dynamic_regression,daily,predictive,1,1,0,1,1,True,True,0,0,train,train,train,none,generated,False
ts_multi_regression_r2,regression,time_series_regression,cleaned_operators.ts_model.dynamic_regression,daily,descriptive,0,0,0,0,,False,False,0,0,full,full,full,none,generated,False
ts_multi_regression_r2_prior,regression,time_series_regression,cleaned_operators.ts_model.dynamic_regression,daily,predictive,1,1,0,0,,False,False,0,0,train,train,train,none,generated,False
ts_multi_regression_resid,regression,time_series_regression,cleaned_operators.ts_model.dynamic_regression,daily,descriptive,0,0,0,0,,False,False,0,0,full,full,full,none,generated,False
ts_multi_regression_resid_z,regression,time_series_regression,cleaned_operators.ts_model.dynamic_regression,daily,descriptive,0,0,0,0,,False,False,0,0,full,full,full,none,generated,False
ts_multiscale_entropy_slope,entropy,time_series_regression,cleaned_operators.ts_model.complexity,extended,descriptive,0,0,0,0,,False,False,0,0,full,full,full,none,generated,False
ts_multiscale_permutation_entropy_slope,entropy,state_geometry,cleaned_operators.state_geometry,extended,descriptive,0,0,0,0,,False,False,0,0,full,full,full,none,generated,False
ts_ordinal_irreversibility,generic,state_geometry,cleaned_operators.state_geometry,daily,descriptive,0,0,0,0,,False,False,0,0,full,full,full,none,generated,False
ts_partial_corr,generic,time_series_regression,cleaned_operators.overhaul.base,daily,descriptive,0,0,0,0,,False,False,0,0,full,full,full,none,generated,False
ts_path_leadlag_area,generic,time_series_regression,cleaned_operators.ts_model.path_signature,extended,descriptive,0,0,0,0,,False,False,0,0,full,full,full,none,explicit,False
ts_path_signature_area,generic,time_series_regression,cleaned_operators.ts_model.path_signature,extended,descriptive,0,0,0,0,,False,False,0,0,full,full,full,none,explicit,False
ts_path_signature_depth2_norm,generic,time_series_regression,cleaned_operators.ts_model.path_signature,extended,descriptive,0,0,0,0,,False,False,0,0,full,full,full,none,explicit,False
ts_poly2_forecast_error,generic,time_series,cleaned_operators.common.time_series,extended,predictive,1,1,0,1,1,True,True,0,0,train,train,train,none,generated,False
ts_poly2_forecast_error_z,generic,time_series,cleaned_operators.common.time_series,extended,predictive,1,1,0,1,1,True,True,0,0,train,train,train,none,generated,False
ts_pseudocount_sample_entropy,entropy,time_series_regression,cleaned_operators.ts_model.complexity,extended,descriptive,0,0,0,0,,False,False,0,0,full,full,full,none,generated,False
ts_quantile,regression,time_series,cleaned_operators.common.polars_ops,daily,descriptive,0,0,0,0,,False,False,0,0,full,full,full,none,generated,False
ts_quantile_beta_spread,regression,time_series_regression,cleaned_operators.ts_model.dynamic_regression,daily,descriptive,0,0,0,0,,False,False,0,0,full,full,full,none,generated,False
ts_quantile_crossing_spectral_concentration,regression,quantile_dynamics,cleaned_operators.advanced_quantile_dynamics,extended,descriptive,0,0,0,0,,False,False,0,0,full,full,full,none,generated,False
ts_quantile_if,regression,robust_statistics,cleaned_operators.common.polars_robust_stats,daily,descriptive,0,0,0,0,,False,False,0,0,full,full,full,none,generated,False
ts_quantile_kurtosis,regression,time_series_risk,cleaned_operators.robust_tail,daily,descriptive,0,0,0,0,,False,False,0,0,full,full,full,none,generated,False
ts_quantile_range,regression,robust_statistics,cleaned_operators.common.polars_robust_stats,daily,descriptive,0,0,0,0,,False,False,0,0,full,full,full,none,generated,False
ts_quantile_regression_beta,regression,extreme_tail,cleaned_operators.extreme_tail,research,descriptive,0,0,0,0,,False,False,0,0,full,full,full,none,generated,False
ts_quantile_regression_coeff,regression,time_series_regression,cleaned_operators.ts_model.dynamic_regression,daily,descriptive,0,0,0,0,,False,False,0,0,full,full,full,none,generated,False
ts_quantile_regression_coeff_prior,regression,time_series_regression,cleaned_operators.ts_model.dynamic_regression,extended,predictive,1,1,0,0,,False,False,0,0,train,train,train,none,generated,False
ts_quantile_regression_resid,regression,time_series_regression,cleaned_operators.ts_model.dynamic_regression,daily,descriptive,0,0,0,0,,False,False,0,0,full,full,full,none,generated,False
ts_quantile_regression_slope,regression,time_series_regression,cleaned_operators.regression_models,daily,descriptive,0,0,0,0,,False,False,0,0,full,full,full,none,generated,False
ts_quantile_skew,regression,time_series_risk,cleaned_operators.robust_tail,daily,descriptive,0,0,0,0,,False,False,0,0,full,full,full,none,generated,False
ts_quantile_transport_curvature,regression,time_series_distribution,cleaned_operators.alpha_language_distribution,daily,descriptive,0,0,0,0,,False,False,0,0,full,full,full,none,generated,False
ts_quantile_transport_slope,regression,time_series_distribution,cleaned_operators.alpha_language_distribution,daily,descriptive,0,0,0,0,,False,False,0,0,full,full,full,none,generated,False
ts_recurrence_determinism,rqa,time_series_recurrence,cleaned_operators.gemini_v2_common,daily,descriptive,0,0,0,0,,False,False,0,0,full,full,full,none,generated,False
ts_recurrence_diagonal_entropy,rqa,time_series_recurrence,cleaned_operators.recurrence_analysis,daily,descriptive,0,0,0,0,,False,False,0,0,full,full,full,none,generated,False
ts_recurrence_divergence,rqa,time_series_recurrence,cleaned_operators.recurrence_analysis,daily,descriptive,0,0,0,0,,False,False,0,0,full,full,full,none,generated,False
ts_recurrence_laminarity,rqa,time_series_recurrence,cleaned_operators.gemini_v2_common,daily,descriptive,0,0,0,0,,False,False,0,0,full,full,full,none,generated,False
ts_recurrence_longest_vertical_length,rqa,time_series_recurrence,cleaned_operators.gemini_v2_common,extended,descriptive,0,0,0,0,,False,False,0,0,full,full,full,none,generated,False
ts_recurrence_mean_diagonal_length,rqa,time_series_recurrence,cleaned_operators.gemini_v2_common,extended,descriptive,0,0,0,0,,False,False,0,0,full,full,full,none,generated,False
ts_recurrence_rate,rqa,time_series_recurrence,cleaned_operators.recurrence_analysis,daily,descriptive,0,0,0,0,,False,False,0,0,full,full,full,none,generated,False
ts_recurrence_trapping_time,rqa,time_series_recurrence,cleaned_operators.recurrence_analysis,daily,descriptive,0,0,0,0,,False,False,0,0,full,full,full,none,generated,False
ts_regime_duration,state,time_series_regression,cleaned_operators.ts_model.complexity,extended,descriptive,0,0,0,0,,False,False,0,0,full,full,full,none,generated,False
ts_regression_forecast_error,regression,time_series_regression,cleaned_operators.overhaul.base,daily,predictive,1,1,0,1,1,True,True,0,0,train,train,train,none,generated,False
ts_regression_forecast_error_z,regression,time_series_regression,cleaned_operators.overhaul.base,daily,predictive,1,1,0,1,1,True,True,0,0,train,train,train,none,generated,False
ts_regression_in_sample_resid,regression,time_series_regression,cleaned_operators.overhaul.base,daily,descriptive,0,0,0,0,,False,False,0,0,full,full,full,none,generated,False
ts_regression_intercept,regression,math,cleaned_operators.common.polars_cs_misc,daily,descriptive,0,0,0,0,,False,False,0,0,full,full,full,none,generated,False
ts_regression_r2,regression,math,cleaned_operators.common.polars_cs_misc,daily,descriptive,0,0,0,0,,False,False,0,0,full,full,full,none,generated,False
ts_regression_resid,regression,math,cleaned_operators.common.polars_cs_misc,daily,descriptive,0,0,0,0,,False,False,0,0,full,full,full,none,generated,False
ts_regression_resid_if,regression,robust_statistics,cleaned_operators.common.polars_robust_stats,daily,descriptive,0,0,0,0,,False,False,0,0,full,full,full,none,generated,False
ts_regression_resid_mean,regression,time_series_regression,cleaned_operators.overhaul.base,daily,descriptive,0,0,0,0,,False,False,0,0,full,full,full,none,generated,False
ts_regression_slope,regression,time_series,cleaned_operators.production_repairs,daily,descriptive,0,0,0,0,,False,False,0,0,full,full,full,none,generated,False
ts_regression_tstat,regression,time_series_regression,cleaned_operators.overhaul.base,daily,descriptive,0,0,0,0,,False,False,0,0,full,full,full,none,generated,False
ts_residualized_hsic,kernel,research_nonlinear,cleaned_operators.gemini_v2_common,extended,predictive,1,1,0,0,,False,False,0,0,full,full,full,none,explicit,False
ts_return_spectral_entropy,entropy,spectral,cleaned_operators.spectral_ext,extended,descriptive,0,0,0,0,,False,False,0,0,full,full,full,none,generated,False
ts_ridge_regression_coeff,regression,time_series_regression,cleaned_operators.ts_model.dynamic_regression,daily,descriptive,0,0,0,0,,False,False,0,0,full,full,full,none,generated,False
ts_ridge_regression_coeff_prior,regression,time_series_regression,cleaned_operators.ts_model.dynamic_regression,daily,predictive,1,1,0,0,,False,False,0,0,train,train,train,none,generated,False
ts_ridge_regression_forecast_error,regression,time_series_regression,cleaned_operators.ts_model.dynamic_regression,daily,predictive,1,1,0,1,1,True,True,0,0,train,train,train,none,generated,False
ts_ridge_regression_forecast_error_z,regression,time_series_regression,cleaned_operators.ts_model.dynamic_regression,daily,predictive,1,1,0,1,1,True,True,0,0,train,train,train,none,generated,False
ts_ridge_regression_in_sample_resid,regression,time_series_regression,cleaned_operators.regression_models,extended,descriptive,0,0,0,0,,False,False,0,0,full,full,full,none,generated,False
ts_ridge_regression_predictive_resid,regression,time_series_regression,cleaned_operators.regression_models,extended,predictive,1,1,0,0,,False,False,0,0,train,train,train,none,generated,False
ts_ridge_regression_resid_z,regression,time_series_regression,cleaned_operators.ts_model.dynamic_regression,daily,descriptive,0,0,0,0,,False,False,0,0,full,full,full,none,generated,False
ts_rqa_determinism_fixed_rr,rqa,time_series_recurrence,cleaned_operators.gemini_v2_common,extended,descriptive,0,0,0,0,,False,False,0,0,full,full,full,none,generated,False
ts_rqa_laminarity_fixed_rr,rqa,time_series_recurrence,cleaned_operators.gemini_v2_common,extended,descriptive,0,0,0,0,,False,False,0,0,full,full,full,none,generated,False
ts_run_concentration,generic,time_series_state,cleaned_operators.alpha_language_state,daily,descriptive,0,0,0,0,,False,False,0,0,full,full,full,none,generated,False
ts_run_efficiency,generic,time_series_state,cleaned_operators.alpha_language_state,daily,descriptive,0,0,0,0,,False,False,0,0,full,full,full,none,generated,False
ts_run_strength,generic,time_series_state,cleaned_operators.alpha_language_state,daily,descriptive,0,0,0,0,,False,False,0,0,full,full,full,none,generated,False
ts_sign_cluster_index,generic,time_series_state,cleaned_operators.alpha_language_state,daily,descriptive,0,0,0,0,,False,False,0,0,full,full,full,none,generated,False
ts_sign_persistence,generic,time_series_state,cleaned_operators.alpha_language_state,daily,descriptive,0,0,0,0,,False,False,0,0,full,full,full,none,generated,False
ts_signature_mahalanobis_anomaly,generic,research_transform,cleaned_operators.research_transform,extended,descriptive,0,0,0,0,,False,False,0,0,full,full,full,none,explicit,False
ts_spectral_centroid,spectral,spectral,cleaned_operators.spectral,daily,descriptive,0,0,0,0,,False,False,0,0,full,full,full,none,generated,False
ts_spectral_entropy,entropy,spectral,cleaned_operators.spectral_ext,daily,descriptive,0,0,0,0,,False,False,0,0,full,full,full,none,generated,False
ts_spectral_flatness,spectral,spectral,cleaned_operators.spectral,daily,descriptive,0,0,0,0,,False,False,0,0,full,full,full,none,generated,False
ts_spectral_low_frequency_ratio,spectral,time_series_regression,cleaned_operators.ts_model.wavelet_spectral,extended,descriptive,0,0,0,0,,False,False,0,0,full,full,full,none,generated,False
ts_spectral_peak_concentration,spectral,spectral,cleaned_operators.spectral,daily,descriptive,0,0,0,0,,False,False,0,0,full,full,full,none,generated,False
ts_spectral_quality_factor,spectral,spectral,cleaned_operators.spectral,daily,descriptive,0,0,0,0,,False,False,0,0,full,full,full,none,generated,False
ts_ssa_reconstruction_residual,dmd,hankel,cleaned_operators.hankel,daily,descriptive,0,0,0,0,,False,False,0,0,full,full,full,none,explicit,False
ts_state_age_percentile,state,time_series_state,cleaned_operators.stateful.survival,daily,descriptive,0,0,0,0,,False,False,0,0,full,full,full,none,generated,False
ts_state_density,state,state_geometry,cleaned_operators.state_geometry,daily,descriptive,0,0,0,0,,False,False,0,0,full,full,full,none,generated,False
ts_state_entry_strength,state,time_series_state,cleaned_operators.alpha_language_state,daily,descriptive,0,0,0,0,,False,False,0,0,full,full,full,none,generated,False
ts_state_exit_hazard,state,time_series_state,cleaned_operators.stateful.survival,daily,descriptive,0,0,0,0,,False,False,0,0,full,full,full,none,generated,False
ts_state_integral,state,time_series_state,cleaned_operators.alpha_language_state,daily,descriptive,0,0,0,0,,False,False,0,0,full,full,full,none,generated,False
ts_state_residual_life,state,time_series_state,cleaned_operators.stateful.survival,daily,descriptive,0,0,0,0,,False,False,0,0,full,full,full,none,generated,False
ts_time_slope,generic,time_series_regression,cleaned_operators.overhaul.base,daily,descriptive,0,0,0,0,,False,False,0,0,full,full,full,none,generated,False
ts_transfer_entropy,entropy,information_theory,cleaned_operators.advanced_information,extended,descriptive,0,0,0,0,,False,False,0,0,full,full,full,none,generated,False
ts_transfer_entropy_peak_excess,entropy,information_theory,cleaned_operators.advanced_information,extended,descriptive,0,0,0,0,,False,False,0,0,full,full,full,none,generated,False
ts_transfer_entropy_peak_lag,entropy,information_theory,cleaned_operators.advanced_information,daily,descriptive,0,0,0,0,,False,False,0,0,full,full,full,none,generated,False
ts_transfer_entropy_peak_strength,entropy,information_theory,cleaned_operators.advanced_information,daily,descriptive,0,0,0,0,,False,False,0,0,full,full,full,none,generated,False
ts_transition_intensity,generic,time_series_state,cleaned_operators.alpha_language_state,daily,descriptive,0,0,0,0,,False,False,0,0,full,full,full,none,generated,False
ts_trend_tstat,generic,time_series_regression,cleaned_operators.overhaul.base,daily,descriptive,0,0,0,0,,False,False,0,0,full,full,full,none,generated,False
ts_turning_point_ratio,generic,time_series_regression,cleaned_operators.ts_model.complexity,extended,descriptive,0,0,0,0,,False,False,0,0,full,full,full,none,generated,False
ts_turnover_cost_quantile_distance,regression,time_series_chip_cost,cleaned_operators.turnover_survival,daily,descriptive,0,0,0,0,,False,False,0,0,full,full,full,none,generated,False
ts_turnover_near_cost_mass,generic,time_series_chip_cost,cleaned_operators.turnover_survival,daily,descriptive,0,0,0,0,,False,False,0,0,full,full,full,none,generated,False
ts_two_state_regime_probability,state,time_series_regression,cleaned_operators.ts_model.complexity,extended,descriptive,0,0,0,0,,False,False,0,0,full,full,full,none,generated,False
ts_variance_ratio_proxy,ar,time_series_regression,cleaned_operators.regression_models,extended,descriptive,0,0,0,0,,False,False,0,0,full,full,full,none,generated,False
ts_variance_ratio_slope,ar,time_series_regression,cleaned_operators.ts_model.ar_meanrev,daily,descriptive,0,0,0,0,,False,False,0,0,full,full,full,none,generated,False
ts_vector_state_local_density,state,candle_state_space,cleaned_operators.candle_state_space,daily,descriptive,0,0,0,0,,False,False,0,0,full,full,full,none,generated,False
ts_vector_state_mahalanobis,state,candle_state_space,cleaned_operators.candle_state_space,daily,descriptive,0,0,0,0,,False,False,0,0,full,full,full,none,generated,False
ts_vol_shift_score,generic,time_series_regression,cleaned_operators.regression_models,daily,descriptive,0,0,0,0,,False,False,0,0,full,full,full,none,generated,False
ts_wavelet_energy_slope,spectral,time_series_regression,cleaned_operators.ts_model.wavelet_spectral,extended,descriptive,0,0,0,0,,False,False,0,0,full,full,full,none,generated,False
ts_wavelet_entropy,entropy,time_series_regression,cleaned_operators.ts_model.wavelet_spectral,extended,descriptive,0,0,0,0,,False,False,0,0,full,full,full,none,generated,False
ts_wavelet_high_frequency_ratio,spectral,time_series_regression,cleaned_operators.ts_model.wavelet_spectral,extended,descriptive,0,0,0,0,,False,False,0,0,full,full,full,none,generated,False
ts_wavelet_low_frequency_ratio,spectral,time_series_regression,cleaned_operators.ts_model.wavelet_spectral,extended,descriptive,0,0,0,0,,False,False,0,0,full,full,full,none,generated,False
