canonical,param_names,param_types,param_defaults,return_type
ADX,param_count_0,UNAVAILABLE,UNAVAILABLE,Factor[float64]
ATR_WILDER,param_count_0,UNAVAILABLE,UNAVAILABLE,Factor[float64]
CMF,param_count_0,UNAVAILABLE,UNAVAILABLE,Factor[float64]
CMO,param_count_0,UNAVAILABLE,UNAVAILABLE,Factor[float64]
ChaikinOscillator,param_count_0,UNAVAILABLE,UNAVAILABLE,Factor[float64]
DEMA,param_count_0,UNAVAILABLE,UNAVAILABLE,Factor[float64]
DMI_minus,param_count_0,UNAVAILABLE,UNAVAILABLE,Factor[float64]
DMI_plus,param_count_0,UNAVAILABLE,UNAVAILABLE,Factor[float64]
DX,param_count_0,UNAVAILABLE,UNAVAILABLE,Factor[float64]
EaseOfMovement,param_count_0,UNAVAILABLE,UNAVAILABLE,Factor[float64]
ForceIndex,param_count_0,UNAVAILABLE,UNAVAILABLE,Factor[float64]
KAMA,param_count_0,UNAVAILABLE,UNAVAILABLE,Factor[float64]
KeltnerLower,param_count_0,UNAVAILABLE,UNAVAILABLE,Factor[float64]
KeltnerMid,param_count_0,UNAVAILABLE,UNAVAILABLE,Factor[float64]
KeltnerPosition,param_count_0,UNAVAILABLE,UNAVAILABLE,Factor[float64]
KeltnerUpper,param_count_0,UNAVAILABLE,UNAVAILABLE,Factor[float64]
MACD_hist,param_count_0,UNAVAILABLE,UNAVAILABLE,Factor[float64]
MACD_line,param_count_0,UNAVAILABLE,UNAVAILABLE,Factor[float64]
MACD_signal,param_count_0,UNAVAILABLE,UNAVAILABLE,Factor[float64]
MFI,param_count_0,UNAVAILABLE,UNAVAILABLE,Factor[float64]
NATR,param_count_0,UNAVAILABLE,UNAVAILABLE,Factor[float64]
PPO,param_count_0,UNAVAILABLE,UNAVAILABLE,Factor[float64]
PPO_hist,param_count_0,UNAVAILABLE,UNAVAILABLE,Factor[float64]
PPO_signal,param_count_0,UNAVAILABLE,UNAVAILABLE,Factor[float64]
PSAR,param_count_0,UNAVAILABLE,UNAVAILABLE,Factor[float64]
PVO,param_count_0,UNAVAILABLE,UNAVAILABLE,Factor[float64]
PVO_hist,param_count_0,UNAVAILABLE,UNAVAILABLE,Factor[float64]
PVO_signal,param_count_0,UNAVAILABLE,UNAVAILABLE,Factor[float64]
RSI_WILDER,param_count_0,UNAVAILABLE,UNAVAILABLE,Factor[float64]
Supertrend,param_count_0,UNAVAILABLE,UNAVAILABLE,Factor[float64]
SupertrendDirection,param_count_0,UNAVAILABLE,UNAVAILABLE,Factor[float64]
TEMA,param_count_0,UNAVAILABLE,UNAVAILABLE,Factor[float64]
TSI,param_count_0,UNAVAILABLE,UNAVAILABLE,Factor[float64]
TSI_signal,param_count_0,UNAVAILABLE,UNAVAILABLE,Factor[float64]
UltimateOscillator,param_count_0,UNAVAILABLE,UNAVAILABLE,Factor[float64]
VortexMinus,param_count_0,UNAVAILABLE,UNAVAILABLE,Factor[float64]
VortexPlus,param_count_0,UNAVAILABLE,UNAVAILABLE,Factor[float64]
a_share_cap_ratio,param_count_0,UNAVAILABLE,UNAVAILABLE,Factor[float64]
abnormal_turnover,param_count_0,UNAVAILABLE,UNAVAILABLE,Factor[float64]
abnormal_volume,param_count_0,UNAVAILABLE,UNAVAILABLE,Factor[float64]
abs,param_count_1,UNAVAILABLE,UNAVAILABLE,Factor[float64]
abs_return_volume_corr,param_count_0,UNAVAILABLE,UNAVAILABLE,Factor[float64]
acos,param_count_0,UNAVAILABLE,UNAVAILABLE,Factor[float64]
add,param_count_1,UNAVAILABLE,UNAVAILABLE,Factor[float64]
adv,param_count_0,UNAVAILABLE,UNAVAILABLE,Factor[float64]
altman_z_score,param_count_0,UNAVAILABLE,UNAVAILABLE,Factor[float64]
amihud_illiquidity,param_count_0,UNAVAILABLE,UNAVAILABLE,Factor[float64]
and_,param_count_1,UNAVAILABLE,UNAVAILABLE,Factor[float64]
ashare_days_since_limit_down,param_count_0,UNAVAILABLE,UNAVAILABLE,Factor[float64]
ashare_days_since_limit_up,param_count_0,UNAVAILABLE,UNAVAILABLE,Factor[float64]
ashare_failed_limit_count,param_count_0,UNAVAILABLE,UNAVAILABLE,Factor[float64]
ashare_limit_asymmetry,param_count_0,UNAVAILABLE,UNAVAILABLE,Factor[float64]
ashare_limit_distance,param_count_0,UNAVAILABLE,UNAVAILABLE,Factor[float64]
ashare_limit_down_streak,param_count_0,UNAVAILABLE,UNAVAILABLE,Factor[float64]
ashare_limit_down_touch,param_count_0,UNAVAILABLE,UNAVAILABLE,Factor[float64]
ashare_limit_down_volume_ratio,param_count_0,UNAVAILABLE,UNAVAILABLE,Factor[float64]
ashare_limit_event_density,param_count_0,UNAVAILABLE,UNAVAILABLE,Factor[float64]
ashare_limit_failed,param_count_0,UNAVAILABLE,UNAVAILABLE,Factor[float64]
ashare_limit_one_price,param_count_0,UNAVAILABLE,UNAVAILABLE,Factor[float64]
ashare_limit_open_down_streak,param_count_0,UNAVAILABLE,UNAVAILABLE,Factor[float64]
ashare_limit_open_failed,param_count_0,UNAVAILABLE,UNAVAILABLE,Factor[float64]
ashare_limit_open_up_streak,param_count_0,UNAVAILABLE,UNAVAILABLE,Factor[float64]
ashare_limit_touch_count,param_count_0,UNAVAILABLE,UNAVAILABLE,Factor[float64]
ashare_limit_up_streak,param_count_0,UNAVAILABLE,UNAVAILABLE,Factor[float64]
ashare_limit_up_touch,param_count_0,UNAVAILABLE,UNAVAILABLE,Factor[float64]
ashare_limit_up_volume_ratio,param_count_0,UNAVAILABLE,UNAVAILABLE,Factor[float64]
ashare_one_price_limit_streak,param_count_0,UNAVAILABLE,UNAVAILABLE,Factor[float64]
ashare_open_at_upper_limit,param_count_0,UNAVAILABLE,UNAVAILABLE,Factor[float64]
ashare_suspension_episode_length,param_count_0,UNAVAILABLE,UNAVAILABLE,Factor[float64]
asin,param_count_0,UNAVAILABLE,UNAVAILABLE,Factor[float64]
atan,param_count_0,UNAVAILABLE,UNAVAILABLE,Factor[float64]
atan2,param_count_0,UNAVAILABLE,UNAVAILABLE,Factor[float64]
average_turnover,param_count_0,UNAVAILABLE,UNAVAILABLE,Factor[float64]
benchmark_excess_return,param_count_0,UNAVAILABLE,UNAVAILABLE,Factor[float64]
benchmark_relative_price,param_count_0,UNAVAILABLE,UNAVAILABLE,Factor[float64]
bollinger_pct_b,param_count_0,UNAVAILABLE,UNAVAILABLE,Factor[float64]
bollinger_width,param_count_0,UNAVAILABLE,UNAVAILABLE,Factor[float64]
book_to_price,param_count_0,UNAVAILABLE,UNAVAILABLE,Factor[float64]
bounded_nvi,param_count_0,UNAVAILABLE,UNAVAILABLE,Factor[float64]
bounded_pvi,param_count_0,UNAVAILABLE,UNAVAILABLE,Factor[float64]
calendar_day_diff,param_count_0,UNAVAILABLE,UNAVAILABLE,Factor[float64]
candle_abs_body,param_count_0,UNAVAILABLE,UNAVAILABLE,Factor[float64]
candle_body,param_count_0,UNAVAILABLE,UNAVAILABLE,Factor[float64]
candle_body_percentile,param_count_0,UNAVAILABLE,UNAVAILABLE,Factor[float64]
candle_body_position,param_count_0,UNAVAILABLE,UNAVAILABLE,Factor[float64]
candle_body_ratio,param_count_0,UNAVAILABLE,UNAVAILABLE,Factor[float64]
candle_body_zscore,param_count_0,UNAVAILABLE,UNAVAILABLE,Factor[float64]
candle_close_location,param_count_0,UNAVAILABLE,UNAVAILABLE,Factor[float64]
candle_close_strength,param_count_0,UNAVAILABLE,UNAVAILABLE,Factor[float64]
candle_direction,param_count_0,UNAVAILABLE,UNAVAILABLE,Factor[float64]
candle_gap,param_count_0,UNAVAILABLE,UNAVAILABLE,Factor[float64]
candle_gap_atr,param_count_0,UNAVAILABLE,UNAVAILABLE,Factor[float64]
candle_gap_pct,param_count_0,UNAVAILABLE,UNAVAILABLE,Factor[float64]
candle_inside_ratio,param_count_0,UNAVAILABLE,UNAVAILABLE,Factor[float64]
candle_lower_shadow,param_count_0,UNAVAILABLE,UNAVAILABLE,Factor[float64]
candle_lower_shadow_ratio,param_count_0,UNAVAILABLE,UNAVAILABLE,Factor[float64]
candle_lower_shadow_zscore,param_count_0,UNAVAILABLE,UNAVAILABLE,Factor[float64]
candle_overlap_ratio,param_count_0,UNAVAILABLE,UNAVAILABLE,Factor[float64]
candle_range,param_count_0,UNAVAILABLE,UNAVAILABLE,Factor[float64]
candle_range_atr,param_count_0,UNAVAILABLE,UNAVAILABLE,Factor[float64]
candle_range_percentile,param_count_0,UNAVAILABLE,UNAVAILABLE,Factor[float64]
candle_range_zscore,param_count_0,UNAVAILABLE,UNAVAILABLE,Factor[float64]
candle_rejection_lower,param_count_0,UNAVAILABLE,UNAVAILABLE,Factor[float64]
candle_rejection_upper,param_count_0,UNAVAILABLE,UNAVAILABLE,Factor[float64]
candle_upper_shadow,param_count_0,UNAVAILABLE,UNAVAILABLE,Factor[float64]
candle_upper_shadow_ratio,param_count_0,UNAVAILABLE,UNAVAILABLE,Factor[float64]
candle_upper_shadow_zscore,param_count_0,UNAVAILABLE,UNAVAILABLE,Factor[float64]
candlestick_pattern,param_count_0,UNAVAILABLE,UNAVAILABLE,Factor[float64]
capital_change_age,param_count_0,UNAVAILABLE,UNAVAILABLE,Factor[float64]
capital_change_magnitude,param_count_0,UNAVAILABLE,UNAVAILABLE,Factor[float64]
cash_flow_lifecycle_stage,param_count_0,UNAVAILABLE,UNAVAILABLE,Factor[float64]
cbrt,param_count_0,UNAVAILABLE,UNAVAILABLE,Factor[float64]
cdl_dark_cloud_cover,param_count_0,UNAVAILABLE,UNAVAILABLE,Factor[float64]
cdl_doji,param_count_0,UNAVAILABLE,UNAVAILABLE,Factor[float64]
cdl_dragonfly_doji,param_count_0,UNAVAILABLE,UNAVAILABLE,Factor[float64]
cdl_engulfing,param_count_0,UNAVAILABLE,UNAVAILABLE,Factor[float64]
cdl_evening_star,param_count_0,UNAVAILABLE,UNAVAILABLE,Factor[float64]
cdl_gravestone_doji,param_count_0,UNAVAILABLE,UNAVAILABLE,Factor[float64]
cdl_hammer,param_count_0,UNAVAILABLE,UNAVAILABLE,Factor[float64]
cdl_hanging_man,param_count_0,UNAVAILABLE,UNAVAILABLE,Factor[float64]
cdl_harami,param_count_0,UNAVAILABLE,UNAVAILABLE,Factor[float64]
cdl_harami_cross,param_count_0,UNAVAILABLE,UNAVAILABLE,Factor[float64]
cdl_inside_bar,param_count_0,UNAVAILABLE,UNAVAILABLE,Factor[float64]
cdl_inverted_hammer,param_count_0,UNAVAILABLE,UNAVAILABLE,Factor[float64]
cdl_marubozu,param_count_0,UNAVAILABLE,UNAVAILABLE,Factor[float64]
cdl_morning_star,param_count_0,UNAVAILABLE,UNAVAILABLE,Factor[float64]
cdl_outside_bar,param_count_0,UNAVAILABLE,UNAVAILABLE,Factor[float64]
cdl_piercing,param_count_0,UNAVAILABLE,UNAVAILABLE,Factor[float64]
cdl_shooting_star,param_count_0,UNAVAILABLE,UNAVAILABLE,Factor[float64]
cdl_spinning_top,param_count_0,UNAVAILABLE,UNAVAILABLE,Factor[float64]
cdl_three_black_crows,param_count_0,UNAVAILABLE,UNAVAILABLE,Factor[float64]
cdl_three_white_soldiers,param_count_0,UNAVAILABLE,UNAVAILABLE,Factor[float64]
cdl_tweezer_bottom,param_count_0,UNAVAILABLE,UNAVAILABLE,Factor[float64]
cdl_tweezer_top,param_count_0,UNAVAILABLE,UNAVAILABLE,Factor[float64]
ceil,param_count_1,UNAVAILABLE,UNAVAILABLE,Factor[float64]
choppiness_index,param_count_0,UNAVAILABLE,UNAVAILABLE,Factor[float64]
clip,param_count_1,UNAVAILABLE,UNAVAILABLE,Factor[float64]
coalesce,param_count_1,UNAVAILABLE,UNAVAILABLE,Factor[float64]
composition_aitchison_distance,param_count_0,UNAVAILABLE,UNAVAILABLE,Factor[float64]
composition_clr_component,param_count_0,UNAVAILABLE,UNAVAILABLE,Factor[float64]
composition_entropy,param_count_0,UNAVAILABLE,UNAVAILABLE,Factor[float64]
composition_ilr_balance,param_count_0,UNAVAILABLE,UNAVAILABLE,Factor[float64]
composition_js_divergence,param_count_0,UNAVAILABLE,UNAVAILABLE,Factor[float64]
corwin_schultz_spread,param_count_0,UNAVAILABLE,UNAVAILABLE,Factor[float64]
cos,param_count_0,UNAVAILABLE,UNAVAILABLE,Factor[float64]
coskewness_to_market,param_count_0,UNAVAILABLE,UNAVAILABLE,Factor[float64]
cross_event,param_count_0,UNAVAILABLE,UNAVAILABLE,Factor[float64]
cs_actual_lof_score,param_count_0,UNAVAILABLE,UNAVAILABLE,Factor[float64]
cs_bucket,param_count_0,UNAVAILABLE,UNAVAILABLE,Factor[float64]
cs_bucket_fixed,param_count_0,UNAVAILABLE,UNAVAILABLE,Factor[float64]
cs_bucket_historical,param_count_0,UNAVAILABLE,UNAVAILABLE,Factor[float64]
cs_count,param_count_1,UNAVAILABLE,UNAVAILABLE,Factor[float64]
cs_coverage_ratio,param_count_0,UNAVAILABLE,UNAVAILABLE,Factor[float64]
cs_demean,param_count_1,UNAVAILABLE,UNAVAILABLE,Factor[float64]
cs_fill_mean,param_count_0,UNAVAILABLE,UNAVAILABLE,Factor[float64]
cs_fill_median,param_count_0,UNAVAILABLE,UNAVAILABLE,Factor[float64]
cs_hartigan_dip,param_count_0,UNAVAILABLE,UNAVAILABLE,Factor[float64]
cs_huber_resid,param_count_0,UNAVAILABLE,UNAVAILABLE,Factor[float64]
cs_impute_mean,param_count_0,UNAVAILABLE,UNAVAILABLE,Factor[float64]
cs_impute_median,param_count_0,UNAVAILABLE,UNAVAILABLE,Factor[float64]
cs_isolation,param_count_0,UNAVAILABLE,UNAVAILABLE,Factor[float64]
cs_isotonic_residual,param_count_0,UNAVAILABLE,UNAVAILABLE,Factor[float64]
cs_knn_distance,param_count_0,UNAVAILABLE,UNAVAILABLE,Factor[float64]
cs_knn_graph_dirichlet_energy,param_count_0,UNAVAILABLE,UNAVAILABLE,Factor[float64]
cs_knn_local_moran,param_count_0,UNAVAILABLE,UNAVAILABLE,Factor[float64]
cs_knn_neighbor_retention,param_count_0,UNAVAILABLE,UNAVAILABLE,Factor[float64]
cs_knn_peer_mean_ex_self,param_count_0,UNAVAILABLE,UNAVAILABLE,Factor[float64]
cs_lad_resid,param_count_0,UNAVAILABLE,UNAVAILABLE,Factor[float64]
cs_local_curvature,param_count_0,UNAVAILABLE,UNAVAILABLE,Factor[float64]
cs_local_density,param_count_0,UNAVAILABLE,UNAVAILABLE,Factor[float64]
cs_local_density_score,param_count_0,UNAVAILABLE,UNAVAILABLE,Factor[float64]
cs_mad,param_count_1,UNAVAILABLE,UNAVAILABLE,Factor[float64]
cs_mad_zscore,param_count_1,UNAVAILABLE,UNAVAILABLE,Factor[float64]
cs_mahalanobis_distance,param_count_0,UNAVAILABLE,UNAVAILABLE,Factor[float64]
cs_mean,param_count_1,UNAVAILABLE,UNAVAILABLE,Factor[float64]
cs_multi_resid,param_count_0,UNAVAILABLE,UNAVAILABLE,Factor[float64]
cs_neighbor_gap,param_count_0,UNAVAILABLE,UNAVAILABLE,Factor[float64]
cs_neutralize,param_count_0,UNAVAILABLE,UNAVAILABLE,Factor[float64]
cs_pct_rank,param_count_1,UNAVAILABLE,UNAVAILABLE,Factor[float64]
cs_quantile,param_count_0,UNAVAILABLE,UNAVAILABLE,Factor[float64]
cs_quantile_resid,param_count_0,UNAVAILABLE,UNAVAILABLE,Factor[float64]
cs_rank_churn,param_count_0,UNAVAILABLE,UNAVAILABLE,Factor[float64]
cs_rank_gaussian,param_count_0,UNAVAILABLE,UNAVAILABLE,Factor[float64]
cs_regression,param_count_0,UNAVAILABLE,UNAVAILABLE,Factor[float64]
cs_relative_density_ratio,param_count_0,UNAVAILABLE,UNAVAILABLE,Factor[float64]
cs_resid,param_count_0,UNAVAILABLE,UNAVAILABLE,Factor[float64]
cs_residual_percentile,param_count_0,UNAVAILABLE,UNAVAILABLE,Factor[float64]
cs_ridge_resid,param_count_0,UNAVAILABLE,UNAVAILABLE,Factor[float64]
cs_robust_mahalanobis_mad,param_count_0,UNAVAILABLE,UNAVAILABLE,Factor[float64]
cs_shrinkage_mahalanobis,param_count_0,UNAVAILABLE,UNAVAILABLE,Factor[float64]
cs_spline_resid,param_count_0,UNAVAILABLE,UNAVAILABLE,Factor[float64]
cs_std,param_count_1,UNAVAILABLE,UNAVAILABLE,Factor[float64]
cs_sum,param_count_1,UNAVAILABLE,UNAVAILABLE,Factor[float64]
cs_tail_retention,param_count_0,UNAVAILABLE,UNAVAILABLE,Factor[float64]
cs_valid_count,param_count_0,UNAVAILABLE,UNAVAILABLE,Factor[float64]
cs_weighted_demean,param_count_0,UNAVAILABLE,UNAVAILABLE,Factor[float64]
cs_weighted_mean,param_count_0,UNAVAILABLE,UNAVAILABLE,Factor[float64]
cs_weighted_percentile_rank,param_count_0,UNAVAILABLE,UNAVAILABLE,Factor[float64]
cs_weighted_zscore,param_count_0,UNAVAILABLE,UNAVAILABLE,Factor[float64]
cs_wls_resid,param_count_0,UNAVAILABLE,UNAVAILABLE,Factor[float64]
date_diff_days,param_count_0,UNAVAILABLE,UNAVAILABLE,Factor[float64]
digital_count,param_count_0,UNAVAILABLE,UNAVAILABLE,Factor[float64]
directional_change_extent,param_count_0,UNAVAILABLE,UNAVAILABLE,Factor[float64]
directional_change_state,param_count_0,UNAVAILABLE,UNAVAILABLE,Factor[float64]
divide,param_count_1,UNAVAILABLE,UNAVAILABLE,Factor[float64]
dollar_volume,param_count_0,UNAVAILABLE,UNAVAILABLE,Factor[float64]
dollar_volume_zscore,param_count_0,UNAVAILABLE,UNAVAILABLE,Factor[float64]
donchian_lower,param_count_0,UNAVAILABLE,UNAVAILABLE,Factor[float64]
donchian_mid,param_count_0,UNAVAILABLE,UNAVAILABLE,Factor[float64]
donchian_position,param_count_0,UNAVAILABLE,UNAVAILABLE,Factor[float64]
donchian_upper,param_count_0,UNAVAILABLE,UNAVAILABLE,Factor[float64]
down_volume_ratio,param_count_0,UNAVAILABLE,UNAVAILABLE,Factor[float64]
earnings_yield,param_count_0,UNAVAILABLE,UNAVAILABLE,Factor[float64]
efficiency_ratio,param_count_0,UNAVAILABLE,UNAVAILABLE,Factor[float64]
eq,param_count_1,UNAVAILABLE,UNAVAILABLE,Factor[float64]
event_abnormal_return_past,param_count_0,UNAVAILABLE,UNAVAILABLE,Factor[float64]
event_active_count,param_count_0,UNAVAILABLE,UNAVAILABLE,Factor[float64]
event_allan_factor,param_count_0,UNAVAILABLE,UNAVAILABLE,Factor[float64]
event_arithmetic_return_sum,param_count_0,UNAVAILABLE,UNAVAILABLE,Factor[float64]
event_cluster_count,param_count_0,UNAVAILABLE,UNAVAILABLE,Factor[float64]
event_cluster_mean_size,param_count_0,UNAVAILABLE,UNAVAILABLE,Factor[float64]
event_cumulative_return_past,param_count_0,UNAVAILABLE,UNAVAILABLE,Factor[float64]
event_decay_asof,param_count_0,UNAVAILABLE,UNAVAILABLE,Factor[float64]
event_fano_factor,param_count_0,UNAVAILABLE,UNAVAILABLE,Factor[float64]
event_frequency,param_count_0,UNAVAILABLE,UNAVAILABLE,Factor[float64]
event_historical_response_mean,param_count_0,UNAVAILABLE,UNAVAILABLE,Factor[float64]
event_historical_response_sign_balance,param_count_0,UNAVAILABLE,UNAVAILABLE,Factor[float64]
event_interval_memory,param_count_0,UNAVAILABLE,UNAVAILABLE,Factor[float64]
event_level_survival_share,param_count_0,UNAVAILABLE,UNAVAILABLE,Factor[float64]
event_local_variation,param_count_0,UNAVAILABLE,UNAVAILABLE,Factor[float64]
event_log_return_sum,param_count_0,UNAVAILABLE,UNAVAILABLE,Factor[float64]
event_refractory,param_count_0,UNAVAILABLE,UNAVAILABLE,Factor[float64]
event_response_decay_rate,param_count_0,UNAVAILABLE,UNAVAILABLE,Factor[float64]
event_response_dispersion,param_count_0,UNAVAILABLE,UNAVAILABLE,Factor[float64]
event_response_peak_lag,param_count_0,UNAVAILABLE,UNAVAILABLE,Factor[float64]
event_response_reversal_strength,param_count_0,UNAVAILABLE,UNAVAILABLE,Factor[float64]
event_return_since_last,param_count_0,UNAVAILABLE,UNAVAILABLE,Factor[float64]
exp,param_count_1,UNAVAILABLE,UNAVAILABLE,Factor[float64]
exp_neg,param_count_0,UNAVAILABLE,UNAVAILABLE,Factor[float64]
expanding_rank,param_count_0,UNAVAILABLE,UNAVAILABLE,Factor[float64]
ffill_limit,param_count_0,UNAVAILABLE,UNAVAILABLE,Factor[float64]
fillna_const,param_count_1,UNAVAILABLE,UNAVAILABLE,Factor[float64]
fin_accrual_ratio,param_count_0,UNAVAILABLE,UNAVAILABLE,Factor[float64]
fin_acquisition_cash_intensity,param_count_0,UNAVAILABLE,UNAVAILABLE,Factor[float64]
fin_actual_expectation_divergence,param_count_0,UNAVAILABLE,UNAVAILABLE,Factor[float64]
fin_announcement_lag,param_count_0,UNAVAILABLE,UNAVAILABLE,Factor[float64]
fin_applicability_mask,param_count_0,UNAVAILABLE,UNAVAILABLE,Factor[float64]
fin_average_balance,param_count_0,UNAVAILABLE,UNAVAILABLE,Factor[float64]
fin_beat_streak,param_count_0,UNAVAILABLE,UNAVAILABLE,Factor[float64]
fin_borrowing_intensity,param_count_0,UNAVAILABLE,UNAVAILABLE,Factor[float64]
fin_cagr,param_count_0,UNAVAILABLE,UNAVAILABLE,Factor[float64]
fin_capex_growth,param_count_0,UNAVAILABLE,UNAVAILABLE,Factor[float64]
fin_capex_intensity,param_count_0,UNAVAILABLE,UNAVAILABLE,Factor[float64]
fin_cash_burn_runway,param_count_0,UNAVAILABLE,UNAVAILABLE,Factor[float64]
fin_cash_conversion,param_count_0,UNAVAILABLE,UNAVAILABLE,Factor[float64]
fin_cash_earnings_gap,param_count_0,UNAVAILABLE,UNAVAILABLE,Factor[float64]
fin_cash_sales_divergence,param_count_0,UNAVAILABLE,UNAVAILABLE,Factor[float64]
fin_cashflow_persistence,param_count_0,UNAVAILABLE,UNAVAILABLE,Factor[float64]
fin_common_size,param_count_0,UNAVAILABLE,UNAVAILABLE,Factor[float64]
fin_component_score,param_count_0,UNAVAILABLE,UNAVAILABLE,Factor[float64]
fin_comprehensive_income_gap,param_count_0,UNAVAILABLE,UNAVAILABLE,Factor[float64]
fin_contract_asset_growth,param_count_0,UNAVAILABLE,UNAVAILABLE,Factor[float64]
fin_contract_asset_intensity,param_count_0,UNAVAILABLE,UNAVAILABLE,Factor[float64]
fin_contract_asset_liability_gap,param_count_0,UNAVAILABLE,UNAVAILABLE,Factor[float64]
fin_contract_liability_growth,param_count_0,UNAVAILABLE,UNAVAILABLE,Factor[float64]
fin_contract_liability_intensity,param_count_0,UNAVAILABLE,UNAVAILABLE,Factor[float64]
fin_core_earnings_ratio,param_count_0,UNAVAILABLE,UNAVAILABLE,Factor[float64]
fin_cv,param_count_0,UNAVAILABLE,UNAVAILABLE,Factor[float64]
fin_days_since_expectation_revision,param_count_0,UNAVAILABLE,UNAVAILABLE,Factor[float64]
fin_days_since_update,param_count_0,UNAVAILABLE,UNAVAILABLE,Factor[float64]
fin_debt_repayment_intensity,param_count_0,UNAVAILABLE,UNAVAILABLE,Factor[float64]
fin_debt_service_coverage_proxy,param_count_0,UNAVAILABLE,UNAVAILABLE,Factor[float64]
fin_deferred_tax_gap,param_count_0,UNAVAILABLE,UNAVAILABLE,Factor[float64]
fin_delta_noa,param_count_0,UNAVAILABLE,UNAVAILABLE,Factor[float64]
fin_diff,param_count_0,UNAVAILABLE,UNAVAILABLE,Factor[float64]
fin_discontinued_operation_ratio,param_count_0,UNAVAILABLE,UNAVAILABLE,Factor[float64]
fin_divergence,param_count_0,UNAVAILABLE,UNAVAILABLE,Factor[float64]
fin_earnings_cash_gap_volatility,param_count_0,UNAVAILABLE,UNAVAILABLE,Factor[float64]
fin_earnings_persistence,param_count_0,UNAVAILABLE,UNAVAILABLE,Factor[float64]
fin_earnings_smoothness,param_count_0,UNAVAILABLE,UNAVAILABLE,Factor[float64]
fin_equity_capital_growth,param_count_0,UNAVAILABLE,UNAVAILABLE,Factor[float64]
fin_expectation_dispersion,param_count_0,UNAVAILABLE,UNAVAILABLE,Factor[float64]
fin_expectation_revision,param_count_0,UNAVAILABLE,UNAVAILABLE,Factor[float64]
fin_expectation_revision_count,param_count_0,UNAVAILABLE,UNAVAILABLE,Factor[float64]
fin_expectation_revision_magnitude,param_count_0,UNAVAILABLE,UNAVAILABLE,Factor[float64]
fin_expectation_revision_pct,param_count_0,UNAVAILABLE,UNAVAILABLE,Factor[float64]
fin_expectation_revision_speed,param_count_0,UNAVAILABLE,UNAVAILABLE,Factor[float64]
fin_expense_sales_divergence,param_count_0,UNAVAILABLE,UNAVAILABLE,Factor[float64]
fin_fair_value_income_dependence,param_count_0,UNAVAILABLE,UNAVAILABLE,Factor[float64]
fin_financing_gap,param_count_0,UNAVAILABLE,UNAVAILABLE,Factor[float64]
fin_fundamental_strength_score,param_count_0,UNAVAILABLE,UNAVAILABLE,Factor[float64]
fin_goodwill_intensity,param_count_0,UNAVAILABLE,UNAVAILABLE,Factor[float64]
fin_goodwill_risk_score,param_count_0,UNAVAILABLE,UNAVAILABLE,Factor[float64]
fin_growth,param_count_0,UNAVAILABLE,UNAVAILABLE,Factor[float64]
fin_growth_acceleration,param_count_0,UNAVAILABLE,UNAVAILABLE,Factor[float64]
fin_growth_change,param_count_0,UNAVAILABLE,UNAVAILABLE,Factor[float64]
fin_growth_persistence,param_count_0,UNAVAILABLE,UNAVAILABLE,Factor[float64]
fin_growth_stability,param_count_0,UNAVAILABLE,UNAVAILABLE,Factor[float64]
fin_growth_volatility,param_count_0,UNAVAILABLE,UNAVAILABLE,Factor[float64]
fin_impairment_intensity,param_count_0,UNAVAILABLE,UNAVAILABLE,Factor[float64]
fin_interest_coverage_proxy,param_count_0,UNAVAILABLE,UNAVAILABLE,Factor[float64]
fin_inventory_sales_divergence,param_count_0,UNAVAILABLE,UNAVAILABLE,Factor[float64]
fin_investment_income_dependence,param_count_0,UNAVAILABLE,UNAVAILABLE,Factor[float64]
fin_lag,param_count_0,UNAVAILABLE,UNAVAILABLE,Factor[float64]
fin_lease_asset_liability_gap,param_count_0,UNAVAILABLE,UNAVAILABLE,Factor[float64]
fin_lease_intensity,param_count_0,UNAVAILABLE,UNAVAILABLE,Factor[float64]
fin_log_change,param_count_0,UNAVAILABLE,UNAVAILABLE,Factor[float64]
fin_margin_persistence,param_count_0,UNAVAILABLE,UNAVAILABLE,Factor[float64]
fin_minority_profit_share,param_count_0,UNAVAILABLE,UNAVAILABLE,Factor[float64]
fin_miss_streak,param_count_0,UNAVAILABLE,UNAVAILABLE,Factor[float64]
fin_monotonicity,param_count_0,UNAVAILABLE,UNAVAILABLE,Factor[float64]
fin_negative_streak,param_count_0,UNAVAILABLE,UNAVAILABLE,Factor[float64]
fin_net_borrowing_cashflow,param_count_0,UNAVAILABLE,UNAVAILABLE,Factor[float64]
fin_net_debt_issuance,param_count_0,UNAVAILABLE,UNAVAILABLE,Factor[float64]
fin_noncore_income_ratio,param_count_0,UNAVAILABLE,UNAVAILABLE,Factor[float64]
fin_oci_to_equity,param_count_0,UNAVAILABLE,UNAVAILABLE,Factor[float64]
fin_other_earnings_dependence,param_count_0,UNAVAILABLE,UNAVAILABLE,Factor[float64]
fin_pct_change,param_count_0,UNAVAILABLE,UNAVAILABLE,Factor[float64]
fin_percentile_history,param_count_0,UNAVAILABLE,UNAVAILABLE,Factor[float64]
fin_positive_streak,param_count_0,UNAVAILABLE,UNAVAILABLE,Factor[float64]
fin_qoq,param_count_0,UNAVAILABLE,UNAVAILABLE,Factor[float64]
fin_quarter_from_cumulative,param_count_0,UNAVAILABLE,UNAVAILABLE,Factor[float64]
fin_range,param_count_0,UNAVAILABLE,UNAVAILABLE,Factor[float64]
fin_ratio,param_count_0,UNAVAILABLE,UNAVAILABLE,Factor[float64]
fin_rd_capitalization_ratio,param_count_0,UNAVAILABLE,UNAVAILABLE,Factor[float64]
fin_rd_total_intensity,param_count_0,UNAVAILABLE,UNAVAILABLE,Factor[float64]
fin_receivable_sales_divergence,param_count_0,UNAVAILABLE,UNAVAILABLE,Factor[float64]
fin_restated_flag,param_count_0,UNAVAILABLE,UNAVAILABLE,Factor[float64]
fin_revision_count,param_count_0,UNAVAILABLE,UNAVAILABLE,Factor[float64]
fin_revision_delta,param_count_0,UNAVAILABLE,UNAVAILABLE,Factor[float64]
fin_revision_direction,param_count_0,UNAVAILABLE,UNAVAILABLE,Factor[float64]
fin_revision_magnitude,param_count_0,UNAVAILABLE,UNAVAILABLE,Factor[float64]
fin_revision_pct,param_count_0,UNAVAILABLE,UNAVAILABLE,Factor[float64]
fin_roe_cash_gap,param_count_0,UNAVAILABLE,UNAVAILABLE,Factor[float64]
fin_seasonal_percentile,param_count_0,UNAVAILABLE,UNAVAILABLE,Factor[float64]
fin_seasonal_zscore,param_count_0,UNAVAILABLE,UNAVAILABLE,Factor[float64]
fin_sign_change_count,param_count_0,UNAVAILABLE,UNAVAILABLE,Factor[float64]
fin_stability,param_count_0,UNAVAILABLE,UNAVAILABLE,Factor[float64]
fin_staleness,param_count_0,UNAVAILABLE,UNAVAILABLE,Factor[float64]
fin_std,param_count_0,UNAVAILABLE,UNAVAILABLE,Factor[float64]
fin_surprise,param_count_0,UNAVAILABLE,UNAVAILABLE,Factor[float64]
fin_surprise_event_percentile,param_count_0,UNAVAILABLE,UNAVAILABLE,Factor[float64]
fin_surprise_event_zscore,param_count_0,UNAVAILABLE,UNAVAILABLE,Factor[float64]
fin_surprise_zscore,param_count_0,UNAVAILABLE,UNAVAILABLE,Factor[float64]
fin_total_operating_accruals,param_count_0,UNAVAILABLE,UNAVAILABLE,Factor[float64]
fin_trend_acceleration,param_count_0,UNAVAILABLE,UNAVAILABLE,Factor[float64]
fin_trend_r2,param_count_0,UNAVAILABLE,UNAVAILABLE,Factor[float64]
fin_trend_slope,param_count_0,UNAVAILABLE,UNAVAILABLE,Factor[float64]
fin_trend_tstat,param_count_0,UNAVAILABLE,UNAVAILABLE,Factor[float64]
fin_ttm_cumulative,param_count_0,UNAVAILABLE,UNAVAILABLE,Factor[float64]
fin_ttm_quarterly,param_count_0,UNAVAILABLE,UNAVAILABLE,Factor[float64]
fin_turnover,param_count_0,UNAVAILABLE,UNAVAILABLE,Factor[float64]
fin_working_capital_accruals,param_count_0,UNAVAILABLE,UNAVAILABLE,Factor[float64]
fin_working_capital_change,param_count_0,UNAVAILABLE,UNAVAILABLE,Factor[float64]
fin_yoy,param_count_0,UNAVAILABLE,UNAVAILABLE,Factor[float64]
fin_zscore_history,param_count_0,UNAVAILABLE,UNAVAILABLE,Factor[float64]
fiscal_accrual_quality,param_count_0,UNAVAILABLE,UNAVAILABLE,Factor[float64]
fiscal_ar_resid_std,param_count_0,UNAVAILABLE,UNAVAILABLE,Factor[float64]
fiscal_asymmetric_elasticity,param_count_0,UNAVAILABLE,UNAVAILABLE,Factor[float64]
fiscal_autocorr,param_count_0,UNAVAILABLE,UNAVAILABLE,Factor[float64]
fiscal_change_direction_agreement,param_count_0,UNAVAILABLE,UNAVAILABLE,Factor[float64]
fiscal_direction_consistency,param_count_0,UNAVAILABLE,UNAVAILABLE,Factor[float64]
fiscal_pair_direction_agreement,param_count_0,UNAVAILABLE,UNAVAILABLE,Factor[float64]
fiscal_perpetual_inventory,param_count_0,UNAVAILABLE,UNAVAILABLE,Factor[float64]
fiscal_regression_resid_std,param_count_0,UNAVAILABLE,UNAVAILABLE,Factor[float64]
fiscal_reversal_ratio,param_count_0,UNAVAILABLE,UNAVAILABLE,Factor[float64]
fiscal_sign_agreement,param_count_0,UNAVAILABLE,UNAVAILABLE,Factor[float64]
fiscal_sign_consistency,param_count_0,UNAVAILABLE,UNAVAILABLE,Factor[float64]
fiscal_standardized_surprise,param_count_0,UNAVAILABLE,UNAVAILABLE,Factor[float64]
fiscal_true_streak,param_count_0,UNAVAILABLE,UNAVAILABLE,Factor[float64]
fix,param_count_0,UNAVAILABLE,UNAVAILABLE,Factor[float64]
flex_max,param_count_0,UNAVAILABLE,UNAVAILABLE,Factor[float64]
flex_min,param_count_0,UNAVAILABLE,UNAVAILABLE,Factor[float64]
float_share_ratio,param_count_0,UNAVAILABLE,UNAVAILABLE,Factor[float64]
floor,param_count_1,UNAVAILABLE,UNAVAILABLE,Factor[float64]
free_float_ratio,param_count_0,UNAVAILABLE,UNAVAILABLE,Factor[float64]
free_float_share_ratio,param_count_0,UNAVAILABLE,UNAVAILABLE,Factor[float64]
free_float_turnover,param_count_0,UNAVAILABLE,UNAVAILABLE,Factor[float64]
free_to_circulating_ratio,param_count_0,UNAVAILABLE,UNAVAILABLE,Factor[float64]
fundamental_staleness,param_count_0,UNAVAILABLE,UNAVAILABLE,Factor[float64]
garman_klass_vol,param_count_0,UNAVAILABLE,UNAVAILABLE,Factor[float64]
ge,param_count_1,UNAVAILABLE,UNAVAILABLE,Factor[float64]
group_corr_mst_length,param_count_0,UNAVAILABLE,UNAVAILABLE,Factor[float64]
group_count,param_count_1,UNAVAILABLE,UNAVAILABLE,Factor[float64]
group_current_members_tail_coexceedance,param_count_0,UNAVAILABLE,UNAVAILABLE,Factor[float64]
group_decay_linear,param_count_0,UNAVAILABLE,UNAVAILABLE,Factor[float64]
group_distribution_js_divergence,param_count_0,UNAVAILABLE,UNAVAILABLE,Factor[float64]
group_ex_self_mad,param_count_0,UNAVAILABLE,UNAVAILABLE,Factor[float64]
group_ex_self_mean,param_count_0,UNAVAILABLE,UNAVAILABLE,Factor[float64]
group_ex_self_quantile,param_count_0,UNAVAILABLE,UNAVAILABLE,Factor[float64]
group_ex_self_std,param_count_0,UNAVAILABLE,UNAVAILABLE,Factor[float64]
group_ex_self_weighted_mean,param_count_0,UNAVAILABLE,UNAVAILABLE,Factor[float64]
group_feature_effective_rank,param_count_0,UNAVAILABLE,UNAVAILABLE,Factor[float64]
group_feature_mode_localization,param_count_0,UNAVAILABLE,UNAVAILABLE,Factor[float64]
group_feature_mode_share,param_count_0,UNAVAILABLE,UNAVAILABLE,Factor[float64]
group_feature_second_mode_localization,param_count_0,UNAVAILABLE,UNAVAILABLE,Factor[float64]
group_feature_spectral_gap,param_count_0,UNAVAILABLE,UNAVAILABLE,Factor[float64]
group_impute_median,param_count_0,UNAVAILABLE,UNAVAILABLE,Factor[float64]
group_kurtosis,param_count_0,UNAVAILABLE,UNAVAILABLE,Factor[float64]
group_leader_laggard_exposure,param_count_0,UNAVAILABLE,UNAVAILABLE,Factor[float64]
group_max,param_count_1,UNAVAILABLE,UNAVAILABLE,Factor[float64]
group_mean,param_count_1,UNAVAILABLE,UNAVAILABLE,Factor[float64]
group_min,param_count_1,UNAVAILABLE,UNAVAILABLE,Factor[float64]
group_multi_level_rank_consistency,param_count_0,UNAVAILABLE,UNAVAILABLE,Factor[float64]
group_neutralize,param_count_1,UNAVAILABLE,UNAVAILABLE,Factor[float64]
group_normalize,param_count_1,UNAVAILABLE,UNAVAILABLE,Factor[float64]
group_peer_beta_deviation,param_count_0,UNAVAILABLE,UNAVAILABLE,Factor[float64]
group_peer_deviation_index,param_count_0,UNAVAILABLE,UNAVAILABLE,Factor[float64]
group_peer_information_diffusion,param_count_0,UNAVAILABLE,UNAVAILABLE,Factor[float64]
group_percentile,param_count_0,UNAVAILABLE,UNAVAILABLE,Factor[float64]
group_quantile_spread,param_count_0,UNAVAILABLE,UNAVAILABLE,Factor[float64]
group_rank,param_count_1,UNAVAILABLE,UNAVAILABLE,Factor[float64]
group_rank_weighted_value,param_count_0,UNAVAILABLE,UNAVAILABLE,Factor[float64]
group_return_dispersion_exposure,param_count_0,UNAVAILABLE,UNAVAILABLE,Factor[float64]
group_skewness,param_count_0,UNAVAILABLE,UNAVAILABLE,Factor[float64]
group_std,param_count_1,UNAVAILABLE,UNAVAILABLE,Factor[float64]
group_sum,param_count_1,UNAVAILABLE,UNAVAILABLE,Factor[float64]
group_tail_ratio,param_count_0,UNAVAILABLE,UNAVAILABLE,Factor[float64]
group_topk_mean,param_count_0,UNAVAILABLE,UNAVAILABLE,Factor[float64]
group_ts_decay_linear,param_count_0,UNAVAILABLE,UNAVAILABLE,Factor[float64]
group_valid_count,param_count_0,UNAVAILABLE,UNAVAILABLE,Factor[float64]
group_weighted_mean,param_count_0,UNAVAILABLE,UNAVAILABLE,Factor[float64]
group_weighted_zscore,param_count_0,UNAVAILABLE,UNAVAILABLE,Factor[float64]
group_winsorize,param_count_1,UNAVAILABLE,UNAVAILABLE,Factor[float64]
group_zscore,param_count_1,UNAVAILABLE,UNAVAILABLE,Factor[float64]
gt,param_count_1,UNAVAILABLE,UNAVAILABLE,Factor[float64]
hierarchical_group_neutralize,param_count_0,UNAVAILABLE,UNAVAILABLE,Factor[float64]
high_low_spread_proxy,param_count_0,UNAVAILABLE,UNAVAILABLE,Factor[float64]
holder_class_entropy,param_count_0,UNAVAILABLE,UNAVAILABLE,Factor[float64]
holder_common_holding_peer_return,param_count_0,UNAVAILABLE,UNAVAILABLE,Factor[float64]
holder_concentration,param_count_0,UNAVAILABLE,UNAVAILABLE,Factor[float64]
holder_concentration_acceleration,param_count_0,UNAVAILABLE,UNAVAILABLE,Factor[float64]
holder_concentration_slope,param_count_0,UNAVAILABLE,UNAVAILABLE,Factor[float64]
holder_entry_share,param_count_0,UNAVAILABLE,UNAVAILABLE,Factor[float64]
holder_exit_share,param_count_0,UNAVAILABLE,UNAVAILABLE,Factor[float64]
holder_float_concentration_gap,param_count_0,UNAVAILABLE,UNAVAILABLE,Factor[float64]
holder_freeze_concentration,param_count_0,UNAVAILABLE,UNAVAILABLE,Factor[float64]
holder_freeze_ratio,param_count_0,UNAVAILABLE,UNAVAILABLE,Factor[float64]
holder_id_matched_churn,param_count_0,UNAVAILABLE,UNAVAILABLE,Factor[float64]
holder_id_matched_entry_share,param_count_0,UNAVAILABLE,UNAVAILABLE,Factor[float64]
holder_id_matched_exit_share,param_count_0,UNAVAILABLE,UNAVAILABLE,Factor[float64]
holder_id_overlap_ratio,param_count_0,UNAVAILABLE,UNAVAILABLE,Factor[float64]
holder_locked_share_ratio,param_count_0,UNAVAILABLE,UNAVAILABLE,Factor[float64]
holder_nature_entropy,param_count_0,UNAVAILABLE,UNAVAILABLE,Factor[float64]
holder_net_entry_share,param_count_0,UNAVAILABLE,UNAVAILABLE,Factor[float64]
holder_peer_return_breadth,param_count_0,UNAVAILABLE,UNAVAILABLE,Factor[float64]
holder_pledge_change,param_count_0,UNAVAILABLE,UNAVAILABLE,Factor[float64]
holder_pledge_concentration,param_count_0,UNAVAILABLE,UNAVAILABLE,Factor[float64]
holder_pledge_ratio,param_count_0,UNAVAILABLE,UNAVAILABLE,Factor[float64]
holder_pledged_holder_count,param_count_0,UNAVAILABLE,UNAVAILABLE,Factor[float64]
holder_rank_stability,param_count_0,UNAVAILABLE,UNAVAILABLE,Factor[float64]
holder_share_weighted_rank_migration,param_count_0,UNAVAILABLE,UNAVAILABLE,Factor[float64]
holder_shareholder_network_centrality,param_count_0,UNAVAILABLE,UNAVAILABLE,Factor[float64]
holder_shareholder_overlap_ratio,param_count_0,UNAVAILABLE,UNAVAILABLE,Factor[float64]
holder_weighted_churn,param_count_0,UNAVAILABLE,UNAVAILABLE,Factor[float64]
hump_decay,param_count_0,UNAVAILABLE,UNAVAILABLE,Factor[float64]
ichimoku_cloud_position,param_count_0,UNAVAILABLE,UNAVAILABLE,Factor[float64]
ichimoku_cloud_width,param_count_0,UNAVAILABLE,UNAVAILABLE,Factor[float64]
ichimoku_kijun,param_count_0,UNAVAILABLE,UNAVAILABLE,Factor[float64]
ichimoku_senkou_a,param_count_0,UNAVAILABLE,UNAVAILABLE,Factor[float64]
ichimoku_senkou_b,param_count_0,UNAVAILABLE,UNAVAILABLE,Factor[float64]
ichimoku_tenkan,param_count_0,UNAVAILABLE,UNAVAILABLE,Factor[float64]
idio_skew,param_count_0,UNAVAILABLE,UNAVAILABLE,Factor[float64]
idio_vol,param_count_0,UNAVAILABLE,UNAVAILABLE,Factor[float64]
index_entry_exit_event,param_count_0,UNAVAILABLE,UNAVAILABLE,Factor[float64]
index_event_decay,param_count_0,UNAVAILABLE,UNAVAILABLE,Factor[float64]
index_member,param_count_0,UNAVAILABLE,UNAVAILABLE,Factor[float64]
index_membership_age,param_count_0,UNAVAILABLE,UNAVAILABLE,Factor[float64]
index_reconstitution_churn,param_count_0,UNAVAILABLE,UNAVAILABLE,Factor[float64]
index_weight,param_count_0,UNAVAILABLE,UNAVAILABLE,Factor[float64]
index_weight_change,param_count_0,UNAVAILABLE,UNAVAILABLE,Factor[float64]
index_weight_gap_to_free_float,param_count_0,UNAVAILABLE,UNAVAILABLE,Factor[float64]
industry_size_neutralize,param_count_0,UNAVAILABLE,UNAVAILABLE,Factor[float64]
intra_abs_return_profile_cosine,param_count_0,UNAVAILABLE,UNAVAILABLE,Factor[float64]
intra_amihud,param_count_0,UNAVAILABLE,UNAVAILABLE,Factor[float64]
intra_amount_profile_cosine,param_count_0,UNAVAILABLE,UNAVAILABLE,Factor[float64]
intra_amount_profile_jsd,param_count_0,UNAVAILABLE,UNAVAILABLE,Factor[float64]
intra_bar_range_deviation,param_count_0,UNAVAILABLE,UNAVAILABLE,Factor[float64]
intra_bar_range_persistence,param_count_0,UNAVAILABLE,UNAVAILABLE,Factor[float64]
intra_beta_asymmetry,param_count_0,UNAVAILABLE,UNAVAILABLE,Factor[float64]
intra_bipower_variation,param_count_0,UNAVAILABLE,UNAVAILABLE,Factor[float64]
intra_close_participation,param_count_0,UNAVAILABLE,UNAVAILABLE,Factor[float64]
intra_concentration,param_count_0,UNAVAILABLE,UNAVAILABLE,Factor[float64]
intra_continuous_variance,param_count_0,UNAVAILABLE,UNAVAILABLE,Factor[float64]
intra_down_down_semibeta,param_count_0,UNAVAILABLE,UNAVAILABLE,Factor[float64]
intra_down_up_semibeta,param_count_0,UNAVAILABLE,UNAVAILABLE,Factor[float64]
intra_drawdown_depth,param_count_0,UNAVAILABLE,UNAVAILABLE,Factor[float64]
intra_drawdown_duration,param_count_0,UNAVAILABLE,UNAVAILABLE,Factor[float64]
intra_drawdown_recovery_half_life,param_count_0,UNAVAILABLE,UNAVAILABLE,Factor[float64]
intra_entropy,param_count_0,UNAVAILABLE,UNAVAILABLE,Factor[float64]
intra_extreme_bar_return,param_count_0,UNAVAILABLE,UNAVAILABLE,Factor[float64]
intra_high_low_affinity,param_count_0,UNAVAILABLE,UNAVAILABLE,Factor[float64]
intra_high_time,param_count_0,UNAVAILABLE,UNAVAILABLE,Factor[float64]
intra_idiosyncratic_kurtosis,param_count_0,UNAVAILABLE,UNAVAILABLE,Factor[float64]
intra_idiosyncratic_kurtosis_ex_self,param_count_0,UNAVAILABLE,UNAVAILABLE,Factor[float64]
intra_idiosyncratic_skewness,param_count_0,UNAVAILABLE,UNAVAILABLE,Factor[float64]
intra_idiosyncratic_skewness_ex_self,param_count_0,UNAVAILABLE,UNAVAILABLE,Factor[float64]
intra_idiosyncratic_variance_ex_self,param_count_0,UNAVAILABLE,UNAVAILABLE,Factor[float64]
intra_industry_lead_lag_ex_self,param_count_0,UNAVAILABLE,UNAVAILABLE,Factor[float64]
intra_interval_amount_share,param_count_0,UNAVAILABLE,UNAVAILABLE,Factor[float64]
intra_interval_illiquidity,param_count_0,UNAVAILABLE,UNAVAILABLE,Factor[float64]
intra_interval_realized_variance,param_count_0,UNAVAILABLE,UNAVAILABLE,Factor[float64]
intra_interval_return,param_count_0,UNAVAILABLE,UNAVAILABLE,Factor[float64]
intra_interval_volume_share,param_count_0,UNAVAILABLE,UNAVAILABLE,Factor[float64]
intra_interval_vwap_deviation,param_count_0,UNAVAILABLE,UNAVAILABLE,Factor[float64]
intra_jump_clustering,param_count_0,UNAVAILABLE,UNAVAILABLE,Factor[float64]
intra_jump_concentration,param_count_0,UNAVAILABLE,UNAVAILABLE,Factor[float64]
intra_jump_count,param_count_0,UNAVAILABLE,UNAVAILABLE,Factor[float64]
intra_jump_first_time,param_count_0,UNAVAILABLE,UNAVAILABLE,Factor[float64]
intra_jump_last_time,param_count_0,UNAVAILABLE,UNAVAILABLE,Factor[float64]
intra_jump_ratio,param_count_0,UNAVAILABLE,UNAVAILABLE,Factor[float64]
intra_jump_variation,param_count_0,UNAVAILABLE,UNAVAILABLE,Factor[float64]
intra_kyle_lambda_proxy,param_count_0,UNAVAILABLE,UNAVAILABLE,Factor[float64]
intra_limit_duration,param_count_0,UNAVAILABLE,UNAVAILABLE,Factor[float64]
intra_limit_first_hit_time,param_count_0,UNAVAILABLE,UNAVAILABLE,Factor[float64]
intra_limit_reopen_count,param_count_0,UNAVAILABLE,UNAVAILABLE,Factor[float64]
intra_longest_above_vwap_streak,param_count_0,UNAVAILABLE,UNAVAILABLE,Factor[float64]
intra_longest_below_vwap_streak,param_count_0,UNAVAILABLE,UNAVAILABLE,Factor[float64]
intra_low_time,param_count_0,UNAVAILABLE,UNAVAILABLE,Factor[float64]
intra_lunch_gap_return,param_count_0,UNAVAILABLE,UNAVAILABLE,Factor[float64]
intra_market_lead_lag_ex_self,param_count_0,UNAVAILABLE,UNAVAILABLE,Factor[float64]
intra_market_model_r2,param_count_0,UNAVAILABLE,UNAVAILABLE,Factor[float64]
intra_market_model_r2_ex_self,param_count_0,UNAVAILABLE,UNAVAILABLE,Factor[float64]
intra_max_drawdown,param_count_0,UNAVAILABLE,UNAVAILABLE,Factor[float64]
intra_max_drawup,param_count_0,UNAVAILABLE,UNAVAILABLE,Factor[float64]
intra_negative_tail_variation,param_count_0,UNAVAILABLE,UNAVAILABLE,Factor[float64]
intra_path_efficiency,param_count_0,UNAVAILABLE,UNAVAILABLE,Factor[float64]
intra_positive_tail_variation,param_count_0,UNAVAILABLE,UNAVAILABLE,Factor[float64]
intra_price_vwap_max_negative_excursion,param_count_0,UNAVAILABLE,UNAVAILABLE,Factor[float64]
intra_price_vwap_max_positive_excursion,param_count_0,UNAVAILABLE,UNAVAILABLE,Factor[float64]
intra_profile_earth_mover_distance,param_count_0,UNAVAILABLE,UNAVAILABLE,Factor[float64]
intra_realized_beta_ex_self,param_count_0,UNAVAILABLE,UNAVAILABLE,Factor[float64]
intra_realized_correlation_ex_self,param_count_0,UNAVAILABLE,UNAVAILABLE,Factor[float64]
intra_realized_kurtosis,param_count_0,UNAVAILABLE,UNAVAILABLE,Factor[float64]
intra_realized_quarticity,param_count_0,UNAVAILABLE,UNAVAILABLE,Factor[float64]
intra_realized_semivariance,param_count_0,UNAVAILABLE,UNAVAILABLE,Factor[float64]
intra_realized_skewness,param_count_0,UNAVAILABLE,UNAVAILABLE,Factor[float64]
intra_realized_variance,param_count_0,UNAVAILABLE,UNAVAILABLE,Factor[float64]
intra_return_activity_corr,param_count_0,UNAVAILABLE,UNAVAILABLE,Factor[float64]
intra_same_slot_momentum,param_count_0,UNAVAILABLE,UNAVAILABLE,Factor[float64]
intra_same_slot_reversal,param_count_0,UNAVAILABLE,UNAVAILABLE,Factor[float64]
intra_segment_amount_share,param_count_0,UNAVAILABLE,UNAVAILABLE,Factor[float64]
intra_segment_realized_vol,param_count_0,UNAVAILABLE,UNAVAILABLE,Factor[float64]
intra_segment_return,param_count_0,UNAVAILABLE,UNAVAILABLE,Factor[float64]
intra_segment_volume_share,param_count_0,UNAVAILABLE,UNAVAILABLE,Factor[float64]
intra_segment_vwap_deviation,param_count_0,UNAVAILABLE,UNAVAILABLE,Factor[float64]
intra_session_return_asymmetry,param_count_0,UNAVAILABLE,UNAVAILABLE,Factor[float64]
intra_signed_imbalance_proxy,param_count_0,UNAVAILABLE,UNAVAILABLE,Factor[float64]
intra_signed_return_profile_cosine,param_count_0,UNAVAILABLE,UNAVAILABLE,Factor[float64]
intra_signed_tail_variation_ratio,param_count_0,UNAVAILABLE,UNAVAILABLE,Factor[float64]
intra_slot_amount_surprise,param_count_0,UNAVAILABLE,UNAVAILABLE,Factor[float64]
intra_slot_volatility_surprise,param_count_0,UNAVAILABLE,UNAVAILABLE,Factor[float64]
intra_slot_volume_surprise,param_count_0,UNAVAILABLE,UNAVAILABLE,Factor[float64]
intra_tail_event_count,param_count_0,UNAVAILABLE,UNAVAILABLE,Factor[float64]
intra_tail_volume_share,param_count_0,UNAVAILABLE,UNAVAILABLE,Factor[float64]
intra_time_above_vwap,param_count_0,UNAVAILABLE,UNAVAILABLE,Factor[float64]
intra_tripower_quarticity,param_count_0,UNAVAILABLE,UNAVAILABLE,Factor[float64]
intra_up_down_semibeta,param_count_0,UNAVAILABLE,UNAVAILABLE,Factor[float64]
intra_up_up_semibeta,param_count_0,UNAVAILABLE,UNAVAILABLE,Factor[float64]
intra_ute_high,param_count_0,UNAVAILABLE,UNAVAILABLE,Factor[float64]
intra_ute_low,param_count_0,UNAVAILABLE,UNAVAILABLE,Factor[float64]
intra_volume_price_alignment,param_count_0,UNAVAILABLE,UNAVAILABLE,Factor[float64]
intra_volume_profile_cosine,param_count_0,UNAVAILABLE,UNAVAILABLE,Factor[float64]
intra_volume_profile_jsd,param_count_0,UNAVAILABLE,UNAVAILABLE,Factor[float64]
intra_vwap_above_ratio,param_count_0,UNAVAILABLE,UNAVAILABLE,Factor[float64]
intra_vwap_cross_count,param_count_0,UNAVAILABLE,UNAVAILABLE,Factor[float64]
intra_vwap_path_curvature,param_count_0,UNAVAILABLE,UNAVAILABLE,Factor[float64]
intra_vwap_path_curvature_pct,param_count_0,UNAVAILABLE,UNAVAILABLE,Factor[float64]
intra_vwap_path_slope,param_count_0,UNAVAILABLE,UNAVAILABLE,Factor[float64]
intra_vwap_path_slope_pct,param_count_0,UNAVAILABLE,UNAVAILABLE,Factor[float64]
intra_vwap_reversion_speed,param_count_0,UNAVAILABLE,UNAVAILABLE,Factor[float64]
intraday_activity_duration_curvature,param_count_0,UNAVAILABLE,UNAVAILABLE,Factor[float64]
intraday_bvc_imbalance,param_count_0,UNAVAILABLE,UNAVAILABLE,Factor[float64]
intraday_impact_asymmetry,param_count_0,UNAVAILABLE,UNAVAILABLE,Factor[float64]
intraday_impact_beta,param_count_0,UNAVAILABLE,UNAVAILABLE,Factor[float64]
intraday_jump_test_stat,param_count_0,UNAVAILABLE,UNAVAILABLE,Factor[float64]
intraday_medrv,param_count_0,UNAVAILABLE,UNAVAILABLE,Factor[float64]
intraday_minrv,param_count_0,UNAVAILABLE,UNAVAILABLE,Factor[float64]
intraday_profile_pca_residual,param_count_0,UNAVAILABLE,UNAVAILABLE,Factor[float64]
intraday_realized_semivariance_balance,param_count_0,UNAVAILABLE,UNAVAILABLE,Factor[float64]
intraday_return_wasserstein_shift,param_count_0,UNAVAILABLE,UNAVAILABLE,Factor[float64]
intraday_rv_signature_curvature,param_count_0,UNAVAILABLE,UNAVAILABLE,Factor[float64]
intraday_rv_signature_slope,param_count_0,UNAVAILABLE,UNAVAILABLE,Factor[float64]
intraday_session_shape_novelty,param_count_0,UNAVAILABLE,UNAVAILABLE,Factor[float64]
intraday_volatility,param_count_0,UNAVAILABLE,UNAVAILABLE,Factor[float64]
intraday_volatility_concentration,param_count_0,UNAVAILABLE,UNAVAILABLE,Factor[float64]
intraday_volatility_entropy,param_count_0,UNAVAILABLE,UNAVAILABLE,Factor[float64]
intraday_volatility_time_centroid,param_count_0,UNAVAILABLE,UNAVAILABLE,Factor[float64]
intraday_volume_clock_path_efficiency,param_count_0,UNAVAILABLE,UNAVAILABLE,Factor[float64]
intraday_volume_clock_roughness,param_count_0,UNAVAILABLE,UNAVAILABLE,Factor[float64]
inverse,param_count_1,UNAVAILABLE,UNAVAILABLE,Factor[float64]
is_finite,param_count_1,UNAVAILABLE,UNAVAILABLE,Factor[float64]
is_infinite,param_count_1,UNAVAILABLE,UNAVAILABLE,Factor[float64]
is_nan,param_count_0,UNAVAILABLE,UNAVAILABLE,Factor[float64]
is_not_null,param_count_1,UNAVAILABLE,UNAVAILABLE,Factor[float64]
is_null,param_count_1,UNAVAILABLE,UNAVAILABLE,Factor[float64]
le,param_count_1,UNAVAILABLE,UNAVAILABLE,Factor[float64]
lerp,param_count_0,UNAVAILABLE,UNAVAILABLE,Factor[float64]
limit_down_close,param_count_0,UNAVAILABLE,UNAVAILABLE,Factor[float64]
limit_up_close,param_count_0,UNAVAILABLE,UNAVAILABLE,Factor[float64]
listing_age,param_count_0,UNAVAILABLE,UNAVAILABLE,Factor[float64]
log,param_count_1,UNAVAILABLE,UNAVAILABLE,Factor[float64]
log10,param_count_0,UNAVAILABLE,UNAVAILABLE,Factor[float64]
log2,param_count_0,UNAVAILABLE,UNAVAILABLE,Factor[float64]
log_abs,param_count_1,UNAVAILABLE,UNAVAILABLE,Factor[float64]
log_positive_or_nan,param_count_0,UNAVAILABLE,UNAVAILABLE,Factor[float64]
lqtp_historical_cvar,param_count_0,UNAVAILABLE,UNAVAILABLE,Factor[float64]
lt,param_count_1,UNAVAILABLE,UNAVAILABLE,Factor[float64]
market_cap_free_cap_gap,param_count_0,UNAVAILABLE,UNAVAILABLE,Factor[float64]
maximum,param_count_1,UNAVAILABLE,UNAVAILABLE,Factor[float64]
minimum,param_count_1,UNAVAILABLE,UNAVAILABLE,Factor[float64]
multi_index_entry_intensity,param_count_0,UNAVAILABLE,UNAVAILABLE,Factor[float64]
multiply,param_count_1,UNAVAILABLE,UNAVAILABLE,Factor[float64]
ne,param_count_1,UNAVAILABLE,UNAVAILABLE,Factor[float64]
neg,param_count_1,UNAVAILABLE,UNAVAILABLE,Factor[float64]
normalize,param_count_1,UNAVAILABLE,UNAVAILABLE,Factor[float64]
not_,param_count_1,UNAVAILABLE,UNAVAILABLE,Factor[float64]
open_close_return,param_count_0,UNAVAILABLE,UNAVAILABLE,Factor[float64]
open_to_vwap_return,param_count_0,UNAVAILABLE,UNAVAILABLE,Factor[float64]
or_,param_count_1,UNAVAILABLE,UNAVAILABLE,Factor[float64]
overnight_return,param_count_0,UNAVAILABLE,UNAVAILABLE,Factor[float64]
overnight_volatility,param_count_0,UNAVAILABLE,UNAVAILABLE,Factor[float64]
parkinson_vol,param_count_0,UNAVAILABLE,UNAVAILABLE,Factor[float64]
pattern_123_bear,param_count_0,UNAVAILABLE,UNAVAILABLE,Factor[float64]
pattern_123_bull,param_count_0,UNAVAILABLE,UNAVAILABLE,Factor[float64]
pattern_ascending_triangle,param_count_0,UNAVAILABLE,UNAVAILABLE,Factor[float64]
pattern_bear_flag,param_count_0,UNAVAILABLE,UNAVAILABLE,Factor[float64]
pattern_bear_pennant,param_count_0,UNAVAILABLE,UNAVAILABLE,Factor[float64]
pattern_breakdown_retest,param_count_0,UNAVAILABLE,UNAVAILABLE,Factor[float64]
pattern_breakout_retest,param_count_0,UNAVAILABLE,UNAVAILABLE,Factor[float64]
pattern_broadening,param_count_0,UNAVAILABLE,UNAVAILABLE,Factor[float64]
pattern_bull_flag,param_count_0,UNAVAILABLE,UNAVAILABLE,Factor[float64]
pattern_bull_pennant,param_count_0,UNAVAILABLE,UNAVAILABLE,Factor[float64]
pattern_cup,param_count_0,UNAVAILABLE,UNAVAILABLE,Factor[float64]
pattern_cup_handle,param_count_0,UNAVAILABLE,UNAVAILABLE,Factor[float64]
pattern_descending_triangle,param_count_0,UNAVAILABLE,UNAVAILABLE,Factor[float64]
pattern_double_bottom,param_count_0,UNAVAILABLE,UNAVAILABLE,Factor[float64]
pattern_double_top,param_count_0,UNAVAILABLE,UNAVAILABLE,Factor[float64]
pattern_falling_channel,param_count_0,UNAVAILABLE,UNAVAILABLE,Factor[float64]
pattern_falling_wedge,param_count_0,UNAVAILABLE,UNAVAILABLE,Factor[float64]
pattern_head_shoulders,param_count_0,UNAVAILABLE,UNAVAILABLE,Factor[float64]
pattern_inverse_head_shoulders,param_count_0,UNAVAILABLE,UNAVAILABLE,Factor[float64]
pattern_rectangle,param_count_0,UNAVAILABLE,UNAVAILABLE,Factor[float64]
pattern_rising_channel,param_count_0,UNAVAILABLE,UNAVAILABLE,Factor[float64]
pattern_rising_wedge,param_count_0,UNAVAILABLE,UNAVAILABLE,Factor[float64]
pattern_rounding_bottom,param_count_0,UNAVAILABLE,UNAVAILABLE,Factor[float64]
pattern_rounding_top,param_count_0,UNAVAILABLE,UNAVAILABLE,Factor[float64]
pattern_sym_triangle,param_count_0,UNAVAILABLE,UNAVAILABLE,Factor[float64]
pattern_triple_bottom,param_count_0,UNAVAILABLE,UNAVAILABLE,Factor[float64]
pattern_triple_top,param_count_0,UNAVAILABLE,UNAVAILABLE,Factor[float64]
period_lag,param_count_0,UNAVAILABLE,UNAVAILABLE,Factor[float64]
period_stability,param_count_0,UNAVAILABLE,UNAVAILABLE,Factor[float64]
piotroski_f_score,param_count_0,UNAVAILABLE,UNAVAILABLE,Factor[float64]
power,param_count_1,UNAVAILABLE,UNAVAILABLE,Factor[float64]
price_impact,param_count_0,UNAVAILABLE,UNAVAILABLE,Factor[float64]
price_spread_deviation,param_count_0,UNAVAILABLE,UNAVAILABLE,Factor[float64]
price_turnover_divergence,param_count_0,UNAVAILABLE,UNAVAILABLE,Factor[float64]
price_volume_divergence,param_count_0,UNAVAILABLE,UNAVAILABLE,Factor[float64]
range_volatility,param_count_0,UNAVAILABLE,UNAVAILABLE,Factor[float64]
rank,param_count_1,UNAVAILABLE,UNAVAILABLE,Factor[float64]
rank_corr,param_count_0,UNAVAILABLE,UNAVAILABLE,Factor[float64]
real_turnover_rate,param_count_0,UNAVAILABLE,UNAVAILABLE,Factor[float64]
relation_category_share,param_count_0,UNAVAILABLE,UNAVAILABLE,Factor[float64]
relation_concentration_acceleration,param_count_0,UNAVAILABLE,UNAVAILABLE,Factor[float64]
relation_distribution_pearson_kurtosis,param_count_0,UNAVAILABLE,UNAVAILABLE,Factor[float64]
relation_distribution_skew,param_count_0,UNAVAILABLE,UNAVAILABLE,Factor[float64]
relation_entropy,param_count_0,UNAVAILABLE,UNAVAILABLE,Factor[float64]
relation_entropy_change,param_count_0,UNAVAILABLE,UNAVAILABLE,Factor[float64]
relation_entry_count,param_count_0,UNAVAILABLE,UNAVAILABLE,Factor[float64]
relation_exit_count,param_count_0,UNAVAILABLE,UNAVAILABLE,Factor[float64]
relation_hhi,param_count_0,UNAVAILABLE,UNAVAILABLE,Factor[float64]
relation_hhi_change,param_count_0,UNAVAILABLE,UNAVAILABLE,Factor[float64]
relation_peer_weighted_mean_ex_self,param_count_0,UNAVAILABLE,UNAVAILABLE,Factor[float64]
relation_rank_mobility,param_count_0,UNAVAILABLE,UNAVAILABLE,Factor[float64]
relation_rank_weighted_sum,param_count_0,UNAVAILABLE,UNAVAILABLE,Factor[float64]
relation_share_mobility,param_count_0,UNAVAILABLE,UNAVAILABLE,Factor[float64]
relation_topk_concentration,param_count_0,UNAVAILABLE,UNAVAILABLE,Factor[float64]
relation_topk_sum,param_count_0,UNAVAILABLE,UNAVAILABLE,Factor[float64]
relation_weighted_change,param_count_0,UNAVAILABLE,UNAVAILABLE,Factor[float64]
relation_weighted_std_ex_self,param_count_0,UNAVAILABLE,UNAVAILABLE,Factor[float64]
relative_volume,param_count_0,UNAVAILABLE,UNAVAILABLE,Factor[float64]
report_change_breadth,param_count_0,UNAVAILABLE,UNAVAILABLE,Factor[float64]
report_change_coherence,param_count_0,UNAVAILABLE,UNAVAILABLE,Factor[float64]
report_filing_delay_surprise,param_count_0,UNAVAILABLE,UNAVAILABLE,Factor[float64]
report_rolling_mean,param_count_0,UNAVAILABLE,UNAVAILABLE,Factor[float64]
report_yoy_lag,param_count_0,UNAVAILABLE,UNAVAILABLE,Factor[float64]
residual_momentum_capm,param_count_0,UNAVAILABLE,UNAVAILABLE,Factor[float64]
return_per_turnover,param_count_0,UNAVAILABLE,UNAVAILABLE,Factor[float64]
return_turnover_beta,param_count_0,UNAVAILABLE,UNAVAILABLE,Factor[float64]
return_volume_beta,param_count_0,UNAVAILABLE,UNAVAILABLE,Factor[float64]
return_volume_corr,param_count_0,UNAVAILABLE,UNAVAILABLE,Factor[float64]
revision_delta,param_count_0,UNAVAILABLE,UNAVAILABLE,Factor[float64]
rogers_satchell_vol,param_count_0,UNAVAILABLE,UNAVAILABLE,Factor[float64]
roll_spread_proxy,param_count_0,UNAVAILABLE,UNAVAILABLE,Factor[float64]
rolling_adl_flow,param_count_0,UNAVAILABLE,UNAVAILABLE,Factor[float64]
rolling_obv,param_count_0,UNAVAILABLE,UNAVAILABLE,Factor[float64]
rolling_pvt,param_count_0,UNAVAILABLE,UNAVAILABLE,Factor[float64]
rolling_vwap,param_count_0,UNAVAILABLE,UNAVAILABLE,Factor[float64]
round,param_count_0,UNAVAILABLE,UNAVAILABLE,Factor[float64]
row_sum_skipna,param_count_0,UNAVAILABLE,UNAVAILABLE,Factor[float64]
safe_div_null,param_count_1,UNAVAILABLE,UNAVAILABLE,Factor[float64]
saturate,param_count_0,UNAVAILABLE,UNAVAILABLE,Factor[float64]
scale,param_count_0,UNAVAILABLE,UNAVAILABLE,Factor[float64]
session_event_recovery_score,param_count_0,UNAVAILABLE,UNAVAILABLE,Factor[float64]
sigmoid,param_count_0,UNAVAILABLE,UNAVAILABLE,Factor[float64]
sign,param_count_1,UNAVAILABLE,UNAVAILABLE,Factor[float64]
signed_dollar_volume,param_count_0,UNAVAILABLE,UNAVAILABLE,Factor[float64]
signed_log,param_count_1,UNAVAILABLE,UNAVAILABLE,Factor[float64]
signed_power,param_count_0,UNAVAILABLE,UNAVAILABLE,Factor[float64]
signed_sqrt,param_count_1,UNAVAILABLE,UNAVAILABLE,Factor[float64]
signed_volume,param_count_0,UNAVAILABLE,UNAVAILABLE,Factor[float64]
signed_volume_imbalance,param_count_0,UNAVAILABLE,UNAVAILABLE,Factor[float64]
sin,param_count_0,UNAVAILABLE,UNAVAILABLE,Factor[float64]
size_neutralize,param_count_0,UNAVAILABLE,UNAVAILABLE,Factor[float64]
sqrt,param_count_1,UNAVAILABLE,UNAVAILABLE,Factor[float64]
sqrt_abs,param_count_0,UNAVAILABLE,UNAVAILABLE,Factor[float64]
square,param_count_0,UNAVAILABLE,UNAVAILABLE,Factor[float64]
state_adaptive_deadband,param_count_0,UNAVAILABLE,UNAVAILABLE,Factor[float64]
state_adaptive_slew_limit,param_count_0,UNAVAILABLE,UNAVAILABLE,Factor[float64]
state_confidence_weighted_ema,param_count_0,UNAVAILABLE,UNAVAILABLE,Factor[float64]
state_cost_aware_deadband,param_count_0,UNAVAILABLE,UNAVAILABLE,Factor[float64]
state_cost_aware_slew,param_count_0,UNAVAILABLE,UNAVAILABLE,Factor[float64]
state_deadband,param_count_0,UNAVAILABLE,UNAVAILABLE,Factor[float64]
state_episode_efficiency,param_count_0,UNAVAILABLE,UNAVAILABLE,Factor[float64]
state_episode_excursion_balance,param_count_0,UNAVAILABLE,UNAVAILABLE,Factor[float64]
state_episode_mae,param_count_0,UNAVAILABLE,UNAVAILABLE,Factor[float64]
state_episode_mfe,param_count_0,UNAVAILABLE,UNAVAILABLE,Factor[float64]
state_episode_retrace_ratio,param_count_0,UNAVAILABLE,UNAVAILABLE,Factor[float64]
state_ewm_if,param_count_0,UNAVAILABLE,UNAVAILABLE,Factor[float64]
state_hold,param_count_0,UNAVAILABLE,UNAVAILABLE,Factor[float64]
state_l1_turnover_prox,param_count_0,UNAVAILABLE,UNAVAILABLE,Factor[float64]
state_l2_partial_adjustment,param_count_0,UNAVAILABLE,UNAVAILABLE,Factor[float64]
state_latch,param_count_0,UNAVAILABLE,UNAVAILABLE,Factor[float64]
state_quantile_hysteresis,param_count_0,UNAVAILABLE,UNAVAILABLE,Factor[float64]
state_rank_deadband,param_count_0,UNAVAILABLE,UNAVAILABLE,Factor[float64]
state_since_trend_tstat,param_count_0,UNAVAILABLE,UNAVAILABLE,Factor[float64]
state_slew_limit,param_count_0,UNAVAILABLE,UNAVAILABLE,Factor[float64]
state_uncertainty_deadband,param_count_0,UNAVAILABLE,UNAVAILABLE,Factor[float64]
subtract,param_count_1,UNAVAILABLE,UNAVAILABLE,Factor[float64]
suspension_frequency,param_count_0,UNAVAILABLE,UNAVAILABLE,Factor[float64]
suspension_status_coverage,param_count_0,UNAVAILABLE,UNAVAILABLE,Factor[float64]
tail_beta,param_count_0,UNAVAILABLE,UNAVAILABLE,Factor[float64]
tanh,param_count_1,UNAVAILABLE,UNAVAILABLE,Factor[float64]
tradable_state,param_count_0,UNAVAILABLE,UNAVAILABLE,Factor[float64]
trade_when,param_count_0,UNAVAILABLE,UNAVAILABLE,Factor[float64]
true_range,param_count_0,UNAVAILABLE,UNAVAILABLE,Factor[float64]
true_turnover_rate,param_count_0,UNAVAILABLE,UNAVAILABLE,Factor[float64]
truncate,param_count_0,UNAVAILABLE,UNAVAILABLE,Factor[float64]
ts_abdi_ranaldo_spread,param_count_0,UNAVAILABLE,UNAVAILABLE,Factor[float64]
ts_abs_concentration,param_count_0,UNAVAILABLE,UNAVAILABLE,Factor[float64]
ts_abs_entropy,param_count_0,UNAVAILABLE,UNAVAILABLE,Factor[float64]
ts_activity_clock_age,param_count_0,UNAVAILABLE,UNAVAILABLE,Factor[float64]
ts_activity_clock_lagged_value,param_count_0,UNAVAILABLE,UNAVAILABLE,Factor[float64]
ts_ar_coeff_stability,param_count_0,UNAVAILABLE,UNAVAILABLE,Factor[float64]
ts_ar_coefficient,param_count_0,UNAVAILABLE,UNAVAILABLE,Factor[float64]
ts_ar_prior_coeff,param_count_0,UNAVAILABLE,UNAVAILABLE,Factor[float64]
ts_ar_prior_forecast,param_count_0,UNAVAILABLE,UNAVAILABLE,Factor[float64]
ts_ar_prior_innovation,param_count_0,UNAVAILABLE,UNAVAILABLE,Factor[float64]
ts_ar_prior_innovation_z,param_count_0,UNAVAILABLE,UNAVAILABLE,Factor[float64]
ts_argmax,param_count_0,UNAVAILABLE,UNAVAILABLE,Factor[float64]
ts_argmax_age,param_count_0,UNAVAILABLE,UNAVAILABLE,Factor[float64]
ts_argmax_index_from_oldest,param_count_0,UNAVAILABLE,UNAVAILABLE,Factor[float64]
ts_argmin,param_count_0,UNAVAILABLE,UNAVAILABLE,Factor[float64]
ts_argmin_age,param_count_0,UNAVAILABLE,UNAVAILABLE,Factor[float64]
ts_argmin_index_from_oldest,param_count_0,UNAVAILABLE,UNAVAILABLE,Factor[float64]
ts_autocorr,param_count_1,UNAVAILABLE,UNAVAILABLE,Factor[float64]
ts_autocorr_decay_half_life,param_count_0,UNAVAILABLE,UNAVAILABLE,Factor[float64]
ts_autocorrelation_time,param_count_0,UNAVAILABLE,UNAVAILABLE,Factor[float64]
ts_average_volume,param_count_0,UNAVAILABLE,UNAVAILABLE,Factor[float64]
ts_beta,param_count_1,UNAVAILABLE,UNAVAILABLE,Factor[float64]
ts_beta_if,param_count_0,UNAVAILABLE,UNAVAILABLE,Factor[float64]
ts_binned_response_curvature,param_count_0,UNAVAILABLE,UNAVAILABLE,Factor[float64]
ts_binned_response_monotonicity,param_count_0,UNAVAILABLE,UNAVAILABLE,Factor[float64]
ts_bottomk_mean,param_count_0,UNAVAILABLE,UNAVAILABLE,Factor[float64]
ts_bottomk_std,param_count_0,UNAVAILABLE,UNAVAILABLE,Factor[float64]
ts_bottomk_sum,param_count_0,UNAVAILABLE,UNAVAILABLE,Factor[float64]
ts_breakdown_low,param_count_0,UNAVAILABLE,UNAVAILABLE,Factor[float64]
ts_breakout_high,param_count_0,UNAVAILABLE,UNAVAILABLE,Factor[float64]
ts_butterworth_lowpass_causal,param_count_0,UNAVAILABLE,UNAVAILABLE,Factor[float64]
ts_causal_local_linear_smoother,param_count_0,UNAVAILABLE,UNAVAILABLE,Factor[float64]
ts_channel_position,param_count_0,UNAVAILABLE,UNAVAILABLE,Factor[float64]
ts_channel_width,param_count_0,UNAVAILABLE,UNAVAILABLE,Factor[float64]
ts_channel_width_atr,param_count_0,UNAVAILABLE,UNAVAILABLE,Factor[float64]
ts_channel_width_pct,param_count_0,UNAVAILABLE,UNAVAILABLE,Factor[float64]
ts_channel_width_slope,param_count_0,UNAVAILABLE,UNAVAILABLE,Factor[float64]
ts_chatterjee_xi,param_count_0,UNAVAILABLE,UNAVAILABLE,Factor[float64]
ts_chord_excursion_area,param_count_0,UNAVAILABLE,UNAVAILABLE,Factor[float64]
ts_conditional_mutual_information,param_count_0,UNAVAILABLE,UNAVAILABLE,Factor[float64]
ts_confirmed_pivot_high,param_count_0,UNAVAILABLE,UNAVAILABLE,Factor[float64]
ts_confirmed_pivot_low,param_count_0,UNAVAILABLE,UNAVAILABLE,Factor[float64]
ts_consolidation_slope,param_count_0,UNAVAILABLE,UNAVAILABLE,Factor[float64]
ts_consolidation_volume_decay,param_count_0,UNAVAILABLE,UNAVAILABLE,Factor[float64]
ts_consolidation_width,param_count_0,UNAVAILABLE,UNAVAILABLE,Factor[float64]
ts_corr,param_count_1,UNAVAILABLE,UNAVAILABLE,Factor[float64]
ts_corr_if,param_count_0,UNAVAILABLE,UNAVAILABLE,Factor[float64]
ts_count_if,param_count_0,UNAVAILABLE,UNAVAILABLE,Factor[float64]
ts_cov,param_count_1,UNAVAILABLE,UNAVAILABLE,Factor[float64]
ts_cov_if,param_count_0,UNAVAILABLE,UNAVAILABLE,Factor[float64]
ts_coverage_ratio,param_count_0,UNAVAILABLE,UNAVAILABLE,Factor[float64]
ts_cpt_value,param_count_0,UNAVAILABLE,UNAVAILABLE,Factor[float64]
ts_cross_spectral_coherence,param_count_0,UNAVAILABLE,UNAVAILABLE,Factor[float64]
ts_cross_spectral_phase,param_count_0,UNAVAILABLE,UNAVAILABLE,Factor[float64]
ts_crossing_acceleration,param_count_0,UNAVAILABLE,UNAVAILABLE,Factor[float64]
ts_crossing_speed,param_count_0,UNAVAILABLE,UNAVAILABLE,Factor[float64]
ts_current_drawdown_area,param_count_0,UNAVAILABLE,UNAVAILABLE,Factor[float64]
ts_current_drawdown_duration,param_count_0,UNAVAILABLE,UNAVAILABLE,Factor[float64]
ts_cusum_pressure,param_count_0,UNAVAILABLE,UNAVAILABLE,Factor[float64]
ts_days_since,param_count_0,UNAVAILABLE,UNAVAILABLE,Factor[float64]
ts_days_since_high,param_count_0,UNAVAILABLE,UNAVAILABLE,Factor[float64]
ts_days_since_low,param_count_0,UNAVAILABLE,UNAVAILABLE,Factor[float64]
ts_decay_exp_window,param_count_0,UNAVAILABLE,UNAVAILABLE,Factor[float64]
ts_decay_linear,param_count_0,UNAVAILABLE,UNAVAILABLE,Factor[float64]
ts_delay,param_count_1,UNAVAILABLE,UNAVAILABLE,Factor[float64]
ts_delay_intrinsic_dimension,param_count_0,UNAVAILABLE,UNAVAILABLE,Factor[float64]
ts_delta,param_count_1,UNAVAILABLE,UNAVAILABLE,Factor[float64]
ts_distance_corr,param_count_0,UNAVAILABLE,UNAVAILABLE,Factor[float64]
ts_distance_correlation_partial_proxy,param_count_0,UNAVAILABLE,UNAVAILABLE,Factor[float64]
ts_distance_cov,param_count_0,UNAVAILABLE,UNAVAILABLE,Factor[float64]
ts_distance_to_high,param_count_0,UNAVAILABLE,UNAVAILABLE,Factor[float64]
ts_distance_to_low,param_count_0,UNAVAILABLE,UNAVAILABLE,Factor[float64]
ts_distance_to_resistance,param_count_0,UNAVAILABLE,UNAVAILABLE,Factor[float64]
ts_distance_to_support,param_count_0,UNAVAILABLE,UNAVAILABLE,Factor[float64]
ts_dominant_cycle_period,param_count_0,UNAVAILABLE,UNAVAILABLE,Factor[float64]
ts_downside_deviation,param_count_0,UNAVAILABLE,UNAVAILABLE,Factor[float64]
ts_edge_effective_spread,param_count_0,UNAVAILABLE,UNAVAILABLE,Factor[float64]
ts_ema,param_count_0,UNAVAILABLE,UNAVAILABLE,Factor[float64]
ts_endpoint_deviation,param_count_0,UNAVAILABLE,UNAVAILABLE,Factor[float64]
ts_energy_break_score,param_count_0,UNAVAILABLE,UNAVAILABLE,Factor[float64]
ts_envelope_boundary_dwell,param_count_0,UNAVAILABLE,UNAVAILABLE,Factor[float64]
ts_envelope_compression,param_count_0,UNAVAILABLE,UNAVAILABLE,Factor[float64]
ts_envelope_pressure,param_count_0,UNAVAILABLE,UNAVAILABLE,Factor[float64]
ts_event_spacing_cv,param_count_0,UNAVAILABLE,UNAVAILABLE,Factor[float64]
ts_event_spacing_mean,param_count_0,UNAVAILABLE,UNAVAILABLE,Factor[float64]
ts_ewm_corr,param_count_0,UNAVAILABLE,UNAVAILABLE,Factor[float64]
ts_ewm_cov,param_count_0,UNAVAILABLE,UNAVAILABLE,Factor[float64]
ts_ewm_std,param_count_0,UNAVAILABLE,UNAVAILABLE,Factor[float64]
ts_ewm_var,param_count_0,UNAVAILABLE,UNAVAILABLE,Factor[float64]
ts_expected_shortfall,param_count_0,UNAVAILABLE,UNAVAILABLE,Factor[float64]
ts_expected_shortfall_asymmetry,param_count_0,UNAVAILABLE,UNAVAILABLE,Factor[float64]
ts_expectile_beta_spread,param_count_0,UNAVAILABLE,UNAVAILABLE,Factor[float64]
ts_expectile_regression_coeff_prior,param_count_0,UNAVAILABLE,UNAVAILABLE,Factor[float64]
ts_expectile_regression_forecast_error,param_count_0,UNAVAILABLE,UNAVAILABLE,Factor[float64]
ts_extrema_confirmation_rate,param_count_0,UNAVAILABLE,UNAVAILABLE,Factor[float64]
ts_extrema_divergence_strength,param_count_0,UNAVAILABLE,UNAVAILABLE,Factor[float64]
ts_extremal_index,param_count_0,UNAVAILABLE,UNAVAILABLE,Factor[float64]
ts_extreme_cluster_ratio,param_count_0,UNAVAILABLE,UNAVAILABLE,Factor[float64]
ts_ffill_limited,param_count_0,UNAVAILABLE,UNAVAILABLE,Factor[float64]
ts_first_passage_bias,param_count_0,UNAVAILABLE,UNAVAILABLE,Factor[float64]
ts_first_passage_conditional_time,param_count_0,UNAVAILABLE,UNAVAILABLE,Factor[float64]
ts_first_passage_hit_probability,param_count_0,UNAVAILABLE,UNAVAILABLE,Factor[float64]
ts_forbidden_ordinal_pattern_ratio,param_count_0,UNAVAILABLE,UNAVAILABLE,Factor[float64]
ts_fractional_difference,param_count_0,UNAVAILABLE,UNAVAILABLE,Factor[float64]
ts_gap_fill_ratio,param_count_0,UNAVAILABLE,UNAVAILABLE,Factor[float64]
ts_gap_reversion_ratio,param_count_0,UNAVAILABLE,UNAVAILABLE,Factor[float64]
ts_gap_survival_duration,param_count_0,UNAVAILABLE,UNAVAILABLE,Factor[float64]
ts_generalized_hurst_exponent,param_count_0,UNAVAILABLE,UNAVAILABLE,Factor[float64]
ts_generalized_hurst_spread_q1_q4,param_count_0,UNAVAILABLE,UNAVAILABLE,Factor[float64]
ts_glr_mean_shift_score,param_count_0,UNAVAILABLE,UNAVAILABLE,Factor[float64]
ts_glr_variance_shift_score,param_count_0,UNAVAILABLE,UNAVAILABLE,Factor[float64]
ts_gpd_shape_pwm,param_count_0,UNAVAILABLE,UNAVAILABLE,Factor[float64]
ts_hampel_filter_causal,param_count_0,UNAVAILABLE,UNAVAILABLE,Factor[float64]
ts_hankel_effective_rank,param_count_0,UNAVAILABLE,UNAVAILABLE,Factor[float64]
ts_hankel_singular_gap,param_count_0,UNAVAILABLE,UNAVAILABLE,Factor[float64]
ts_hartigan_dip,param_count_0,UNAVAILABLE,UNAVAILABLE,Factor[float64]
ts_higuchi_fractal_dimension,param_count_0,UNAVAILABLE,UNAVAILABLE,Factor[float64]
ts_hill_tail_index,param_count_0,UNAVAILABLE,UNAVAILABLE,Factor[float64]
ts_hsic,param_count_0,UNAVAILABLE,UNAVAILABLE,Factor[float64]
ts_huber_regression_coeff_prior,param_count_0,UNAVAILABLE,UNAVAILABLE,Factor[float64]
ts_huber_regression_forecast_error,param_count_0,UNAVAILABLE,UNAVAILABLE,Factor[float64]
ts_huber_regression_forecast_error_z,param_count_0,UNAVAILABLE,UNAVAILABLE,Factor[float64]
ts_hurst_dfa,param_count_0,UNAVAILABLE,UNAVAILABLE,Factor[float64]
ts_hvg_degree_entropy,param_count_0,UNAVAILABLE,UNAVAILABLE,Factor[float64]
ts_hvg_forward_backward_asymmetry,param_count_0,UNAVAILABLE,UNAVAILABLE,Factor[float64]
ts_hysteresis_age,param_count_0,UNAVAILABLE,UNAVAILABLE,Factor[float64]
ts_hysteresis_state,param_count_0,UNAVAILABLE,UNAVAILABLE,Factor[float64]
ts_impulse_return,param_count_0,UNAVAILABLE,UNAVAILABLE,Factor[float64]
ts_impulse_strength,param_count_0,UNAVAILABLE,UNAVAILABLE,Factor[float64]
ts_impulse_volume,param_count_0,UNAVAILABLE,UNAVAILABLE,Factor[float64]
ts_industry_liquidity_beta,param_count_0,UNAVAILABLE,UNAVAILABLE,Factor[float64]
ts_interval_exploration_efficiency,param_count_0,UNAVAILABLE,UNAVAILABLE,Factor[float64]
ts_interval_nesting_depth,param_count_0,UNAVAILABLE,UNAVAILABLE,Factor[float64]
ts_interval_occupancy_entropy,param_count_0,UNAVAILABLE,UNAVAILABLE,Factor[float64]
ts_interval_occupancy_mode_distance,param_count_0,UNAVAILABLE,UNAVAILABLE,Factor[float64]
ts_interval_overlap_connected_component_ratio,param_count_0,UNAVAILABLE,UNAVAILABLE,Factor[float64]
ts_interval_union_coverage,param_count_0,UNAVAILABLE,UNAVAILABLE,Factor[float64]
ts_joint_energy_shift,param_count_0,UNAVAILABLE,UNAVAILABLE,Factor[float64]
ts_jump_bipower_proxy,param_count_0,UNAVAILABLE,UNAVAILABLE,Factor[float64]
ts_kama,param_count_0,UNAVAILABLE,UNAVAILABLE,Factor[float64]
ts_km_diffusion_gradient,param_count_0,UNAVAILABLE,UNAVAILABLE,Factor[float64]
ts_km_equilibrium_distance,param_count_0,UNAVAILABLE,UNAVAILABLE,Factor[float64]
ts_km_quasipotential_depth,param_count_0,UNAVAILABLE,UNAVAILABLE,Factor[float64]
ts_kramers_moyal_local_stability,param_count_0,UNAVAILABLE,UNAVAILABLE,Factor[float64]
ts_ks_shift,param_count_0,UNAVAILABLE,UNAVAILABLE,Factor[float64]
ts_kurt,param_count_0,UNAVAILABLE,UNAVAILABLE,Factor[float64]
ts_l_kurtosis,param_count_0,UNAVAILABLE,UNAVAILABLE,Factor[float64]
ts_l_skewness,param_count_0,UNAVAILABLE,UNAVAILABLE,Factor[float64]
ts_lag_of_peak_corr,param_count_0,UNAVAILABLE,UNAVAILABLE,Factor[float64]
ts_lagged_mutual_information,param_count_0,UNAVAILABLE,UNAVAILABLE,Factor[float64]
ts_last_if,param_count_0,UNAVAILABLE,UNAVAILABLE,Factor[float64]
ts_last_pivot_high,param_count_0,UNAVAILABLE,UNAVAILABLE,Factor[float64]
ts_last_pivot_low,param_count_0,UNAVAILABLE,UNAVAILABLE,Factor[float64]
ts_lempel_ziv_complexity,param_count_0,UNAVAILABLE,UNAVAILABLE,Factor[float64]
ts_level_shift_score,param_count_0,UNAVAILABLE,UNAVAILABLE,Factor[float64]
ts_leverage_effect,param_count_0,UNAVAILABLE,UNAVAILABLE,Factor[float64]
ts_line_convergence,param_count_0,UNAVAILABLE,UNAVAILABLE,Factor[float64]
ts_line_parallelism,param_count_0,UNAVAILABLE,UNAVAILABLE,Factor[float64]
ts_location_shift,param_count_0,UNAVAILABLE,UNAVAILABLE,Factor[float64]
ts_log_return,param_count_1,UNAVAILABLE,UNAVAILABLE,Factor[float64]
ts_lower_partial_moment,param_count_0,UNAVAILABLE,UNAVAILABLE,Factor[float64]
ts_lower_tail_coexceedance_probability,param_count_0,UNAVAILABLE,UNAVAILABLE,Factor[float64]
ts_mad,param_count_0,UNAVAILABLE,UNAVAILABLE,Factor[float64]
ts_market_liquidity_beta,param_count_0,UNAVAILABLE,UNAVAILABLE,Factor[float64]
ts_markov_committor,param_count_0,UNAVAILABLE,UNAVAILABLE,Factor[float64]
ts_markov_mean_first_passage_time,param_count_0,UNAVAILABLE,UNAVAILABLE,Factor[float64]
ts_markov_persistence,param_count_0,UNAVAILABLE,UNAVAILABLE,Factor[float64]
ts_markov_spectral_gap,param_count_0,UNAVAILABLE,UNAVAILABLE,Factor[float64]
ts_markov_state_entropy,param_count_0,UNAVAILABLE,UNAVAILABLE,Factor[float64]
ts_markov_stationary_surprisal,param_count_0,UNAVAILABLE,UNAVAILABLE,Factor[float64]
ts_markov_transition_surprisal,param_count_0,UNAVAILABLE,UNAVAILABLE,Factor[float64]
ts_mass_concentration,param_count_0,UNAVAILABLE,UNAVAILABLE,Factor[float64]
ts_matrix_profile_motif_age,param_count_0,UNAVAILABLE,UNAVAILABLE,Factor[float64]
ts_matrix_profile_novelty,param_count_0,UNAVAILABLE,UNAVAILABLE,Factor[float64]
ts_max,param_count_1,UNAVAILABLE,UNAVAILABLE,Factor[float64]
ts_max_buildup,param_count_0,UNAVAILABLE,UNAVAILABLE,Factor[float64]
ts_max_chord_excursion,param_count_0,UNAVAILABLE,UNAVAILABLE,Factor[float64]
ts_max_drawdown,param_count_0,UNAVAILABLE,UNAVAILABLE,Factor[float64]
ts_max_drawdown_activity_cost,param_count_0,UNAVAILABLE,UNAVAILABLE,Factor[float64]
ts_max_if,param_count_0,UNAVAILABLE,UNAVAILABLE,Factor[float64]
ts_mean,param_count_1,UNAVAILABLE,UNAVAILABLE,Factor[float64]
ts_mean_excess_slope,param_count_0,UNAVAILABLE,UNAVAILABLE,Factor[float64]
ts_mean_if,param_count_0,UNAVAILABLE,UNAVAILABLE,Factor[float64]
ts_median,param_count_1,UNAVAILABLE,UNAVAILABLE,Factor[float64]
ts_median3_causal,param_count_0,UNAVAILABLE,UNAVAILABLE,Factor[float64]
ts_min,param_count_1,UNAVAILABLE,UNAVAILABLE,Factor[float64]
ts_min_if,param_count_0,UNAVAILABLE,UNAVAILABLE,Factor[float64]
ts_mmd_rbf_shift,param_count_0,UNAVAILABLE,UNAVAILABLE,Factor[float64]
ts_moment,param_count_0,UNAVAILABLE,UNAVAILABLE,Factor[float64]
ts_monotonicity,param_count_0,UNAVAILABLE,UNAVAILABLE,Factor[float64]
ts_multi_regression_adjusted_r2_prior,param_count_0,UNAVAILABLE,UNAVAILABLE,Factor[float64]
ts_multi_regression_coeff_prior,param_count_0,UNAVAILABLE,UNAVAILABLE,Factor[float64]
ts_multi_regression_coeff_stability,param_count_0,UNAVAILABLE,UNAVAILABLE,Factor[float64]
ts_multi_regression_forecast_error,param_count_0,UNAVAILABLE,UNAVAILABLE,Factor[float64]
ts_multi_regression_forecast_error_z,param_count_0,UNAVAILABLE,UNAVAILABLE,Factor[float64]
ts_multi_regression_r2_prior,param_count_0,UNAVAILABLE,UNAVAILABLE,Factor[float64]
ts_multifractal_curvature,param_count_0,UNAVAILABLE,UNAVAILABLE,Factor[float64]
ts_multifractal_spectrum_width,param_count_0,UNAVAILABLE,UNAVAILABLE,Factor[float64]
ts_multiscale_trend_consensus,param_count_0,UNAVAILABLE,UNAVAILABLE,Factor[float64]
ts_multiscale_trend_curvature,param_count_0,UNAVAILABLE,UNAVAILABLE,Factor[float64]
ts_multiscale_trend_dispersion,param_count_0,UNAVAILABLE,UNAVAILABLE,Factor[float64]
ts_mutual_information,param_count_0,UNAVAILABLE,UNAVAILABLE,Factor[float64]
ts_nearest_structural_level_distance,param_count_0,UNAVAILABLE,UNAVAILABLE,Factor[float64]
ts_negative_ratio,param_count_0,UNAVAILABLE,UNAVAILABLE,Factor[float64]
ts_new_high,param_count_0,UNAVAILABLE,UNAVAILABLE,Factor[float64]
ts_new_low,param_count_0,UNAVAILABLE,UNAVAILABLE,Factor[float64]
ts_nth_pivot_high,param_count_0,UNAVAILABLE,UNAVAILABLE,Factor[float64]
ts_nth_pivot_high_age,param_count_0,UNAVAILABLE,UNAVAILABLE,Factor[float64]
ts_nth_pivot_low,param_count_0,UNAVAILABLE,UNAVAILABLE,Factor[float64]
ts_nth_pivot_low_age,param_count_0,UNAVAILABLE,UNAVAILABLE,Factor[float64]
ts_nth_value,param_count_0,UNAVAILABLE,UNAVAILABLE,Factor[float64]
ts_opening_mispricing_score,param_count_0,UNAVAILABLE,UNAVAILABLE,Factor[float64]
ts_ordinal_irreversibility,param_count_0,UNAVAILABLE,UNAVAILABLE,Factor[float64]
ts_overnight_intraday_cov,param_count_0,UNAVAILABLE,UNAVAILABLE,Factor[float64]
ts_overnight_intraday_sign_agreement,param_count_0,UNAVAILABLE,UNAVAILABLE,Factor[float64]
ts_overnight_intraday_spread,param_count_0,UNAVAILABLE,UNAVAILABLE,Factor[float64]
ts_partial_corr,param_count_0,UNAVAILABLE,UNAVAILABLE,Factor[float64]
ts_path_efficiency,param_count_0,UNAVAILABLE,UNAVAILABLE,Factor[float64]
ts_pattern_symmetry,param_count_0,UNAVAILABLE,UNAVAILABLE,Factor[float64]
ts_pct,param_count_1,UNAVAILABLE,UNAVAILABLE,Factor[float64]
ts_permutation_entropy,param_count_0,UNAVAILABLE,UNAVAILABLE,Factor[float64]
ts_permutation_transition_entropy,param_count_0,UNAVAILABLE,UNAVAILABLE,Factor[float64]
ts_persistence_entropy_h0,param_count_0,UNAVAILABLE,UNAVAILABLE,Factor[float64]
ts_persistence_entropy_h1,param_count_0,UNAVAILABLE,UNAVAILABLE,Factor[float64]
ts_pivot_high_age,param_count_0,UNAVAILABLE,UNAVAILABLE,Factor[float64]
ts_pivot_high_count,param_count_0,UNAVAILABLE,UNAVAILABLE,Factor[float64]
ts_pivot_high_spacing,param_count_0,UNAVAILABLE,UNAVAILABLE,Factor[float64]
ts_pivot_low_age,param_count_0,UNAVAILABLE,UNAVAILABLE,Factor[float64]
ts_pivot_low_count,param_count_0,UNAVAILABLE,UNAVAILABLE,Factor[float64]
ts_pivot_low_spacing,param_count_0,UNAVAILABLE,UNAVAILABLE,Factor[float64]
ts_poly2_coeff,param_count_0,UNAVAILABLE,UNAVAILABLE,Factor[float64]
ts_poly2_resid,param_count_0,UNAVAILABLE,UNAVAILABLE,Factor[float64]
ts_positive_ratio,param_count_0,UNAVAILABLE,UNAVAILABLE,Factor[float64]
ts_prev_high,param_count_0,UNAVAILABLE,UNAVAILABLE,Factor[float64]
ts_prev_low,param_count_0,UNAVAILABLE,UNAVAILABLE,Factor[float64]
ts_price_delay,param_count_0,UNAVAILABLE,UNAVAILABLE,Factor[float64]
ts_product,param_count_0,UNAVAILABLE,UNAVAILABLE,Factor[float64]
ts_qn_scale,param_count_0,UNAVAILABLE,UNAVAILABLE,Factor[float64]
ts_quantile,param_count_0,UNAVAILABLE,UNAVAILABLE,Factor[float64]
ts_quantile_beta_spread,param_count_0,UNAVAILABLE,UNAVAILABLE,Factor[float64]
ts_quantile_if,param_count_0,UNAVAILABLE,UNAVAILABLE,Factor[float64]
ts_quantile_kurtosis,param_count_0,UNAVAILABLE,UNAVAILABLE,Factor[float64]
ts_quantile_range,param_count_0,UNAVAILABLE,UNAVAILABLE,Factor[float64]
ts_quantile_skew,param_count_0,UNAVAILABLE,UNAVAILABLE,Factor[float64]
ts_quantile_transport_curvature,param_count_0,UNAVAILABLE,UNAVAILABLE,Factor[float64]
ts_quantile_transport_slope,param_count_0,UNAVAILABLE,UNAVAILABLE,Factor[float64]
ts_range_expansion,param_count_0,UNAVAILABLE,UNAVAILABLE,Factor[float64]
ts_rank,param_count_1,UNAVAILABLE,UNAVAILABLE,Factor[float64]
ts_rank_if,param_count_0,UNAVAILABLE,UNAVAILABLE,Factor[float64]
ts_ratio,param_count_0,UNAVAILABLE,UNAVAILABLE,Factor[float64]
ts_realized_quarticity,param_count_0,UNAVAILABLE,UNAVAILABLE,Factor[float64]
ts_recovery_fraction,param_count_0,UNAVAILABLE,UNAVAILABLE,Factor[float64]
ts_recurrence_determinism,param_count_0,UNAVAILABLE,UNAVAILABLE,Factor[float64]
ts_recurrence_diagonal_entropy,param_count_0,UNAVAILABLE,UNAVAILABLE,Factor[float64]
ts_recurrence_divergence,param_count_0,UNAVAILABLE,UNAVAILABLE,Factor[float64]
ts_recurrence_laminarity,param_count_0,UNAVAILABLE,UNAVAILABLE,Factor[float64]
ts_recurrence_rate,param_count_0,UNAVAILABLE,UNAVAILABLE,Factor[float64]
ts_recurrence_trapping_time,param_count_0,UNAVAILABLE,UNAVAILABLE,Factor[float64]
ts_regression_forecast_error,param_count_0,UNAVAILABLE,UNAVAILABLE,Factor[float64]
ts_regression_forecast_error_z,param_count_0,UNAVAILABLE,UNAVAILABLE,Factor[float64]
ts_regression_in_sample_resid,param_count_0,UNAVAILABLE,UNAVAILABLE,Factor[float64]
ts_regression_intercept,param_count_0,UNAVAILABLE,UNAVAILABLE,Factor[float64]
ts_regression_r2,param_count_0,UNAVAILABLE,UNAVAILABLE,Factor[float64]
ts_regression_resid,param_count_0,UNAVAILABLE,UNAVAILABLE,Factor[float64]
ts_regression_resid_if,param_count_0,UNAVAILABLE,UNAVAILABLE,Factor[float64]
ts_regression_resid_mean,param_count_0,UNAVAILABLE,UNAVAILABLE,Factor[float64]
ts_regression_slope,param_count_0,UNAVAILABLE,UNAVAILABLE,Factor[float64]
ts_regression_tstat,param_count_0,UNAVAILABLE,UNAVAILABLE,Factor[float64]
ts_resistance_break,param_count_0,UNAVAILABLE,UNAVAILABLE,Factor[float64]
ts_resistance_fit_r2,param_count_0,UNAVAILABLE,UNAVAILABLE,Factor[float64]
ts_resistance_level,param_count_0,UNAVAILABLE,UNAVAILABLE,Factor[float64]
ts_resistance_slope,param_count_0,UNAVAILABLE,UNAVAILABLE,Factor[float64]
ts_response_slope_asymmetry,param_count_0,UNAVAILABLE,UNAVAILABLE,Factor[float64]
ts_ridge_regression_coeff_prior,param_count_0,UNAVAILABLE,UNAVAILABLE,Factor[float64]
ts_ridge_regression_forecast_error,param_count_0,UNAVAILABLE,UNAVAILABLE,Factor[float64]
ts_ridge_regression_forecast_error_z,param_count_0,UNAVAILABLE,UNAVAILABLE,Factor[float64]
ts_robust_ema,param_count_0,UNAVAILABLE,UNAVAILABLE,Factor[float64]
ts_robust_zscore_inclusive,param_count_0,UNAVAILABLE,UNAVAILABLE,Factor[float64]
ts_robust_zscore_prior,param_count_0,UNAVAILABLE,UNAVAILABLE,Factor[float64]
ts_rolling_median_causal,param_count_0,UNAVAILABLE,UNAVAILABLE,Factor[float64]
ts_roughness,param_count_0,UNAVAILABLE,UNAVAILABLE,Factor[float64]
ts_run_concentration,param_count_0,UNAVAILABLE,UNAVAILABLE,Factor[float64]
ts_run_efficiency,param_count_0,UNAVAILABLE,UNAVAILABLE,Factor[float64]
ts_run_strength,param_count_0,UNAVAILABLE,UNAVAILABLE,Factor[float64]
ts_sample_entropy,param_count_0,UNAVAILABLE,UNAVAILABLE,Factor[float64]
ts_scale_shift,param_count_0,UNAVAILABLE,UNAVAILABLE,Factor[float64]
ts_semivariance_balance,param_count_0,UNAVAILABLE,UNAVAILABLE,Factor[float64]
ts_sharpe,param_count_1,UNAVAILABLE,UNAVAILABLE,Factor[float64]
ts_sign_cluster_index,param_count_0,UNAVAILABLE,UNAVAILABLE,Factor[float64]
ts_sign_persistence,param_count_0,UNAVAILABLE,UNAVAILABLE,Factor[float64]
ts_skew,param_count_0,UNAVAILABLE,UNAVAILABLE,Factor[float64]
ts_sma_cn,param_count_0,UNAVAILABLE,UNAVAILABLE,Factor[float64]
ts_spectral_centroid,param_count_0,UNAVAILABLE,UNAVAILABLE,Factor[float64]
ts_spectral_entropy,param_count_0,UNAVAILABLE,UNAVAILABLE,Factor[float64]
ts_spectral_flatness,param_count_0,UNAVAILABLE,UNAVAILABLE,Factor[float64]
ts_spectral_peak_concentration,param_count_0,UNAVAILABLE,UNAVAILABLE,Factor[float64]
ts_spectral_quality_factor,param_count_0,UNAVAILABLE,UNAVAILABLE,Factor[float64]
ts_ssa_reconstruction_residual,param_count_0,UNAVAILABLE,UNAVAILABLE,Factor[float64]
ts_staleness,param_count_0,UNAVAILABLE,UNAVAILABLE,Factor[float64]
ts_state_age_percentile,param_count_0,UNAVAILABLE,UNAVAILABLE,Factor[float64]
ts_state_density,param_count_0,UNAVAILABLE,UNAVAILABLE,Factor[float64]
ts_state_entry_strength,param_count_0,UNAVAILABLE,UNAVAILABLE,Factor[float64]
ts_state_exit_hazard,param_count_0,UNAVAILABLE,UNAVAILABLE,Factor[float64]
ts_state_integral,param_count_0,UNAVAILABLE,UNAVAILABLE,Factor[float64]
ts_state_residual_life,param_count_0,UNAVAILABLE,UNAVAILABLE,Factor[float64]
ts_std,param_count_1,UNAVAILABLE,UNAVAILABLE,Factor[float64]
ts_std_if,param_count_0,UNAVAILABLE,UNAVAILABLE,Factor[float64]
ts_stratified_mean_spread,param_count_0,UNAVAILABLE,UNAVAILABLE,Factor[float64]
ts_structural_level_density,param_count_0,UNAVAILABLE,UNAVAILABLE,Factor[float64]
ts_structural_level_strength,param_count_0,UNAVAILABLE,UNAVAILABLE,Factor[float64]
ts_sum,param_count_1,UNAVAILABLE,UNAVAILABLE,Factor[float64]
ts_sum_decay,param_count_0,UNAVAILABLE,UNAVAILABLE,Factor[float64]
ts_sum_if,param_count_0,UNAVAILABLE,UNAVAILABLE,Factor[float64]
ts_super_smoother,param_count_0,UNAVAILABLE,UNAVAILABLE,Factor[float64]
ts_support_break,param_count_0,UNAVAILABLE,UNAVAILABLE,Factor[float64]
ts_support_fit_r2,param_count_0,UNAVAILABLE,UNAVAILABLE,Factor[float64]
ts_support_level,param_count_0,UNAVAILABLE,UNAVAILABLE,Factor[float64]
ts_support_slope,param_count_0,UNAVAILABLE,UNAVAILABLE,Factor[float64]
ts_swing_amplitude,param_count_0,UNAVAILABLE,UNAVAILABLE,Factor[float64]
ts_swing_amplitude_atr,param_count_0,UNAVAILABLE,UNAVAILABLE,Factor[float64]
ts_swing_amplitude_pct,param_count_0,UNAVAILABLE,UNAVAILABLE,Factor[float64]
ts_swing_duration,param_count_0,UNAVAILABLE,UNAVAILABLE,Factor[float64]
ts_swing_velocity,param_count_0,UNAVAILABLE,UNAVAILABLE,Factor[float64]
ts_tail_imbalance,param_count_0,UNAVAILABLE,UNAVAILABLE,Factor[float64]
ts_tail_mean,param_count_0,UNAVAILABLE,UNAVAILABLE,Factor[float64]
ts_tail_ratio,param_count_0,UNAVAILABLE,UNAVAILABLE,Factor[float64]
ts_threshold_cycle_asymmetry,param_count_0,UNAVAILABLE,UNAVAILABLE,Factor[float64]
ts_threshold_cycle_period,param_count_0,UNAVAILABLE,UNAVAILABLE,Factor[float64]
ts_time_since_change,param_count_0,UNAVAILABLE,UNAVAILABLE,Factor[float64]
ts_time_slope,param_count_0,UNAVAILABLE,UNAVAILABLE,Factor[float64]
ts_time_under_water,param_count_0,UNAVAILABLE,UNAVAILABLE,Factor[float64]
ts_topk_mean,param_count_0,UNAVAILABLE,UNAVAILABLE,Factor[float64]
ts_topk_std,param_count_0,UNAVAILABLE,UNAVAILABLE,Factor[float64]
ts_topk_sum,param_count_0,UNAVAILABLE,UNAVAILABLE,Factor[float64]
ts_transfer_entropy_peak_lag,param_count_0,UNAVAILABLE,UNAVAILABLE,Factor[float64]
ts_transfer_entropy_peak_strength,param_count_0,UNAVAILABLE,UNAVAILABLE,Factor[float64]
ts_transition_count,param_count_0,UNAVAILABLE,UNAVAILABLE,Factor[float64]
ts_transition_intensity,param_count_0,UNAVAILABLE,UNAVAILABLE,Factor[float64]
ts_trend_break_score,param_count_0,UNAVAILABLE,UNAVAILABLE,Factor[float64]
ts_trend_tstat,param_count_0,UNAVAILABLE,UNAVAILABLE,Factor[float64]
ts_trimmed_mean,param_count_0,UNAVAILABLE,UNAVAILABLE,Factor[float64]
ts_true_streak,param_count_0,UNAVAILABLE,UNAVAILABLE,Factor[float64]
ts_turning_intensity,param_count_0,UNAVAILABLE,UNAVAILABLE,Factor[float64]
ts_turning_rate,param_count_0,UNAVAILABLE,UNAVAILABLE,Factor[float64]
ts_turnover_age_dispersion,param_count_0,UNAVAILABLE,UNAVAILABLE,Factor[float64]
ts_turnover_cost_dispersion,param_count_0,UNAVAILABLE,UNAVAILABLE,Factor[float64]
ts_turnover_cost_entropy,param_count_0,UNAVAILABLE,UNAVAILABLE,Factor[float64]
ts_turnover_cost_mode_distance,param_count_0,UNAVAILABLE,UNAVAILABLE,Factor[float64]
ts_turnover_cost_quantile_distance,param_count_0,UNAVAILABLE,UNAVAILABLE,Factor[float64]
ts_turnover_cost_skew,param_count_0,UNAVAILABLE,UNAVAILABLE,Factor[float64]
ts_turnover_holding_age,param_count_0,UNAVAILABLE,UNAVAILABLE,Factor[float64]
ts_turnover_near_cost_mass,param_count_0,UNAVAILABLE,UNAVAILABLE,Factor[float64]
ts_turnover_profit_share,param_count_0,UNAVAILABLE,UNAVAILABLE,Factor[float64]
ts_turnover_reference_price,param_count_0,UNAVAILABLE,UNAVAILABLE,Factor[float64]
ts_upper_partial_moment,param_count_0,UNAVAILABLE,UNAVAILABLE,Factor[float64]
ts_upper_tail_coexceedance_probability,param_count_0,UNAVAILABLE,UNAVAILABLE,Factor[float64]
ts_upside_deviation,param_count_0,UNAVAILABLE,UNAVAILABLE,Factor[float64]
ts_valid_count,param_count_0,UNAVAILABLE,UNAVAILABLE,Factor[float64]
ts_value_at_argextreme,param_count_0,UNAVAILABLE,UNAVAILABLE,Factor[float64]
ts_var,param_count_1,UNAVAILABLE,UNAVAILABLE,Factor[float64]
ts_variance_ratio_slope,param_count_0,UNAVAILABLE,UNAVAILABLE,Factor[float64]
ts_variogram_slope,param_count_0,UNAVAILABLE,UNAVAILABLE,Factor[float64]
ts_vector_path_curvature,param_count_0,UNAVAILABLE,UNAVAILABLE,Factor[float64]
ts_vector_path_efficiency,param_count_0,UNAVAILABLE,UNAVAILABLE,Factor[float64]
ts_vector_self_intersection_rate,param_count_0,UNAVAILABLE,UNAVAILABLE,Factor[float64]
ts_vector_state_local_density,param_count_0,UNAVAILABLE,UNAVAILABLE,Factor[float64]
ts_vector_state_mahalanobis,param_count_0,UNAVAILABLE,UNAVAILABLE,Factor[float64]
ts_vector_turning_coherence,param_count_0,UNAVAILABLE,UNAVAILABLE,Factor[float64]
ts_vol_acceleration,param_count_0,UNAVAILABLE,UNAVAILABLE,Factor[float64]
ts_vol_clustering,param_count_0,UNAVAILABLE,UNAVAILABLE,Factor[float64]
ts_vol_of_vol,param_count_0,UNAVAILABLE,UNAVAILABLE,Factor[float64]
ts_vol_pvariation_roughness,param_count_0,UNAVAILABLE,UNAVAILABLE,Factor[float64]
ts_vol_scaling_break,param_count_0,UNAVAILABLE,UNAVAILABLE,Factor[float64]
ts_vol_shift_score,param_count_0,UNAVAILABLE,UNAVAILABLE,Factor[float64]
ts_vol_term_structure,param_count_0,UNAVAILABLE,UNAVAILABLE,Factor[float64]
ts_wasserstein_shift,param_count_0,UNAVAILABLE,UNAVAILABLE,Factor[float64]
ts_weighted_drawdown_area,param_count_0,UNAVAILABLE,UNAVAILABLE,Factor[float64]
ts_weighted_expected_shortfall,param_count_0,UNAVAILABLE,UNAVAILABLE,Factor[float64]
ts_weighted_permutation_entropy,param_count_0,UNAVAILABLE,UNAVAILABLE,Factor[float64]
ts_weighted_semivariance,param_count_0,UNAVAILABLE,UNAVAILABLE,Factor[float64]
ts_weighted_standardized_moment,param_count_0,UNAVAILABLE,UNAVAILABLE,Factor[float64]
ts_weighted_time_centroid,param_count_0,UNAVAILABLE,UNAVAILABLE,Factor[float64]
ts_zero_ratio,param_count_0,UNAVAILABLE,UNAVAILABLE,Factor[float64]
ts_zscore,param_count_1,UNAVAILABLE,UNAVAILABLE,Factor[float64]
turnover_acceleration,param_count_0,UNAVAILABLE,UNAVAILABLE,Factor[float64]
turnover_adjusted_volatility,param_count_0,UNAVAILABLE,UNAVAILABLE,Factor[float64]
turnover_autocorr,param_count_0,UNAVAILABLE,UNAVAILABLE,Factor[float64]
turnover_momentum,param_count_0,UNAVAILABLE,UNAVAILABLE,Factor[float64]
turnover_shock,param_count_0,UNAVAILABLE,UNAVAILABLE,Factor[float64]
turnover_volatility,param_count_0,UNAVAILABLE,UNAVAILABLE,Factor[float64]
turnover_zscore,param_count_0,UNAVAILABLE,UNAVAILABLE,Factor[float64]
ulcer_index,param_count_0,UNAVAILABLE,UNAVAILABLE,Factor[float64]
unitize,param_count_0,UNAVAILABLE,UNAVAILABLE,Factor[float64]
up_down_volume_ratio,param_count_0,UNAVAILABLE,UNAVAILABLE,Factor[float64]
up_volume_ratio,param_count_0,UNAVAILABLE,UNAVAILABLE,Factor[float64]
valuation_cashflow_disagreement,param_count_0,UNAVAILABLE,UNAVAILABLE,Factor[float64]
valuation_growth_mismatch,param_count_0,UNAVAILABLE,UNAVAILABLE,Factor[float64]
valuation_quality_mismatch,param_count_0,UNAVAILABLE,UNAVAILABLE,Factor[float64]
volume_acceleration,param_count_0,UNAVAILABLE,UNAVAILABLE,Factor[float64]
volume_autocorr,param_count_0,UNAVAILABLE,UNAVAILABLE,Factor[float64]
volume_momentum,param_count_0,UNAVAILABLE,UNAVAILABLE,Factor[float64]
volume_price_range_density,param_count_0,UNAVAILABLE,UNAVAILABLE,Factor[float64]
volume_shock,param_count_0,UNAVAILABLE,UNAVAILABLE,Factor[float64]
volume_volatility,param_count_0,UNAVAILABLE,UNAVAILABLE,Factor[float64]
volume_weighted_momentum,param_count_0,UNAVAILABLE,UNAVAILABLE,Factor[float64]
volume_weighted_return,param_count_0,UNAVAILABLE,UNAVAILABLE,Factor[float64]
volume_zscore,param_count_0,UNAVAILABLE,UNAVAILABLE,Factor[float64]
vwap_deviation,param_count_0,UNAVAILABLE,UNAVAILABLE,Factor[float64]
vwap_to_close_return,param_count_0,UNAVAILABLE,UNAVAILABLE,Factor[float64]
where,param_count_1,UNAVAILABLE,UNAVAILABLE,Factor[float64]
winsorize,param_count_1,UNAVAILABLE,UNAVAILABLE,Factor[float64]
winsorize_mean,param_count_0,UNAVAILABLE,UNAVAILABLE,Factor[float64]
yang_zhang_vol,param_count_0,UNAVAILABLE,UNAVAILABLE,Factor[float64]
zero_return_ratio,param_count_0,UNAVAILABLE,UNAVAILABLE,Factor[float64]
zmijewski_score,param_count_0,UNAVAILABLE,UNAVAILABLE,Factor[float64]
zscore,param_count_1,UNAVAILABLE,UNAVAILABLE,Factor[float64]
